#include "Game/FE/LidOpenMessage.h"

#include "Game/NetworkSession.h"
#include "Game/Task/ResetTask.h"
#include "Game/main.h"
#include "NL/gl/glPlat.h"
#include "NL/globalpad.h"
#include "NL/glx/glxSwap.h"
#include "NL/nlFileGC.h"
#include "NL/nlMemory.h"
#include "types.h"

struct LoadingTextEntry
{
    int x;
    int y;
    unsigned long param;
    const unsigned char* text;
};

namespace HEADER_NoDiskImage_eng
{
const unsigned char g_ImageData[0x88F] = {
    0x00, 0xFF, 0x00, 0xFF, 0x00, 0xFF, 0x00, 0x57, 0xF0, 0x01, 0x00, 0x07, 0xC0, 0x01, 0x00, 0x0C, 0x38, 0x00, 0x1A, 0xF0, 0x01, 0x00, 0x07, 0xC0,
    0x01, 0x00, 0x0C, 0x38, 0x00, 0x1A, 0xF0, 0x01, 0x00, 0x07, 0xC0, 0x01, 0x00, 0x0C, 0x38, 0x00, 0x1A, 0xB8, 0xC3, 0x3D, 0x00, 0x01, 0x1F, 0x6E,
    0x37, 0x3E, 0xDC, 0xC0, 0x3D, 0xF8, 0xF0, 0x03, 0xF0, 0x81, 0x07, 0x1E, 0x8E, 0x73, 0xBB, 0xF1, 0x81, 0x3B, 0x00, 0x1A, 0xB8, 0xC3, 0x7F, 0x80,
    0x3F, 0x7E, 0x3F, 0x7F, 0xFC, 0xC0, 0x7F, 0xFC, 0xF9, 0x07, 0xF8, 0xC3, 0x0F, 0x3F, 0x8E, 0xF3, 0xFB, 0xF9, 0xC3, 0x3F, 0x00, 0x1A, 0xB8, 0xC3,
    0x73, 0xC0, 0x71, 0x1E, 0x8F, 0xF7, 0x3C, 0xC0, 0x73, 0xC6, 0x39, 0x07, 0xBC, 0xE7, 0x9D, 0x77, 0x8E, 0xF3, 0x78, 0x1C, 0xE7, 0x3D, 0x00, 0x1A,
    0x1C, 0xC7, 0x71, 0xC0, 0x71, 0x0E, 0x87, 0xE3, 0x1C, 0xC0, 0x71, 0xE0, 0x79, 0x00, 0x01, 0x1C, 0xE7, 0x88, 0x23, 0x8E, 0x73, 0x38, 0x1C, 0xE7,
    0x38, 0x00, 0x1A, 0xFC, 0xC7, 0x71, 0xC0, 0x7F, 0x0E, 0x87, 0xE3, 0x1C, 0xC0, 0x71, 0xF8, 0xF1, 0x01, 0x1C, 0xE7, 0x80, 0x03, 0x8E, 0x73, 0x38,
    0xFC, 0xE7, 0x38, 0x00, 0x1A, 0xFC, 0xC7, 0x71, 0xC0, 0x7F, 0x0E, 0x87, 0xE3, 0x1C, 0xC0, 0x71, 0xDC, 0xE1, 0x03, 0x1C, 0xE7, 0x80, 0x03, 0x8E,
    0x73, 0x38, 0xFC, 0xE7, 0x38, 0x00, 0x1A, 0xFE, 0xCF, 0x71, 0xC0, 0x01, 0x0E, 0x87, 0xE3, 0x1C, 0xC0, 0x71, 0xCE, 0x81, 0x07, 0x1C, 0xE7, 0x88,
    0x23, 0x8E, 0x73, 0x38, 0x1C, 0xE0, 0x38, 0x00, 0x1A, 0x0E, 0xCE, 0x71, 0xC0, 0x71, 0x0E, 0x87, 0xF7, 0x1C, 0xC0, 0x71, 0xCE, 0x39, 0x07, 0xBC,
    0xE7, 0x9D, 0x77, 0xCE, 0x73, 0x38, 0x1C, 0xE7, 0x3D, 0x07, 0x00, 0x19, 0x0E, 0xCE, 0x71, 0x80, 0x3F, 0x0E, 0x07, 0x7F, 0x1C, 0xC0, 0x71, 0xFE,
    0xF9, 0x07, 0xF8, 0xC3, 0x0F, 0x3F, 0xFE, 0x73, 0x38, 0xF8, 0xC3, 0x3F, 0x07, 0x00, 0x19, 0x07, 0xDC, 0x71, 0x00, 0x01, 0x1F, 0x0E, 0x07, 0x3E,
    0x1C, 0xC0, 0x71, 0xBC, 0xF3, 0x03, 0xF0, 0x81, 0x07, 0x1E, 0xBC, 0x73, 0x38, 0xF0, 0x81, 0x3B, 0x07, 0x00, 0xFF, 0x00, 0xFF, 0x00, 0xFF, 0x00,
    0xFF, 0x00, 0xFF, 0x00, 0xFF, 0x00, 0xFF, 0x00, 0xFF, 0x00, 0xFF, 0x00, 0x50, 0xFE, 0x01, 0x00, 0x05, 0xC6, 0x01, 0x00, 0x02, 0xFE, 0xE7, 0x00,
    0x03, 0x03, 0xFC, 0x07, 0x00, 0x01, 0x18, 0x06, 0x00, 0x0D, 0xE3, 0x00, 0x0E, 0xFE, 0x03, 0x00, 0x05, 0xC7, 0x01, 0x00, 0x02, 0xFE, 0xE7, 0x00,
    0x02, 0x80, 0x03, 0xFC, 0x0F, 0x00, 0x01, 0x1C, 0x07, 0x00, 0x0C, 0x80, 0xE3, 0x00, 0x0E, 0xFE, 0x07, 0x00, 0x05, 0xC7, 0x01, 0x00, 0x02, 0xFE,
    0x07, 0x00, 0x02, 0x80, 0x03, 0xFC, 0x1F, 0x00, 0x01, 0x1C, 0x07, 0x00, 0x0C, 0x80, 0xE3, 0x00, 0x0E, 0x0E, 0xE7, 0xC6, 0x07, 0x3F, 0xFC, 0x80,
    0xDF, 0x3D, 0xF8, 0x00, 0x01, 0x0E, 0xE0, 0xF0, 0x81, 0xC7, 0x0F, 0x1C, 0x9C, 0xE3, 0xFE, 0x1F, 0x1F, 0xEE, 0x01, 0xC0, 0x8D, 0x0F, 0xF7, 0x3C,
    0xF8, 0x70, 0x1C, 0x3E, 0xC0, 0xEF, 0x1E, 0x7C, 0x00, 0x0C, 0x0E, 0xE7, 0xE7, 0x8F, 0x7F, 0xFE, 0x81, 0xDF, 0x7F, 0xFC, 0x01, 0x0E, 0xE0, 0xF8,
    0xC3, 0xCF, 0x0F, 0x1C, 0x9C, 0xE3, 0xFE, 0x9F, 0x3F, 0xFE, 0x03, 0xC0, 0xCF, 0x1F, 0xFF, 0x7F, 0xFC, 0x71, 0x1C, 0x7F, 0xC0, 0xEF, 0x3F, 0xFE,
    0x00, 0x0C, 0xFE, 0xE7, 0x71, 0x9C, 0x73, 0xCE, 0x01, 0xC7, 0x73, 0x8E, 0x03, 0xFE, 0xE7, 0x1C, 0xE7, 0x9D, 0x03, 0xFC, 0x8F, 0xE3, 0x1C, 0xC7,
    0x7B, 0x9E, 0x03, 0xC0, 0xE3, 0x38, 0xCF, 0x73, 0xDE, 0x73, 0x9C, 0xE3, 0x80, 0xE3, 0x39, 0xC7, 0x01, 0x00, 0x0B, 0xFE, 0xE3, 0x70, 0x9C, 0x07,
    0x1E, 0x00, 0x01, 0xC7, 0x71, 0x8E, 0x03, 0xFE, 0xE7, 0x1C, 0xE7, 0x88, 0x03, 0xFC, 0x87, 0xE3, 0x1C, 0xC7, 0x71, 0x8E, 0x03, 0xC0, 0xE1, 0x38,
    0xC7, 0x71, 0x8E, 0xE3, 0x8E, 0xE3, 0x80, 0xE3, 0x38, 0xC7, 0x01, 0x00, 0x0B, 0xFE, 0xE1, 0xF0, 0x1F, 0x1F, 0x7C, 0x00, 0x01, 0xC7, 0x71, 0xFE,
    0x03, 0xFE, 0xE7, 0xFC, 0xE7, 0x80, 0x03, 0xFC, 0x8F, 0xE3, 0x1C, 0xC7, 0x71, 0x8E, 0x03, 0xC0, 0xE1, 0x3F, 0xC7, 0x71, 0x8E, 0xE3, 0x8E, 0xFF,
    0x80, 0xE3, 0x38, 0xFF, 0x01, 0x00, 0x0B, 0x0E, 0xE0, 0xF0, 0x1F, 0x3E, 0xF8, 0x00, 0x01, 0xC7, 0x71, 0xFE, 0x03, 0x0E, 0xE0, 0xFC, 0xE7, 0x80,
    0x03, 0x1C, 0x9C, 0xE3, 0x1C, 0xC7, 0x71, 0x8E, 0x03, 0xC0, 0xE1, 0x3F, 0xC7, 0x71, 0x8E, 0xC3, 0x86, 0xFF, 0x80, 0xE3, 0x38, 0xFF, 0x01, 0x00,
    0x0B, 0x0E, 0xE0, 0x70, 0x00, 0x01, 0x78, 0xE0, 0x01, 0xC7, 0x71, 0x0E, 0x00, 0x01, 0x0E, 0xE0, 0x1C, 0xE0, 0x88, 0x03, 0x1C, 0x9C, 0xE3, 0x1C,
    0xC7, 0x71, 0x8E, 0x03, 0xC0, 0xE1, 0x00, 0x01, 0xC7, 0x71, 0x8E, 0xC3, 0x87, 0x03, 0x80, 0xE3, 0x38, 0x07, 0x00, 0x0C, 0x0E, 0xE0, 0x70, 0x9C,
    0x73, 0xCE, 0x01, 0xC7, 0x71, 0x8E, 0x03, 0xFE, 0xE7, 0x1C, 0xE7, 0x9D, 0x03, 0xFC, 0x9F, 0xF3, 0x1C, 0xC7, 0x7B, 0x8E, 0x73, 0xC0, 0xE1, 0x38,
    0xC7, 0x71, 0xDE, 0xC3, 0x87, 0xE3, 0x80, 0xE3, 0x38, 0xC7, 0x01, 0x00, 0x0B, 0x0E, 0xE0, 0xE0, 0x8F, 0x7F, 0xFE, 0x01, 0xDF, 0x71, 0xFC, 0x01,
    0xFE, 0xE7, 0xF8, 0xC3, 0x8F, 0x0F, 0xFC, 0x8F, 0xFF, 0x7C, 0x9F, 0x3F, 0x8E, 0x73, 0xC0, 0xC1, 0x1F, 0xC7, 0x71, 0xFC, 0x81, 0x03, 0x7F, 0x80,
    0xEF, 0x38, 0xFE, 0x00, 0x0C, 0x0E, 0xE0, 0xC0, 0x07, 0x3F, 0xFC, 0x00, 0x01, 0xDE, 0x71, 0xF8, 0x00, 0x01, 0xFE, 0xE7, 0xF0, 0x81, 0x07, 0x0F,
    0xFC, 0x07, 0xEF, 0x78, 0x1E, 0x1F, 0x8E, 0x73, 0xC0, 0x81, 0x0F, 0xC7, 0x71, 0xF8, 0x80, 0x03, 0x3E, 0x00, 0x01, 0xEF, 0x38, 0x7C, 0x00, 0x18,
    0xE0, 0x00, 0x0B, 0x40, 0x00, 0x25, 0xE0, 0x00, 0x0B, 0x60, 0x00, 0x25, 0xF8, 0x00, 0x0B, 0x30, 0x00, 0x25, 0x78, 0x00, 0xFF, 0x00, 0xFF, 0x00,
    0xB1, 0xE0, 0x03, 0x00, 0x05, 0xFC, 0x83, 0x03, 0x00, 0x06, 0xE0, 0x00, 0x01, 0x03, 0x00, 0x04, 0xE3, 0x00, 0x0B, 0x0F, 0xFC, 0xE7, 0x3F, 0x00,
    0x0B, 0xF8, 0x0F, 0x00, 0x05, 0xFC, 0x8F, 0x03, 0x00, 0x06, 0xE0, 0x80, 0x03, 0x00, 0x03, 0x80, 0xE3, 0x00, 0x0A, 0xC0, 0x3F, 0xFC, 0xE7, 0x3F,
    0x00, 0x0B, 0xFC, 0x0F, 0x00, 0x05, 0xFC, 0x0F, 0x00, 0x07, 0xE0, 0x80, 0x03, 0x00, 0x03, 0x80, 0xE3, 0x00, 0x0A, 0xE0, 0x7F, 0xFC, 0xE7, 0x3F,
    0x00, 0x0B, 0x1C, 0x1E, 0x3E, 0xEE, 0x79, 0xF0, 0x01, 0x1C, 0x9E, 0xE3, 0x07, 0x0F, 0x00, 0x01, 0xF0, 0x71, 0x0F, 0xEE, 0xC0, 0xEF, 0x38, 0xB7,
    0x7B, 0xC0, 0xEF, 0x1E, 0x7C, 0x00, 0x01, 0x77, 0xE0, 0xE3, 0x38, 0x8E, 0x0F, 0x37, 0xE0, 0x70, 0x1C, 0xE0, 0x00, 0x0C, 0x0E, 0x0C, 0x7F, 0xFE,
    0xFF, 0xF8, 0x03, 0x1C, 0x9C, 0xF3, 0x8F, 0x1F, 0x00, 0x01, 0xF8, 0xF3, 0x1F, 0xFF, 0xC0, 0xEF, 0x38, 0xBF, 0xFF, 0xC0, 0xEF, 0x3F, 0xFE, 0x00,
    0x01, 0xFF, 0xF0, 0xE7, 0x38, 0xCE, 0x1F, 0x3F, 0x70, 0xE0, 0x1C, 0xE0, 0x00, 0x0C, 0x0E, 0x80, 0x71, 0x9E, 0xE7, 0x1C, 0x07, 0x1C, 0x9C, 0x73,
    0xCE, 0x3B, 0x00, 0x01, 0x8C, 0xF3, 0x9C, 0xF7, 0x80, 0xE3, 0x38, 0x8F, 0xE7, 0x80, 0xE3, 0x39, 0xC7, 0x01, 0xEF, 0x79, 0xCF, 0x38, 0xE6, 0x38,
    0x0F, 0x70, 0xE0, 0xFC, 0xE3, 0x1F, 0x00, 0x0B, 0x8E, 0x1F, 0x78, 0x8E, 0xE3, 0x1C, 0x07, 0x1C, 0x9C, 0xF3, 0xC0, 0x11, 0x00, 0x01, 0xC0, 0x73,
    0x9C, 0xE3, 0x80, 0xE3, 0x38, 0x87, 0xE3, 0x80, 0xE3, 0x38, 0xC7, 0x01, 0xC7, 0x39, 0xCE, 0x7D, 0xE7, 0x38, 0x07, 0x70, 0xE0, 0xFC, 0xE3, 0x1F,
    0x00, 0x0B, 0x8E, 0x1F, 0x7E, 0x8E, 0xE3, 0xFC, 0x07, 0x1C, 0x9C, 0xE3, 0xC3, 0x01, 0x00, 0x01, 0xF0, 0x73, 0x9C, 0xE3, 0x80, 0xE3, 0x38, 0x87,
    0xE3, 0x80, 0xE3, 0x38, 0xFF, 0x01, 0xC7, 0x39, 0xCE, 0x6D, 0xE7, 0x3F, 0x07, 0x70, 0xE0, 0xFC, 0xE3, 0x1F, 0x00, 0x0B, 0x8E, 0x1F, 0x77, 0x8E,
    0xE3, 0xFC, 0x07, 0x1C, 0x9C, 0xC3, 0xC7, 0x01, 0x00, 0x01, 0xB8, 0x73, 0x9C, 0xE3, 0x80, 0xE3, 0x38, 0x87, 0xE3, 0x80, 0xE3, 0x38, 0xFF, 0x01,
    0xC7, 0x39, 0x8E, 0x6D, 0xE3, 0x3F, 0x07, 0x70, 0xE0, 0x1C, 0xE0, 0x00, 0x0C, 0x1C, 0x9C, 0x73, 0x8E, 0xE3, 0x1C, 0x00, 0x01, 0x1C, 0x9E, 0x03,
    0xCF, 0x11, 0x00, 0x01, 0x9C, 0x73, 0x9C, 0xE3, 0x80, 0xE3, 0x38, 0x87, 0xE3, 0x80, 0xE3, 0x38, 0x07, 0x00, 0x01, 0xC7, 0x39, 0x8E, 0xEF, 0xE3,
    0x00, 0x01, 0x07, 0xE0, 0x70, 0x1C, 0xE0, 0x00, 0x0C, 0xFC, 0x9F, 0x73, 0x8E, 0xE3, 0x1C, 0x07, 0xFC, 0x8F, 0x73, 0xCE, 0x3B, 0x07, 0x9C, 0x73,
    0x9C, 0xF7, 0x80, 0xE3, 0x3C, 0x87, 0xE3, 0x80, 0xE3, 0x38, 0xC7, 0x01, 0xEF, 0x79, 0x8F, 0xC7, 0xE3, 0x38, 0x07, 0xE0, 0x7F, 0x1C, 0xE0, 0xC0,
    0x01, 0x00, 0x0A, 0xF8, 0x8F, 0x7F, 0x8E, 0xE3, 0xF8, 0x03, 0xFC, 0x8F, 0xF3, 0x8F, 0x1F, 0x07, 0xFC, 0x73, 0x1C, 0xFF, 0x80, 0xEF, 0x3F, 0x87,
    0xE3, 0x80, 0xEF, 0x38, 0xFE, 0x00, 0x01, 0xFF, 0xF0, 0x07, 0xC7, 0xC1, 0x1F, 0x07, 0xC0, 0x3F, 0x1C, 0xE0, 0xC0, 0x01, 0x00, 0x0A, 0xE0, 0x03,
    0xEF, 0x8E, 0xE3, 0xF0, 0x01, 0xFC, 0x83, 0xE3, 0x07, 0x0F, 0x07, 0x78, 0x77, 0x1C, 0xEE, 0x00, 0x01, 0xCF, 0x3B, 0x87, 0xE3, 0x00, 0x01, 0xEF,
    0x38, 0x7C, 0x00, 0x01, 0x77, 0xE0, 0x03, 0xC7, 0x81, 0x0F, 0x07, 0x00, 0x01, 0x0F, 0x1C, 0xE0, 0xC0, 0x01, 0x00, 0x16, 0x04, 0x00, 0x0E, 0x07,
    0x00, 0x22, 0x06, 0x00, 0x0E, 0x07, 0x00, 0x22, 0x03, 0x00, 0x0E, 0x07, 0x00, 0x31, 0x07, 0x00, 0xFF, 0x00, 0xFF, 0x00, 0xA2, 0xFE, 0xE1, 0x00,
    0x0A, 0x38, 0xC0, 0x38, 0x00, 0x02, 0xE0, 0x70, 0xB8, 0x73, 0x00, 0x07, 0xC6, 0x01, 0x00, 0x0B, 0x38, 0xC0, 0x07, 0x00, 0x06, 0xFE, 0xE3, 0x00,
    0x0A, 0x38, 0xE0, 0x38, 0x00, 0x02, 0xE0, 0x70, 0xB8, 0x73, 0x00, 0x07, 0xC7, 0x01, 0x00, 0x0B, 0x38, 0xE0, 0x07, 0x00, 0x06, 0xFE, 0xE7, 0x00,
    0x0A, 0x38, 0xE0, 0x38, 0x00, 0x02, 0xE0, 0xF8, 0x38, 0x00, 0x08, 0x07, 0x00, 0x0C, 0x38, 0xE0, 0x00, 0x07, 0x0E, 0xE7, 0xF0, 0x81, 0x0F, 0x3F,
    0xF8, 0x00, 0x01, 0x6E, 0x7C, 0xE0, 0x83, 0x3B, 0xF0, 0xBB, 0x07, 0x1F, 0xC0, 0xD9, 0x9C, 0x73, 0x00, 0x01, 0x1F, 0xEE, 0xC0, 0x87, 0x1B, 0x9F,
    0xDF, 0xE1, 0xC3, 0x3D, 0xFC, 0x00, 0x01, 0xF7, 0x3C, 0xF8, 0xB8, 0xC7, 0x71, 0xF8, 0x38, 0xF0, 0xE3, 0xC3, 0x0D, 0x00, 0x04, 0x0E, 0xE7, 0xF8,
    0xC3, 0x9F, 0x7F, 0xFC, 0x01, 0x7E, 0xFE, 0xF0, 0xC7, 0x3F, 0xF0, 0xFB, 0x8F, 0x3F, 0xC0, 0xD9, 0x9C, 0x73, 0x80, 0x3F, 0xFE, 0xE1, 0x8F, 0x9F,
    0xBF, 0xDF, 0xF1, 0xC7, 0x7F, 0xFE, 0x01, 0xFF, 0x7F, 0xFC, 0xF9, 0xCF, 0x71, 0xFC, 0x39, 0xF0, 0xF3, 0xC7, 0x0F, 0x00, 0x04, 0xFE, 0xE7, 0x1C,
    0x67, 0x9C, 0x73, 0x8E, 0x03, 0x1E, 0xC7, 0x19, 0xE7, 0x3D, 0xE0, 0x78, 0xCE, 0x71, 0xC0, 0xDD, 0x9D, 0x73, 0xC0, 0x7B, 0xDE, 0x73, 0x9C, 0xC7,
    0x38, 0xC7, 0x79, 0xCF, 0x73, 0xCE, 0x01, 0xCF, 0x73, 0xC6, 0x79, 0xCE, 0x71, 0xC6, 0x39, 0xE0, 0x78, 0xCF, 0x03, 0x00, 0x04, 0xFE, 0xE3, 0x1C,
    0x07, 0x9E, 0x07, 0x8E, 0x03, 0x0E, 0xC7, 0x81, 0xE7, 0x38, 0xE0, 0x38, 0xCE, 0x71, 0xC0, 0xDD, 0x9D, 0x73, 0xC0, 0x71, 0x8E, 0x73, 0x9C, 0x03,
    0x3C, 0xC7, 0x39, 0xCE, 0x71, 0x1E, 0x00, 0x01, 0xC7, 0x71, 0xE0, 0x39, 0xCE, 0x71, 0xE0, 0x39, 0xE0, 0x38, 0xCE, 0x01, 0x00, 0x04, 0xFE, 0xE1,
    0xFC, 0x87, 0x1F, 0x1F, 0xFE, 0x03, 0x0E, 0xFF, 0xE1, 0xE7, 0x38, 0xE0, 0x38, 0xCE, 0x7F, 0xC0, 0x8D, 0x9D, 0x73, 0xC0, 0x71, 0x8E, 0xF3, 0x9F,
    0x03, 0x3F, 0xC7, 0x39, 0xCE, 0x71, 0x7C, 0x00, 0x01, 0xC7, 0x71, 0xF8, 0x39, 0xCE, 0x71, 0xF8, 0x39, 0xE0, 0x38, 0xCE, 0x01, 0x00, 0x04, 0x0E,
    0xE0, 0xFC, 0xC7, 0x1D, 0x3E, 0xFE, 0x03, 0x0E, 0xFF, 0x71, 0xE7, 0x38, 0xE0, 0x38, 0xCE, 0x7F, 0xC0, 0x8D, 0x9D, 0x73, 0xC0, 0x71, 0x8E, 0xF3,
    0x9F, 0x83, 0x3B, 0xC7, 0x39, 0xCE, 0x71, 0xF8, 0x00, 0x01, 0xC7, 0x71, 0xDC, 0x39, 0xCE, 0x71, 0xDC, 0x39, 0xE0, 0x38, 0xCE, 0x01, 0x00, 0x04,
    0x0E, 0xE0, 0x1C, 0xE0, 0x1C, 0x78, 0x0E, 0x00, 0x01, 0x0E, 0x07, 0x38, 0xE7, 0x38, 0xE0, 0x38, 0xCE, 0x01, 0x80, 0x8F, 0x8F, 0x73, 0xC0, 0x71,
    0x8E, 0x73, 0x80, 0xC3, 0x39, 0xC7, 0x39, 0xCE, 0x71, 0xE0, 0x01, 0xC7, 0x71, 0xCE, 0x39, 0xCE, 0x71, 0xCE, 0x39, 0xE0, 0x38, 0xCE, 0x01, 0x00,
    0x04, 0x0E, 0xE0, 0x1C, 0xE7, 0x9C, 0x73, 0x8E, 0x03, 0x0E, 0xC7, 0x39, 0xE7, 0x3D, 0xE0, 0x38, 0xCE, 0x71, 0x80, 0x8F, 0x8F, 0x73, 0xC0, 0x7B,
    0xDE, 0x73, 0x9C, 0xC3, 0x39, 0xC7, 0x79, 0xCF, 0x71, 0xCE, 0x01, 0xC7, 0x71, 0xCE, 0x39, 0xCE, 0x79, 0xCE, 0x39, 0xE0, 0x78, 0xCF, 0x01, 0x00,
    0x04, 0x0E, 0xE0, 0xF8, 0xE3, 0x9F, 0x7F, 0xFC, 0x01, 0x0E, 0xFE, 0xF8, 0xC7, 0x3F, 0xE0, 0x3B, 0x8E, 0x3F, 0x80, 0x07, 0x8F, 0x73, 0x80, 0x3F,
    0xFE, 0xE1, 0x8F, 0xC3, 0x3F, 0xDF, 0xF1, 0xC7, 0x71, 0xFE, 0x01, 0xC7, 0x71, 0xFE, 0x39, 0xCE, 0x7F, 0xFE, 0x39, 0xE0, 0xF0, 0xC7, 0x01, 0x00,
    0x04, 0x0E, 0xE0, 0xF0, 0xC1, 0x3B, 0x3F, 0xF8, 0x00, 0x01, 0x0E, 0x7C, 0xF0, 0x8E, 0x3B, 0xC0, 0x3B, 0x0E, 0x1F, 0x80, 0x07, 0x8F, 0x73, 0x00,
    0x01, 0x1F, 0xEE, 0xC0, 0x87, 0x83, 0x77, 0xDE, 0xE1, 0xC3, 0x71, 0xFC, 0x00, 0x01, 0xC7, 0x71, 0xBC, 0x3B, 0x8E, 0x77, 0xBC, 0x3B, 0xE0, 0xE0,
    0xC3, 0x01, 0x00, 0x1B, 0x0E, 0x00, 0x31, 0x0E, 0x00, 0x31, 0x0E, 0x00, 0x31, 0x0E, 0x00, 0xFF, 0x00, 0xFF, 0x00, 0xAC, 0x70, 0x00, 0x01, 0xE0,
    0x03, 0x00, 0x05, 0xE3, 0x00, 0x28, 0x70, 0x00, 0x01, 0xF0, 0x03, 0x00, 0x04, 0x80, 0xE3, 0x00, 0x2A, 0x70, 0x00, 0x05, 0x80, 0x03, 0x00, 0x22,
    0xEE, 0x79, 0xF0, 0xE1, 0xC6, 0x07, 0x70, 0xEE, 0xF9, 0xF1, 0xE1, 0x76, 0xCF, 0x83, 0xCF, 0xEF, 0xF0, 0xE1, 0x1E, 0x00, 0x1F, 0xFE, 0xFF, 0xF8,
    0xE3, 0xE7, 0x0F, 0x70, 0xFE, 0xFB, 0xF9, 0xE3, 0xF7, 0xFF, 0xC7, 0xDF, 0xEF, 0xF8, 0xE3, 0x3F, 0x00, 0x1F, 0x9E, 0xE7, 0xBC, 0xE7, 0x71, 0x1C,
    0x70, 0x9E, 0x73, 0xBC, 0xE7, 0xF1, 0x3C, 0x67, 0x9C, 0xE3, 0xBC, 0xE7, 0x39, 0x00, 0x1F, 0x8E, 0xE3, 0x1C, 0xE7, 0x70, 0x1C, 0x70, 0x8E, 0x73,
    0x1C, 0xE7, 0x70, 0x1C, 0x07, 0x9E, 0xE3, 0x1C, 0xE7, 0x38, 0x00, 0x1F, 0x8E, 0xE3, 0x1C, 0xE7, 0xF0, 0x1F, 0x70, 0x8E, 0x73, 0x1C, 0xE7, 0x70,
    0x1C, 0x87, 0x9F, 0xE3, 0x1C, 0xE7, 0x38, 0x00, 0x1F, 0x8E, 0xE3, 0x1C, 0xE7, 0xF0, 0x1F, 0x70, 0x8E, 0x73, 0x1C, 0xE7, 0x70, 0x1C, 0xC7, 0x9D,
    0xE3, 0x1C, 0xE7, 0x38, 0x00, 0x1F, 0x8E, 0xE3, 0x1C, 0xE7, 0x70, 0x00, 0x01, 0x70, 0x8E, 0x73, 0x1C, 0xE7, 0x70, 0x1C, 0xE7, 0x9C, 0xE3, 0x1C,
    0xE7, 0x38, 0x00, 0x1F, 0x8E, 0xE3, 0xBC, 0xE7, 0x70, 0x1C, 0x70, 0x8E, 0x73, 0xBC, 0xE7, 0x70, 0x1C, 0xE7, 0x9C, 0xE3, 0xBC, 0xE7, 0x38, 0x07,
    0x00, 0x1E, 0x8E, 0xE3, 0xF8, 0xE3, 0xE0, 0x0F, 0x70, 0x8E, 0x73, 0xF8, 0xE3, 0x70, 0x1C, 0xE7, 0x9F, 0xEF, 0xF8, 0xE3, 0x38, 0x07, 0x00, 0x1E,
    0x8E, 0xE3, 0xF0, 0xE1, 0xC0, 0x07, 0x70, 0x8E, 0x73, 0xF0, 0xE1, 0x70, 0x1C, 0xC7, 0x3B, 0xEF, 0xF0, 0xE1, 0x38, 0x07, 0x00, 0xFF, 0x00, 0xFF,
    0x00, 0xFF, 0x00, 0xFF, 0x00, 0x07, 0x00,
};
}

namespace HEADER_FatalErrorImage_eng
{
const unsigned char g_ImageData[0x348] = {
    0x00, 0xFF, 0x00, 0xFF, 0x00, 0xFF, 0x00, 0xFF, 0x00, 0xFF, 0x00, 0xFF, 0x00, 0xFF, 0x00, 0xFF, 0x00, 0xFF, 0x00, 0xFF, 0x00, 0xFF, 0x00, 0xFF,
    0x00, 0xFF, 0x00, 0xFF, 0x00, 0xEA, 0xE0, 0x1F, 0x0E, 0x00, 0x05, 0xE0, 0x00, 0x05, 0x0C, 0x60, 0x1C, 0x00, 0x02, 0xE0, 0xC1, 0x03, 0x00, 0x01,
    0xE0, 0x00, 0x02, 0xF0, 0x83, 0x01, 0x38, 0x07, 0x00, 0x04, 0x80, 0x07, 0x07, 0x00, 0x06, 0x07, 0x00, 0x05, 0xE0, 0x3F, 0x0E, 0x00, 0x05, 0xE0,
    0x00, 0x05, 0x0E, 0x70, 0x1C, 0x00, 0x02, 0xE0, 0xC1, 0x03, 0x00, 0x01, 0xE0, 0x00, 0x02, 0xF8, 0xC7, 0x01, 0x38, 0x07, 0x00, 0x04, 0xE0, 0x1F,
    0x07, 0x00, 0x06, 0x07, 0x00, 0x05, 0xE0, 0x7F, 0x0E, 0x00, 0x0B, 0x0E, 0x70, 0x1C, 0x00, 0x02, 0xE0, 0xE3, 0x03, 0x00, 0x04, 0xFC, 0xCF, 0x01,
    0x00, 0x01, 0x07, 0x00, 0x04, 0xF0, 0x1F, 0x07, 0x00, 0x06, 0x07, 0x00, 0x05, 0xE0, 0x70, 0x0E, 0x1F, 0xF8, 0xF0, 0x83, 0x0F, 0xE0, 0xDC, 0xC3,
    0x0F, 0x3E, 0xDC, 0x3F, 0xF8, 0xDD, 0x83, 0x0F, 0xE0, 0xE3, 0xC3, 0xC7, 0xED, 0xF0, 0x01, 0x1C, 0xEE, 0x77, 0x3B, 0xC7, 0xF1, 0xE1, 0xE6, 0x07,
    0x70, 0x3C, 0xF7, 0xE0, 0xE3, 0xC6, 0x1D, 0x3E, 0x70, 0x07, 0x00, 0x05, 0xE0, 0x70, 0x8E, 0x3F, 0xFC, 0xF9, 0xC7, 0x1F, 0xE0, 0xFC, 0xE7, 0x1F,
    0x7F, 0xFC, 0x3F, 0xF8, 0xFD, 0xC7, 0x1F, 0xE0, 0xE3, 0xE3, 0xCF, 0xEF, 0xF8, 0x03, 0x1C, 0xE0, 0xF7, 0x3B, 0xE7, 0xF8, 0xE3, 0xF7, 0x0F, 0x38,
    0x18, 0xFF, 0xF1, 0xE7, 0xE7, 0x1F, 0x7F, 0xF8, 0x07, 0x00, 0x05, 0xE0, 0x7F, 0xCE, 0x71, 0xC6, 0x39, 0xE7, 0x38, 0xE0, 0x3C, 0xE7, 0x9C, 0xE3,
    0x3C, 0x0E, 0x70, 0x3C, 0xE7, 0x38, 0xE0, 0xB6, 0x33, 0xCE, 0xE3, 0xBC, 0x07, 0xFC, 0xC1, 0xF1, 0x38, 0x77, 0x1C, 0xE7, 0x71, 0x0E, 0x38, 0x00,
    0x01, 0xCF, 0x19, 0xE7, 0xF1, 0x9E, 0xE3, 0xBC, 0x07, 0x00, 0x05, 0xE0, 0x3F, 0xCE, 0x71, 0xE0, 0x79, 0xE0, 0x38, 0xE0, 0x1C, 0xE7, 0x81, 0xE3,
    0x1C, 0x0E, 0x70, 0x1C, 0xE7, 0x38, 0xE0, 0xB6, 0x03, 0xCF, 0xE1, 0x1C, 0x07, 0xF8, 0xC7, 0x71, 0x38, 0x3F, 0x1C, 0xE7, 0xF0, 0x00, 0x01, 0x38,
    0x00, 0x01, 0xC7, 0x81, 0xE7, 0x70, 0x9C, 0xE3, 0x1C, 0x07, 0x00, 0x05, 0xE0, 0x1F, 0xCE, 0x7F, 0xF8, 0xF1, 0xE1, 0x3F, 0xE0, 0x1C, 0xC7, 0x87,
    0xFF, 0x1C, 0x0E, 0x70, 0x1C, 0xE7, 0x3F, 0xE0, 0xB6, 0xC3, 0xCF, 0xE1, 0x1C, 0x07, 0xE0, 0xCF, 0x71, 0x38, 0x3F, 0xFC, 0xE7, 0xE0, 0x03, 0x38,
    0x00, 0x01, 0xC7, 0xE1, 0xE7, 0x70, 0x9C, 0xFF, 0x1C, 0x07, 0x00, 0x05, 0xE0, 0x00, 0x01, 0xCE, 0x7F, 0xDC, 0xE1, 0xE3, 0x3F, 0xE0, 0x1C, 0x87,
    0x8F, 0xFF, 0x1C, 0x0E, 0x70, 0x1C, 0xE7, 0x3F, 0xE0, 0xB6, 0xE3, 0xCE, 0xE1, 0x1C, 0x07, 0x00, 0x01, 0xCE, 0x71, 0x38, 0x7F, 0xFC, 0xE7, 0xC0,
    0x07, 0x38, 0x18, 0xC7, 0x71, 0xE7, 0x70, 0x9C, 0xFF, 0x1C, 0x07, 0x00, 0x05, 0xE0, 0x00, 0x01, 0xCE, 0x01, 0xCE, 0x81, 0xE7, 0x00, 0x01, 0xE0,
    0x1C, 0x07, 0x9E, 0x03, 0x1C, 0x0E, 0x70, 0x1C, 0xE7, 0x00, 0x01, 0xE0, 0x9C, 0x73, 0xCE, 0xE1, 0x1C, 0x07, 0x1C, 0xCE, 0x71, 0x38, 0x77, 0x1C,
    0xE0, 0x00, 0x01, 0x0F, 0x70, 0x3C, 0xC7, 0x39, 0xE7, 0x70, 0x9C, 0x03, 0x1C, 0x07, 0x00, 0x05, 0xE0, 0x00, 0x01, 0xCE, 0x71, 0xCE, 0x39, 0xE7,
    0x38, 0xE0, 0x1C, 0xE7, 0x9C, 0xE3, 0x1C, 0x0E, 0x70, 0x1C, 0xE7, 0x38, 0xE0, 0x9C, 0x73, 0xCE, 0xE1, 0xBC, 0x07, 0xFC, 0xCF, 0x71, 0x38, 0xE7,
    0x1C, 0xE7, 0x70, 0x0E, 0xF0, 0x1F, 0xC7, 0x39, 0xE7, 0xF0, 0x9E, 0xE3, 0xBC, 0x07, 0x00, 0x05, 0xE0, 0x00, 0x01, 0x8E, 0x3F, 0xFE, 0xF9, 0xC7,
    0x1F, 0xE0, 0x1C, 0xE7, 0x1F, 0x7F, 0x1C, 0x3E, 0xF0, 0x1D, 0xC7, 0x1F, 0xE0, 0x9C, 0xF3, 0xCF, 0xE1, 0xF8, 0x03, 0xF8, 0xC7, 0x77, 0x38, 0xE7,
    0xF8, 0xE3, 0xF0, 0x0F, 0xE0, 0x1F, 0xC7, 0xF9, 0xE7, 0xE0, 0x1F, 0x7F, 0xF8, 0x07, 0x00, 0x05, 0xE0, 0x00, 0x01, 0x0E, 0x1F, 0xBC, 0xF3, 0x83,
    0x0F, 0xE0, 0x1C, 0xC7, 0x0F, 0x3E, 0x1C, 0x3C, 0xE0, 0x1D, 0x87, 0x0F, 0xE0, 0x88, 0xE3, 0xDD, 0xE1, 0xF0, 0x01, 0xF0, 0x83, 0x77, 0x38, 0xC7,
    0xF1, 0xE1, 0xE0, 0x07, 0x80, 0x07, 0xC7, 0xF1, 0xEE, 0xC0, 0x1D, 0x3E, 0x70, 0x07, 0x00, 0x2E, 0x1C, 0x00, 0x30, 0x70, 0x1C, 0x00, 0x30, 0xF0,
    0x0F, 0x00, 0x30, 0xE0, 0x07, 0x00, 0xFF, 0x00, 0xFF, 0x00, 0x95, 0x3E, 0x00, 0x05, 0xC0, 0x3F, 0x38, 0x00, 0x28, 0x80, 0xFF, 0x00, 0x05, 0xC0,
    0xFF, 0x38, 0x00, 0x28, 0xC0, 0xFF, 0x00, 0x05, 0xC0, 0xFF, 0x00, 0x29, 0xC0, 0xE1, 0xE1, 0xE3, 0x9E, 0x07, 0x1F, 0xC0, 0xE1, 0x39, 0x7E, 0xF0,
    0x00, 0x26, 0xE0, 0xC0, 0xF0, 0xE7, 0xFF, 0x8F, 0x3F, 0xC0, 0xC1, 0x39, 0xFF, 0xF8, 0x01, 0x00, 0x25, 0xE0, 0x00, 0x01, 0x18, 0xE7, 0x79, 0xCE,
    0x71, 0xC0, 0xC1, 0x39, 0xE7, 0xBC, 0x03, 0x00, 0x25, 0xE0, 0xF8, 0x81, 0xE7, 0x38, 0xCE, 0x71, 0xC0, 0xC1, 0x39, 0x0F, 0x1C, 0x01, 0x00, 0x25,
    0xE0, 0xF8, 0xE1, 0xE7, 0x38, 0xCE, 0x7F, 0xC0, 0xC1, 0x39, 0x3E, 0x1C, 0x00, 0x26, 0xE0, 0xF8, 0x71, 0xE7, 0x38, 0xCE, 0x7F, 0xC0, 0xC1, 0x39,
    0x7C, 0x1C, 0x00, 0x26, 0xC0, 0xC1, 0x39, 0xE7, 0x38, 0xCE, 0x01, 0xC0, 0xE1, 0x39, 0xF0, 0x1C, 0x01, 0x00, 0x25, 0xC0, 0xFF, 0x39, 0xE7, 0x38,
    0xCE, 0x71, 0xC0, 0xFF, 0x38, 0xE7, 0xBC, 0x73, 0x00, 0x25, 0x80, 0xFF, 0xF8, 0xE7, 0x38, 0x8E, 0x3F, 0xC0, 0xFF, 0x38, 0xFF, 0xF8, 0x71, 0x00,
    0x26, 0x3E, 0xF0, 0xEE, 0x38, 0x0E, 0x1F, 0xC0, 0x3F, 0x38, 0x7E, 0xF0, 0x70, 0x00, 0xFF, 0x00, 0xFF, 0x00, 0xFF, 0x00, 0xFF, 0x00, 0xFF, 0x00,
    0xFF, 0x00, 0xFF, 0x00, 0xFF, 0x00, 0xFF, 0x00, 0xFF, 0x00, 0xFF, 0x00, 0xFF, 0x00, 0xFF, 0x00, 0xFF, 0x00, 0xFF, 0x00, 0xFF, 0x00, 0x02, 0x00,
};
}

namespace HEADER_WrongDiskImage_eng
{
const unsigned char g_ImageData[0x54B] = {
    0x00, 0xFF, 0x00, 0xFF, 0x00, 0xFF, 0x00, 0xFF, 0x00, 0xFF, 0x00, 0xFF, 0x00, 0xFF, 0x00, 0xFF, 0x00, 0xFF, 0x00, 0xFF, 0x00, 0x05, 0xFF, 0x77,
    0x00, 0x03, 0xF8, 0x00, 0x06, 0xFF, 0xE0, 0x00, 0x07, 0x38, 0xC0, 0x01, 0x00, 0x02, 0x80, 0x01, 0x0E, 0x00, 0x06, 0xC0, 0x01, 0x00, 0x0D, 0xFF,
    0x77, 0x00, 0x03, 0xFE, 0x03, 0x00, 0x05, 0xFF, 0xE3, 0x00, 0x07, 0x38, 0xC0, 0x01, 0x00, 0x02, 0xC0, 0x01, 0x0E, 0x00, 0x06, 0xC0, 0x01, 0x00,
    0x0D, 0xFF, 0x77, 0x00, 0x03, 0xFF, 0x03, 0x00, 0x05, 0xFF, 0x03, 0x00, 0x07, 0x38, 0xC0, 0x01, 0x00, 0x02, 0xC0, 0x01, 0x0E, 0x00, 0x06, 0xC0,
    0x01, 0x00, 0x0D, 0x70, 0x70, 0x0F, 0x3E, 0x00, 0x01, 0x87, 0x87, 0x8F, 0x7B, 0x1E, 0x7C, 0x00, 0x01, 0x87, 0xE7, 0xF8, 0xC1, 0x03, 0xE0, 0x81,
    0x0F, 0xC7, 0x39, 0xDC, 0x01, 0xF7, 0xE0, 0xE3, 0x07, 0xEE, 0xC0, 0x07, 0x70, 0xE3, 0x03, 0x1F, 0xDC, 0x01, 0x00, 0x0D, 0x70, 0xF0, 0x1F, 0x7F,
    0x80, 0x03, 0xC3, 0x9F, 0xFF, 0x3F, 0xFE, 0x00, 0x01, 0x07, 0xE7, 0xFC, 0xE3, 0x07, 0xF0, 0xC3, 0x1F, 0xC7, 0x39, 0xFE, 0x01, 0xFF, 0xF1, 0xE7,
    0x07, 0xFE, 0xE1, 0x0F, 0xF0, 0xF3, 0x87, 0x3F, 0xFE, 0x01, 0x00, 0x0D, 0x70, 0xF0, 0x9C, 0xE3, 0x80, 0x03, 0x60, 0x9C, 0xE7, 0x39, 0xC7, 0x01,
    0x07, 0xE7, 0x9C, 0xF3, 0x0E, 0x78, 0xE7, 0x3D, 0xC7, 0x39, 0xEF, 0x01, 0xCF, 0x79, 0xCF, 0x01, 0xDE, 0x73, 0x1C, 0xF0, 0x38, 0xCE, 0x38, 0xEF,
    0x01, 0x00, 0x0D, 0x70, 0x70, 0x9C, 0xE3, 0x80, 0xE3, 0x07, 0x9E, 0xE3, 0x38, 0xC7, 0x01, 0x07, 0xE7, 0x3C, 0x70, 0x04, 0x38, 0xE2, 0x38, 0xC7,
    0x39, 0xC7, 0x01, 0xC7, 0x39, 0xCE, 0x01, 0x8E, 0x73, 0x1C, 0x70, 0x38, 0x0E, 0x3C, 0xC7, 0x01, 0x00, 0x0D, 0x70, 0x70, 0x9C, 0xFF, 0x80, 0xE3,
    0x87, 0x9F, 0xE3, 0x38, 0xFF, 0x01, 0x07, 0xE7, 0xF8, 0x70, 0x00, 0x01, 0x38, 0xE0, 0x38, 0xC7, 0x39, 0xC7, 0x01, 0xC7, 0x39, 0xCE, 0x01, 0x8E,
    0xF3, 0x1F, 0x70, 0xF8, 0x0F, 0x3F, 0xC7, 0x01, 0x00, 0x0D, 0x70, 0x70, 0x9C, 0xFF, 0x80, 0xE3, 0xC7, 0x9D, 0xE3, 0x38, 0xFF, 0x01, 0x07, 0xE7,
    0xF0, 0x71, 0x00, 0x01, 0x38, 0xE0, 0x38, 0xC7, 0x39, 0xC7, 0x01, 0xC7, 0x39, 0xCE, 0x01, 0x8E, 0xF3, 0x1F, 0x70, 0xF8, 0x8F, 0x3B, 0xC7, 0x01,
    0x00, 0x0D, 0x70, 0x70, 0x9C, 0x03, 0x00, 0x01, 0x07, 0xE7, 0x9C, 0xE3, 0x38, 0x07, 0x00, 0x01, 0x87, 0xE7, 0xC0, 0x73, 0x04, 0x38, 0xE2, 0x38,
    0xC7, 0x39, 0xC7, 0x01, 0xC7, 0x39, 0xCE, 0x01, 0x8E, 0x73, 0x00, 0x01, 0x70, 0x38, 0xC0, 0x39, 0xC7, 0x01, 0x00, 0x0D, 0x70, 0x70, 0x9C, 0xE3,
    0x00, 0x01, 0xFF, 0xE7, 0x9C, 0xE3, 0x38, 0xC7, 0x01, 0xFF, 0xE3, 0x9C, 0xF3, 0x0E, 0x78, 0xE7, 0x3D, 0xE7, 0x39, 0xEF, 0x01, 0xC7, 0x79, 0xCF,
    0x01, 0xDE, 0x73, 0x1C, 0x70, 0x38, 0xCE, 0x39, 0xEF, 0x39, 0x00, 0x0D, 0x70, 0x70, 0x1C, 0x7F, 0x00, 0x01, 0xFE, 0xE3, 0x9F, 0xE3, 0x38, 0xFE,
    0x00, 0x01, 0xFF, 0xE3, 0xFC, 0xE3, 0x07, 0xF0, 0xC3, 0x1F, 0xFF, 0x39, 0xFE, 0x01, 0xC7, 0xF1, 0xC7, 0x07, 0xFE, 0xE1, 0x0F, 0x70, 0xF0, 0xC7,
    0x3F, 0xFE, 0x39, 0x00, 0x0D, 0x70, 0x70, 0x1C, 0x3E, 0x00, 0x01, 0xF8, 0xC0, 0xBB, 0xE3, 0x38, 0x7C, 0x00, 0x01, 0xFF, 0xE0, 0xF8, 0xC1, 0x03,
    0xE0, 0x81, 0x0F, 0xDE, 0x39, 0xDC, 0x01, 0xC7, 0xE1, 0x83, 0x07, 0xEE, 0xC0, 0x07, 0x70, 0xE0, 0x83, 0x77, 0xDC, 0x39, 0x00, 0xFF, 0x00, 0xFF,
    0x00, 0xFF, 0x00, 0x62, 0xFE, 0xE1, 0x00, 0x0A, 0x38, 0xC0, 0x38, 0x00, 0x23, 0xFE, 0xE3, 0x00, 0x0A, 0x38, 0xE0, 0x38, 0x00, 0x23, 0xFE, 0xE7,
    0x00, 0x0A, 0x38, 0xE0, 0x38, 0x00, 0x23, 0x0E, 0xE7, 0xF0, 0x81, 0x0F, 0x3F, 0xF8, 0x00, 0x01, 0x6E, 0x7C, 0xE0, 0x83, 0x3B, 0xF0, 0xBB, 0x07,
    0x1F, 0x00, 0x21, 0x0E, 0xE7, 0xF8, 0xC3, 0x9F, 0x7F, 0xFC, 0x01, 0x7E, 0xFE, 0xF0, 0xC7, 0x3F, 0xF0, 0xFB, 0x8F, 0x3F, 0x00, 0x21, 0xFE, 0xE7,
    0x1C, 0x67, 0x9C, 0x73, 0x8E, 0x03, 0x1E, 0xC7, 0x19, 0xE7, 0x3D, 0xE0, 0x78, 0xCE, 0x71, 0x00, 0x21, 0xFE, 0xE3, 0x1C, 0x07, 0x9E, 0x07, 0x8E,
    0x03, 0x0E, 0xC7, 0x81, 0xE7, 0x38, 0xE0, 0x38, 0xCE, 0x71, 0x00, 0x21, 0xFE, 0xE1, 0xFC, 0x87, 0x1F, 0x1F, 0xFE, 0x03, 0x0E, 0xFF, 0xE1, 0xE7,
    0x38, 0xE0, 0x38, 0xCE, 0x7F, 0x00, 0x21, 0x0E, 0xE0, 0xFC, 0xC7, 0x1D, 0x3E, 0xFE, 0x03, 0x0E, 0xFF, 0x71, 0xE7, 0x38, 0xE0, 0x38, 0xCE, 0x7F,
    0x00, 0x21, 0x0E, 0xE0, 0x1C, 0xE0, 0x1C, 0x78, 0x0E, 0x00, 0x01, 0x0E, 0x07, 0x38, 0xE7, 0x38, 0xE0, 0x38, 0xCE, 0x01, 0x00, 0x21, 0x0E, 0xE0,
    0x1C, 0xE7, 0x9C, 0x73, 0x8E, 0x03, 0x0E, 0xC7, 0x39, 0xE7, 0x3D, 0xE0, 0x38, 0xCE, 0x71, 0x00, 0x21, 0x0E, 0xE0, 0xF8, 0xE3, 0x9F, 0x7F, 0xFC,
    0x01, 0x0E, 0xFE, 0xF8, 0xC7, 0x3F, 0xE0, 0x3B, 0x8E, 0x3F, 0x00, 0x21, 0x0E, 0xE0, 0xF0, 0xC1, 0x3B, 0x3F, 0xF8, 0x00, 0x01, 0x0E, 0x7C, 0xF0,
    0x8E, 0x3B, 0xC0, 0x3B, 0x0E, 0x1F, 0x00, 0xFF, 0x00, 0xFF, 0x00, 0xFF, 0x00, 0x76, 0x87, 0xC3, 0x9D, 0x03, 0x00, 0x06, 0x30, 0x0E, 0x00, 0x0B,
    0xC0, 0x01, 0x3E, 0x00, 0x18, 0x87, 0xC3, 0x9D, 0x03, 0x00, 0x06, 0x38, 0x0E, 0x00, 0x0B, 0xC0, 0x01, 0x3F, 0x00, 0x18, 0xC7, 0xC7, 0x01, 0x00,
    0x07, 0x38, 0x00, 0x0C, 0xC0, 0x01, 0x07, 0x00, 0x18, 0xCE, 0xE6, 0x9C, 0x03, 0xF8, 0x70, 0x07, 0x3E, 0xDC, 0xF8, 0xFC, 0x0E, 0x1F, 0xEE, 0xE1,
    0x07, 0xB8, 0xE7, 0xC1, 0xC7, 0x3D, 0x8E, 0xC3, 0xC7, 0x81, 0x1F, 0x1F, 0x6E, 0x00, 0x16, 0xCE, 0xE6, 0x9C, 0x03, 0xFC, 0xF1, 0x0F, 0x7F, 0xFC,
    0xFC, 0xFD, 0x8E, 0x3F, 0xFE, 0xF3, 0x0F, 0xF8, 0xFF, 0xE3, 0xCF, 0x7F, 0x8E, 0xE3, 0xCF, 0x81, 0x9F, 0x3F, 0x7E, 0x00, 0x16, 0xEE, 0xEE, 0x9C,
    0x03, 0xDE, 0xF3, 0x9E, 0xE3, 0x3C, 0xC6, 0x39, 0xCE, 0x7B, 0x9E, 0x73, 0x0E, 0x78, 0x9E, 0x33, 0xCE, 0x73, 0x8E, 0x33, 0xCE, 0x01, 0xC7, 0x7B,
    0x1E, 0x00, 0x16, 0xEE, 0xEE, 0x9C, 0x03, 0x8E, 0x73, 0x9C, 0xE3, 0x1C, 0xE0, 0x39, 0xCE, 0x71, 0x8E, 0xF3, 0x00, 0x01, 0x38, 0x8E, 0x03, 0xCF,
    0x71, 0x8E, 0x03, 0xCF, 0x01, 0xC7, 0x71, 0x0E, 0x00, 0x16, 0x6E, 0xEC, 0x9C, 0x03, 0x8E, 0x73, 0x9C, 0xFF, 0x1C, 0xF8, 0x39, 0xCE, 0x71, 0x8E,
    0xE3, 0x03, 0x38, 0x8E, 0xC3, 0xCF, 0x71, 0x8E, 0xC3, 0xCF, 0x01, 0xC7, 0x71, 0x0E, 0x00, 0x16, 0x6E, 0xEC, 0x9C, 0x03, 0x8E, 0x73, 0x9C, 0xFF,
    0x1C, 0xDC, 0x39, 0xCE, 0x71, 0x8E, 0xC3, 0x07, 0x38, 0x8E, 0xE3, 0xCE, 0x71, 0x8E, 0xE3, 0xCE, 0x01, 0xC7, 0x71, 0x0E, 0x00, 0x16, 0x7C, 0x7C,
    0x9C, 0x03, 0x8E, 0x73, 0x9C, 0x03, 0x1C, 0xCE, 0x39, 0xCE, 0x71, 0x8E, 0x03, 0x0F, 0x38, 0x8E, 0x73, 0xCE, 0x71, 0x8E, 0x73, 0xCE, 0x01, 0xC7,
    0x71, 0x0E, 0x00, 0x16, 0x7C, 0x7C, 0x9C, 0x03, 0xDE, 0xF3, 0x9E, 0xE3, 0x1C, 0xCE, 0x39, 0xCE, 0x7B, 0x8E, 0x73, 0x0E, 0x38, 0x8E, 0x73, 0xCE,
    0x71, 0xCE, 0x73, 0xCE, 0x01, 0xC7, 0x7B, 0x0E, 0x00, 0x16, 0x3C, 0x78, 0x9C, 0x03, 0xFC, 0xF1, 0x0F, 0x7F, 0x1C, 0xFE, 0xF9, 0x8E, 0x3F, 0x8E,
    0xF3, 0x0F, 0x38, 0x8E, 0xF3, 0xCF, 0x71, 0xFE, 0xF3, 0xCF, 0x01, 0x87, 0x3F, 0x0E, 0x00, 0x16, 0x3C, 0x78, 0x9C, 0x03, 0xF8, 0x70, 0x07, 0x3E,
    0x1C, 0xBC, 0xF3, 0x0E, 0x1F, 0x8E, 0xE3, 0x07, 0x38, 0x8E, 0xE3, 0xDD, 0x71, 0xBC, 0xE3, 0xDD, 0x01, 0x07, 0x1F, 0x0E, 0x00, 0x1B, 0x70, 0x00,
    0x31, 0x70, 0x00, 0x31, 0x70, 0x00, 0x31, 0x70, 0x00, 0xFF, 0x00, 0xFF, 0x00, 0xBE, 0x70, 0x00, 0x01, 0xE0, 0x03, 0x00, 0x05, 0xE3, 0x00, 0x28,
    0x70, 0x00, 0x01, 0xF0, 0x03, 0x00, 0x04, 0x80, 0xE3, 0x00, 0x2A, 0x70, 0x00, 0x05, 0x80, 0x03, 0x00, 0x22, 0xEE, 0x79, 0xF0, 0xE1, 0xC6, 0x07,
    0x70, 0xEE, 0xF9, 0xF1, 0xE1, 0x76, 0xCF, 0x83, 0xCF, 0xEF, 0xF0, 0xE1, 0x1E, 0x00, 0x1F, 0xFE, 0xFF, 0xF8, 0xE3, 0xE7, 0x0F, 0x70, 0xFE, 0xFB,
    0xF9, 0xE3, 0xF7, 0xFF, 0xC7, 0xDF, 0xEF, 0xF8, 0xE3, 0x3F, 0x00, 0x1F, 0x9E, 0xE7, 0xBC, 0xE7, 0x71, 0x1C, 0x70, 0x9E, 0x73, 0xBC, 0xE7, 0xF1,
    0x3C, 0x67, 0x9C, 0xE3, 0xBC, 0xE7, 0x39, 0x00, 0x1F, 0x8E, 0xE3, 0x1C, 0xE7, 0x70, 0x1C, 0x70, 0x8E, 0x73, 0x1C, 0xE7, 0x70, 0x1C, 0x07, 0x9E,
    0xE3, 0x1C, 0xE7, 0x38, 0x00, 0x1F, 0x8E, 0xE3, 0x1C, 0xE7, 0xF0, 0x1F, 0x70, 0x8E, 0x73, 0x1C, 0xE7, 0x70, 0x1C, 0x87, 0x9F, 0xE3, 0x1C, 0xE7,
    0x38, 0x00, 0x1F, 0x8E, 0xE3, 0x1C, 0xE7, 0xF0, 0x1F, 0x70, 0x8E, 0x73, 0x1C, 0xE7, 0x70, 0x1C, 0xC7, 0x9D, 0xE3, 0x1C, 0xE7, 0x38, 0x00, 0x1F,
    0x8E, 0xE3, 0x1C, 0xE7, 0x70, 0x00, 0x01, 0x70, 0x8E, 0x73, 0x1C, 0xE7, 0x70, 0x1C, 0xE7, 0x9C, 0xE3, 0x1C, 0xE7, 0x38, 0x00, 0x1F, 0x8E, 0xE3,
    0xBC, 0xE7, 0x70, 0x1C, 0x70, 0x8E, 0x73, 0xBC, 0xE7, 0x70, 0x1C, 0xE7, 0x9C, 0xE3, 0xBC, 0xE7, 0x38, 0x07, 0x00, 0x1E, 0x8E, 0xE3, 0xF8, 0xE3,
    0xE0, 0x0F, 0x70, 0x8E, 0x73, 0xF8, 0xE3, 0x70, 0x1C, 0xE7, 0x9F, 0xEF, 0xF8, 0xE3, 0x38, 0x07, 0x00, 0x1E, 0x8E, 0xE3, 0xF0, 0xE1, 0xC0, 0x07,
    0x70, 0x8E, 0x73, 0xF0, 0xE1, 0x70, 0x1C, 0xC7, 0x3B, 0xEF, 0xF0, 0xE1, 0x38, 0x07, 0x00, 0xFF, 0x00, 0xFF, 0x00, 0xFF, 0x00, 0xFF, 0x00, 0xFF,
    0x00, 0xFF, 0x00, 0xFF, 0x00, 0xFF, 0x00, 0xFF, 0x00, 0x1D, 0x00,
};
}

namespace HEADER_RetryImage_eng
{
const unsigned char g_ImageData[0x348] = {
    0x00, 0xFF, 0x00, 0xFF, 0x00, 0xFF, 0x00, 0xFF, 0x00, 0xFF, 0x00, 0xFF, 0x00, 0xFF, 0x00, 0xFF, 0x00, 0xFF, 0x00, 0xFF, 0x00, 0xFF, 0x00, 0xFF,
    0x00, 0xFF, 0x00, 0xFF, 0x00, 0xEA, 0xE0, 0x1F, 0x0E, 0x00, 0x05, 0xE0, 0x00, 0x05, 0x0C, 0x60, 0x1C, 0x00, 0x02, 0xE0, 0xC1, 0x03, 0x00, 0x01,
    0xE0, 0x00, 0x02, 0xF0, 0x83, 0x01, 0x38, 0x07, 0x00, 0x04, 0x80, 0x07, 0x07, 0x00, 0x06, 0x07, 0x00, 0x05, 0xE0, 0x3F, 0x0E, 0x00, 0x05, 0xE0,
    0x00, 0x05, 0x0E, 0x70, 0x1C, 0x00, 0x02, 0xE0, 0xC1, 0x03, 0x00, 0x01, 0xE0, 0x00, 0x02, 0xF8, 0xC7, 0x01, 0x38, 0x07, 0x00, 0x04, 0xE0, 0x1F,
    0x07, 0x00, 0x06, 0x07, 0x00, 0x05, 0xE0, 0x7F, 0x0E, 0x00, 0x0B, 0x0E, 0x70, 0x1C, 0x00, 0x02, 0xE0, 0xE3, 0x03, 0x00, 0x04, 0xFC, 0xCF, 0x01,
    0x00, 0x01, 0x07, 0x00, 0x04, 0xF0, 0x1F, 0x07, 0x00, 0x06, 0x07, 0x00, 0x05, 0xE0, 0x70, 0x0E, 0x1F, 0xF8, 0xF0, 0x83, 0x0F, 0xE0, 0xDC, 0xC3,
    0x0F, 0x3E, 0xDC, 0x3F, 0xF8, 0xDD, 0x83, 0x0F, 0xE0, 0xE3, 0xC3, 0xC7, 0xED, 0xF0, 0x01, 0x1C, 0xEE, 0x77, 0x3B, 0xC7, 0xF1, 0xE1, 0xE6, 0x07,
    0x70, 0x3C, 0xF7, 0xE0, 0xE3, 0xC6, 0x1D, 0x3E, 0x70, 0x07, 0x00, 0x05, 0xE0, 0x70, 0x8E, 0x3F, 0xFC, 0xF9, 0xC7, 0x1F, 0xE0, 0xFC, 0xE7, 0x1F,
    0x7F, 0xFC, 0x3F, 0xF8, 0xFD, 0xC7, 0x1F, 0xE0, 0xE3, 0xE3, 0xCF, 0xEF, 0xF8, 0x03, 0x1C, 0xE0, 0xF7, 0x3B, 0xE7, 0xF8, 0xE3, 0xF7, 0x0F, 0x38,
    0x18, 0xFF, 0xF1, 0xE7, 0xE7, 0x1F, 0x7F, 0xF8, 0x07, 0x00, 0x05, 0xE0, 0x7F, 0xCE, 0x71, 0xC6, 0x39, 0xE7, 0x38, 0xE0, 0x3C, 0xE7, 0x9C, 0xE3,
    0x3C, 0x0E, 0x70, 0x3C, 0xE7, 0x38, 0xE0, 0xB6, 0x33, 0xCE, 0xE3, 0xBC, 0x07, 0xFC, 0xC1, 0xF1, 0x38, 0x77, 0x1C, 0xE7, 0x71, 0x0E, 0x38, 0x00,
    0x01, 0xCF, 0x19, 0xE7, 0xF1, 0x9E, 0xE3, 0xBC, 0x07, 0x00, 0x05, 0xE0, 0x3F, 0xCE, 0x71, 0xE0, 0x79, 0xE0, 0x38, 0xE0, 0x1C, 0xE7, 0x81, 0xE3,
    0x1C, 0x0E, 0x70, 0x1C, 0xE7, 0x38, 0xE0, 0xB6, 0x03, 0xCF, 0xE1, 0x1C, 0x07, 0xF8, 0xC7, 0x71, 0x38, 0x3F, 0x1C, 0xE7, 0xF0, 0x00, 0x01, 0x38,
    0x00, 0x01, 0xC7, 0x81, 0xE7, 0x70, 0x9C, 0xE3, 0x1C, 0x07, 0x00, 0x05, 0xE0, 0x1F, 0xCE, 0x7F, 0xF8, 0xF1, 0xE1, 0x3F, 0xE0, 0x1C, 0xC7, 0x87,
    0xFF, 0x1C, 0x0E, 0x70, 0x1C, 0xE7, 0x3F, 0xE0, 0xB6, 0xC3, 0xCF, 0xE1, 0x1C, 0x07, 0xE0, 0xCF, 0x71, 0x38, 0x3F, 0xFC, 0xE7, 0xE0, 0x03, 0x38,
    0x00, 0x01, 0xC7, 0xE1, 0xE7, 0x70, 0x9C, 0xFF, 0x1C, 0x07, 0x00, 0x05, 0xE0, 0x00, 0x01, 0xCE, 0x7F, 0xDC, 0xE1, 0xE3, 0x3F, 0xE0, 0x1C, 0x87,
    0x8F, 0xFF, 0x1C, 0x0E, 0x70, 0x1C, 0xE7, 0x3F, 0xE0, 0xB6, 0xE3, 0xCE, 0xE1, 0x1C, 0x07, 0x00, 0x01, 0xCE, 0x71, 0x38, 0x7F, 0xFC, 0xE7, 0xC0,
    0x07, 0x38, 0x18, 0xC7, 0x71, 0xE7, 0x70, 0x9C, 0xFF, 0x1C, 0x07, 0x00, 0x05, 0xE0, 0x00, 0x01, 0xCE, 0x01, 0xCE, 0x81, 0xE7, 0x00, 0x01, 0xE0,
    0x1C, 0x07, 0x9E, 0x03, 0x1C, 0x0E, 0x70, 0x1C, 0xE7, 0x00, 0x01, 0xE0, 0x9C, 0x73, 0xCE, 0xE1, 0x1C, 0x07, 0x1C, 0xCE, 0x71, 0x38, 0x77, 0x1C,
    0xE0, 0x00, 0x01, 0x0F, 0x70, 0x3C, 0xC7, 0x39, 0xE7, 0x70, 0x9C, 0x03, 0x1C, 0x07, 0x00, 0x05, 0xE0, 0x00, 0x01, 0xCE, 0x71, 0xCE, 0x39, 0xE7,
    0x38, 0xE0, 0x1C, 0xE7, 0x9C, 0xE3, 0x1C, 0x0E, 0x70, 0x1C, 0xE7, 0x38, 0xE0, 0x9C, 0x73, 0xCE, 0xE1, 0xBC, 0x07, 0xFC, 0xCF, 0x71, 0x38, 0xE7,
    0x1C, 0xE7, 0x70, 0x0E, 0xF0, 0x1F, 0xC7, 0x39, 0xE7, 0xF0, 0x9E, 0xE3, 0xBC, 0x07, 0x00, 0x05, 0xE0, 0x00, 0x01, 0x8E, 0x3F, 0xFE, 0xF9, 0xC7,
    0x1F, 0xE0, 0x1C, 0xE7, 0x1F, 0x7F, 0x1C, 0x3E, 0xF0, 0x1D, 0xC7, 0x1F, 0xE0, 0x9C, 0xF3, 0xCF, 0xE1, 0xF8, 0x03, 0xF8, 0xC7, 0x77, 0x38, 0xE7,
    0xF8, 0xE3, 0xF0, 0x0F, 0xE0, 0x1F, 0xC7, 0xF9, 0xE7, 0xE0, 0x1F, 0x7F, 0xF8, 0x07, 0x00, 0x05, 0xE0, 0x00, 0x01, 0x0E, 0x1F, 0xBC, 0xF3, 0x83,
    0x0F, 0xE0, 0x1C, 0xC7, 0x0F, 0x3E, 0x1C, 0x3C, 0xE0, 0x1D, 0x87, 0x0F, 0xE0, 0x88, 0xE3, 0xDD, 0xE1, 0xF0, 0x01, 0xF0, 0x83, 0x77, 0x38, 0xC7,
    0xF1, 0xE1, 0xE0, 0x07, 0x80, 0x07, 0xC7, 0xF1, 0xEE, 0xC0, 0x1D, 0x3E, 0x70, 0x07, 0x00, 0x2E, 0x1C, 0x00, 0x30, 0x70, 0x1C, 0x00, 0x30, 0xF0,
    0x0F, 0x00, 0x30, 0xE0, 0x07, 0x00, 0xFF, 0x00, 0xFF, 0x00, 0x95, 0x3E, 0x00, 0x05, 0xC0, 0x3F, 0x38, 0x00, 0x28, 0x80, 0xFF, 0x00, 0x05, 0xC0,
    0xFF, 0x38, 0x00, 0x28, 0xC0, 0xFF, 0x00, 0x05, 0xC0, 0xFF, 0x00, 0x29, 0xC0, 0xE1, 0xE1, 0xE3, 0x9E, 0x07, 0x1F, 0xC0, 0xE1, 0x39, 0x7E, 0xF0,
    0x00, 0x26, 0xE0, 0xC0, 0xF0, 0xE7, 0xFF, 0x8F, 0x3F, 0xC0, 0xC1, 0x39, 0xFF, 0xF8, 0x01, 0x00, 0x25, 0xE0, 0x00, 0x01, 0x18, 0xE7, 0x79, 0xCE,
    0x71, 0xC0, 0xC1, 0x39, 0xE7, 0xBC, 0x03, 0x00, 0x25, 0xE0, 0xF8, 0x81, 0xE7, 0x38, 0xCE, 0x71, 0xC0, 0xC1, 0x39, 0x0F, 0x1C, 0x01, 0x00, 0x25,
    0xE0, 0xF8, 0xE1, 0xE7, 0x38, 0xCE, 0x7F, 0xC0, 0xC1, 0x39, 0x3E, 0x1C, 0x00, 0x26, 0xE0, 0xF8, 0x71, 0xE7, 0x38, 0xCE, 0x7F, 0xC0, 0xC1, 0x39,
    0x7C, 0x1C, 0x00, 0x26, 0xC0, 0xC1, 0x39, 0xE7, 0x38, 0xCE, 0x01, 0xC0, 0xE1, 0x39, 0xF0, 0x1C, 0x01, 0x00, 0x25, 0xC0, 0xFF, 0x39, 0xE7, 0x38,
    0xCE, 0x71, 0xC0, 0xFF, 0x38, 0xE7, 0xBC, 0x73, 0x00, 0x25, 0x80, 0xFF, 0xF8, 0xE7, 0x38, 0x8E, 0x3F, 0xC0, 0xFF, 0x38, 0xFF, 0xF8, 0x71, 0x00,
    0x26, 0x3E, 0xF0, 0xEE, 0x38, 0x0E, 0x1F, 0xC0, 0x3F, 0x38, 0x7E, 0xF0, 0x70, 0x00, 0xFF, 0x00, 0xFF, 0x00, 0xFF, 0x00, 0xFF, 0x00, 0xFF, 0x00,
    0xFF, 0x00, 0xFF, 0x00, 0xFF, 0x00, 0xFF, 0x00, 0xFF, 0x00, 0xFF, 0x00, 0xFF, 0x00, 0xFF, 0x00, 0xFF, 0x00, 0xFF, 0x00, 0xFF, 0x00, 0x02, 0x00,
};
}

namespace HEADER_Loading_eng
{
const unsigned char g_ImageData[0xAD] = {
    0x00, 0xA2, 0x38, 0x00, 0x01, 0x3C, 0x80, 0x0F, 0xFE, 0xC1, 0x39, 0x38, 0xF0, 0x01, 0x00, 0x05, 0x38, 0x00, 0x01, 0xFF, 0x80, 0x0F, 0xFE, 0xC7,
    0x79, 0x38, 0xFC, 0x07, 0x00, 0x05, 0x38, 0x80, 0xFF, 0x81, 0x0F, 0xFE, 0xC7, 0xF9, 0x38, 0xFE, 0x07, 0x00, 0x05, 0x38, 0x80, 0xC3, 0xC1, 0x1D,
    0x0E, 0xCF, 0xF9, 0x38, 0x0E, 0x0F, 0x00, 0x05, 0x38, 0xC0, 0x81, 0xC3, 0x1D, 0x0E, 0xCE, 0xF9, 0x39, 0x07, 0x06, 0x00, 0x05, 0x38, 0xC0, 0x81,
    0xC3, 0x1D, 0x0E, 0xCE, 0xB9, 0x39, 0x07, 0x00, 0x06, 0x38, 0xC0, 0x81, 0xE3, 0x38, 0x0E, 0xCE, 0xB9, 0x3B, 0xC7, 0x0F, 0x00, 0x05, 0x38, 0xC0,
    0x81, 0xE3, 0x3F, 0x0E, 0xCE, 0x39, 0x3B, 0xC7, 0x0F, 0x00, 0x05, 0x38, 0xC0, 0x81, 0xE3, 0x3F, 0x0E, 0xCE, 0x39, 0x3F, 0xC7, 0x0F, 0x00, 0x05,
    0x38, 0x80, 0xC3, 0xF1, 0x7F, 0x0E, 0xCF, 0x39, 0x3E, 0x0E, 0x0E, 0x00, 0x05, 0xF8, 0x8F, 0xFF, 0x71, 0x70, 0xFE, 0xC7, 0x39, 0x3E, 0xFE, 0x0F,
    0x00, 0x05, 0xF8, 0x0F, 0xFF, 0x70, 0x70, 0xFE, 0xC7, 0x39, 0x3C, 0xFC, 0x07, 0x00, 0x05, 0xF8, 0x0F, 0x3C, 0x38, 0xE0, 0xFE, 0xC1, 0x39, 0x38,
    0xF0, 0x01, 0x00, 0x92, 0x00,
};
}

namespace HEADER_NoDiskImage_jpn
{
const unsigned char g_ImageData[0x80D] = {
    0x00, 0xFF, 0x00, 0xFF, 0x00, 0xFF, 0x00, 0xFF, 0x00, 0xFF, 0x00, 0x22, 0x10, 0x00, 0x01, 0x08, 0x00, 0x2D, 0x04, 0xC2, 0xB7, 0x00, 0x01, 0x09,
    0x00, 0x03, 0x10, 0x00, 0x03, 0x04, 0x00, 0x1E, 0xC0, 0xFF, 0x83, 0xFF, 0x01, 0x00, 0x02, 0x84, 0x04, 0x64, 0x02, 0x09, 0x80, 0x00, 0x02, 0x10,
    0x80, 0x00, 0x02, 0x04, 0x00, 0x1F, 0x08, 0x00, 0x05, 0x24, 0xC5, 0x22, 0x01, 0x09, 0x80, 0x00, 0x01, 0xC0, 0xFF, 0x83, 0x00, 0x02, 0x12, 0x00,
    0x1F, 0x08, 0x00, 0x05, 0x44, 0x80, 0xC3, 0x80, 0xFF, 0x83, 0x00, 0x02, 0x10, 0x80, 0x00, 0x01, 0x80, 0x0F, 0x00, 0x1F, 0x08, 0xC0, 0xFF, 0x03,
    0x00, 0x01, 0xC0, 0x5F, 0x00, 0x01, 0xC1, 0x80, 0x08, 0x80, 0x00, 0x02, 0x10, 0x80, 0x00, 0x02, 0xF2, 0x03, 0x00, 0x1E, 0x08, 0x00, 0x02, 0x02,
    0x00, 0x02, 0xA2, 0xC0, 0x7F, 0x43, 0x08, 0x80, 0x00, 0x01, 0xC0, 0xFF, 0x83, 0x00, 0x02, 0x02, 0x00, 0x1F, 0x08, 0x00, 0x02, 0xE1, 0xFF, 0x03,
    0xA1, 0x60, 0x22, 0x26, 0x08, 0x80, 0x00, 0x02, 0x10, 0x80, 0x00, 0x02, 0x01, 0x00, 0x1F, 0x08, 0x00, 0x02, 0x01, 0x00, 0x02, 0x21, 0xC0, 0xFF,
    0x83, 0xFF, 0x81, 0x00, 0x02, 0x10, 0x80, 0x00, 0x02, 0x01, 0x00, 0x1F, 0x08, 0x00, 0x01, 0x80, 0x00, 0x02, 0x80, 0x20, 0x00, 0x01, 0x22, 0x00,
    0x01, 0x08, 0x80, 0x00, 0x01, 0x01, 0x7F, 0x80, 0x00, 0x01, 0x01, 0x09, 0x00, 0x1F, 0x08, 0x00, 0x01, 0x40, 0x00, 0x02, 0x80, 0x20, 0x00, 0x01,
    0x22, 0x00, 0x01, 0x08, 0x80, 0x80, 0x80, 0xD1, 0x80, 0x80, 0x80, 0x04, 0xC0, 0x01, 0x00, 0x1D, 0x08, 0x00, 0x01, 0x30, 0x00, 0x02, 0x40, 0x20,
    0x00, 0x01, 0x21, 0x04, 0x08, 0x80, 0xC0, 0x80, 0x10, 0x81, 0xC0, 0x80, 0x04, 0x20, 0x02, 0x00, 0x1C, 0xE0, 0xFF, 0x07, 0x18, 0x00, 0x02, 0x20,
    0x10, 0x80, 0x21, 0x04, 0x08, 0x00, 0x01, 0x61, 0x80, 0x08, 0x02, 0x61, 0x80, 0x04, 0x22, 0x02, 0x00, 0x1F, 0x06, 0x00, 0x03, 0x0E, 0x60, 0xE0,
    0xC3, 0xFF, 0x07, 0x1E, 0x00, 0x01, 0x0F, 0x00, 0x01, 0x1E, 0x40, 0xF8, 0x23, 0x02, 0x00, 0x30, 0xC0, 0x01, 0x00, 0xFF, 0x00, 0xFF, 0x00, 0xFF,
    0x00, 0xFF, 0x00, 0xFF, 0x00, 0xFF, 0x00, 0xFF, 0x00, 0xA0, 0x08, 0x00, 0x01, 0x01, 0x00, 0x0D, 0x08, 0x00, 0x12, 0x81, 0x41, 0x01, 0x00, 0x02,
    0x08, 0x00, 0x01, 0x02, 0x00, 0x02, 0x02, 0x08, 0x00, 0x03, 0x08, 0x00, 0x01, 0xF9, 0x07, 0x00, 0x0A, 0x08, 0x00, 0x01, 0x08, 0x00, 0x05, 0x08,
    0x00, 0x0B, 0x80, 0x00, 0x01, 0x86, 0x02, 0x00, 0x02, 0x04, 0x00, 0x01, 0x02, 0x00, 0x01, 0x88, 0x04, 0x04, 0xC0, 0x00, 0x02, 0xCC, 0x01, 0x89,
    0x84, 0x00, 0x02, 0x80, 0x83, 0x7F, 0x05, 0x00, 0x01, 0x80, 0xFF, 0x01, 0x04, 0x00, 0x01, 0xCC, 0xF1, 0x1F, 0x80, 0xC0, 0x40, 0x08, 0x81, 0x00,
    0x02, 0x80, 0x03, 0x04, 0x00, 0x01, 0x06, 0x00, 0x03, 0xC0, 0x00, 0x01, 0x88, 0x00, 0x03, 0xFC, 0x03, 0x02, 0x00, 0x01, 0x08, 0x05, 0xFE, 0x03,
    0x03, 0x80, 0x3F, 0xE0, 0x8F, 0x84, 0x00, 0x01, 0xE0, 0x7F, 0x00, 0x02, 0x0A, 0x80, 0x00, 0x01, 0x80, 0x01, 0xFC, 0x83, 0x3F, 0x40, 0xF4, 0x83,
    0x80, 0x40, 0x08, 0x81, 0x00, 0x01, 0xE0, 0x7F, 0x00, 0x01, 0x44, 0x00, 0x01, 0x39, 0x00, 0x03, 0x20, 0x00, 0x02, 0x80, 0xFF, 0x00, 0x01, 0x02,
    0x02, 0x02, 0x00, 0x01, 0x08, 0x01, 0x02, 0x03, 0x04, 0x00, 0x01, 0x06, 0x00, 0x01, 0xF9, 0x87, 0x00, 0x02, 0x30, 0x00, 0x02, 0x02, 0x40, 0x00,
    0x01, 0x80, 0x00, 0x01, 0x02, 0x02, 0x06, 0x40, 0x24, 0x82, 0x80, 0x40, 0x08, 0x81, 0x00, 0x02, 0x30, 0x00, 0x01, 0x84, 0x00, 0x01, 0x61, 0x00,
    0x03, 0x10, 0x60, 0x00, 0x01, 0x02, 0x08, 0x00, 0x01, 0x01, 0x02, 0x0E, 0xE0, 0xFF, 0x07, 0x01, 0x01, 0x00, 0x01, 0x02, 0x1E, 0x02, 0x89, 0x84,
    0x00, 0x02, 0x18, 0x00, 0x03, 0x20, 0x00, 0x01, 0xC0, 0x00, 0x01, 0x01, 0x02, 0x1E, 0xC2, 0x27, 0x82, 0x80, 0x40, 0x08, 0x81, 0x00, 0x02, 0x18,
    0xC0, 0x9F, 0x80, 0x00, 0x04, 0x18, 0x80, 0x03, 0x03, 0x08, 0x80, 0x01, 0x03, 0x1E, 0x00, 0x01, 0x08, 0xC0, 0x8C, 0x01, 0x00, 0x01, 0x03, 0xA3,
    0x01, 0x8F, 0x84, 0x00, 0x02, 0x08, 0xE0, 0xFF, 0x07, 0x10, 0x00, 0x01, 0x60, 0x80, 0x01, 0x03, 0xA3, 0x41, 0x24, 0x82, 0x82, 0xC0, 0xFF, 0x81,
    0x00, 0x02, 0x08, 0x00, 0x01, 0x22, 0x81, 0x00, 0x04, 0x16, 0x00, 0x01, 0x04, 0x01, 0x08, 0xC0, 0x00, 0x01, 0x01, 0x72, 0x00, 0x01, 0x49, 0x80,
    0xB0, 0x00, 0x02, 0x01, 0x71, 0x80, 0x89, 0x84, 0x00, 0x02, 0x04, 0x00, 0x01, 0x10, 0x00, 0x01, 0x18, 0x00, 0x01, 0x20, 0xC0, 0x00, 0x01, 0x01,
    0x71, 0x40, 0x24, 0x81, 0x82, 0x00, 0x01, 0x08, 0x80, 0x00, 0x02, 0x04, 0x00, 0x01, 0x21, 0xC1, 0x3F, 0x00, 0x03, 0x13, 0x00, 0x01, 0x80, 0x00,
    0x01, 0x08, 0x00, 0x01, 0x80, 0x01, 0xC2, 0x00, 0x01, 0x89, 0x00, 0x01, 0xC0, 0x00, 0x01, 0x80, 0x80, 0x3C, 0x60, 0xF9, 0x87, 0x00, 0x02, 0x04,
    0x00, 0x01, 0x10, 0x00, 0x01, 0x16, 0x00, 0x01, 0x70, 0x00, 0x01, 0x80, 0x81, 0x3C, 0xC0, 0x47, 0x81, 0x83, 0x40, 0x08, 0x81, 0x00, 0x02, 0x04,
    0x00, 0x01, 0x21, 0xC0, 0x41, 0x00, 0x02, 0xC0, 0x10, 0x00, 0x01, 0x40, 0x00, 0x01, 0x08, 0x00, 0x01, 0x80, 0x00, 0x01, 0x82, 0x81, 0x88, 0x00,
    0x01, 0xA0, 0x01, 0x40, 0x40, 0x26, 0x00, 0x01, 0x89, 0x84, 0x00, 0x01, 0x01, 0x04, 0x00, 0x01, 0x10, 0x00, 0x01, 0x13, 0x00, 0x01, 0xD8, 0x01,
    0x80, 0x40, 0x26, 0x40, 0x44, 0x81, 0x81, 0x40, 0x08, 0x81, 0x00, 0x01, 0x01, 0x04, 0x80, 0x20, 0x00, 0x01, 0x80, 0x00, 0x03, 0x10, 0x00, 0x01,
    0x30, 0x00, 0x01, 0x08, 0x00, 0x01, 0x40, 0x00, 0x01, 0x02, 0xC3, 0x08, 0x01, 0x10, 0x03, 0x20, 0x00, 0x01, 0x22, 0x00, 0x01, 0x81, 0x80, 0x80,
    0x00, 0x01, 0x04, 0x00, 0x01, 0x08, 0x00, 0x01, 0x10, 0x00, 0x01, 0x0C, 0x03, 0x40, 0x00, 0x01, 0x22, 0x40, 0xC4, 0x00, 0x01, 0x81, 0x40, 0x08,
    0x81, 0x80, 0x00, 0x01, 0x04, 0x80, 0x20, 0x00, 0x01, 0x80, 0x00, 0x03, 0x10, 0x00, 0x01, 0x1C, 0xC0, 0xFF, 0x01, 0x30, 0x00, 0x01, 0x02, 0x40,
    0x08, 0x02, 0x0C, 0x00, 0x01, 0x18, 0x00, 0x01, 0x02, 0x00, 0x01, 0x81, 0x80, 0xC0, 0x00, 0x01, 0x08, 0x00, 0x01, 0x08, 0x00, 0x01, 0x10, 0x00,
    0x01, 0x06, 0x06, 0x30, 0x00, 0x01, 0x02, 0x40, 0xC4, 0x00, 0x01, 0x41, 0x40, 0x08, 0x81, 0xC0, 0x00, 0x01, 0x08, 0x40, 0x20, 0x00, 0x01, 0x80,
    0xC0, 0x00, 0x02, 0x10, 0x00, 0x01, 0x07, 0x00, 0x03, 0x18, 0x00, 0x01, 0x02, 0x20, 0x08, 0x02, 0x03, 0x00, 0x01, 0x06, 0x00, 0x01, 0xFC, 0x03,
    0x81, 0x00, 0x01, 0x61, 0x00, 0x01, 0x30, 0x00, 0x01, 0x04, 0x00, 0x01, 0x10, 0x80, 0x03, 0x0C, 0x18, 0x00, 0x01, 0xFC, 0xC3, 0xE7, 0x01, 0x40,
    0xC0, 0xFF, 0x01, 0x61, 0x00, 0x01, 0x30, 0x20, 0x10, 0x80, 0x41, 0x80, 0x01, 0x00, 0x01, 0x10, 0xC0, 0x00, 0x04, 0x06, 0x00, 0x01, 0x02, 0x00,
    0x01, 0x08, 0xC0, 0x00, 0x01, 0xC0, 0x01, 0x00, 0x02, 0xC0, 0x81, 0x00, 0x01, 0x1E, 0x00, 0x01, 0xC0, 0x00, 0x01, 0x03, 0x00, 0x01, 0x10, 0xC0,
    0x00, 0x01, 0x08, 0x06, 0x00, 0x02, 0x70, 0x34, 0x03, 0x20, 0x40, 0x00, 0x01, 0x01, 0x1E, 0x00, 0x01, 0xC0, 0x00, 0x01, 0x0E, 0x80, 0x3F, 0x00,
    0x01, 0x03, 0x00, 0x01, 0x10, 0x00, 0x07, 0x02, 0x00, 0x01, 0x0E, 0x00, 0x17, 0x1C, 0x06, 0x30, 0x00, 0x0B, 0x02, 0x00, 0xFF, 0x00, 0xFF, 0x00,
    0x5B, 0x10, 0x00, 0x09, 0x08, 0x00, 0x27, 0x10, 0x00, 0x01, 0x42, 0x00, 0x02, 0xE0, 0xFF, 0xC3, 0xFE, 0x07, 0x08, 0x00, 0x27, 0x10, 0x00, 0x01,
    0x42, 0x00, 0x03, 0x08, 0x00, 0x01, 0x43, 0x00, 0x01, 0xCC, 0x01, 0x00, 0x03, 0x80, 0x00, 0x01, 0x80, 0x00, 0x02, 0x80, 0x03, 0x00, 0x1B, 0xC0,
    0xFF, 0x07, 0x43, 0x00, 0x01, 0x7C, 0xE0, 0xFF, 0x03, 0xFA, 0x83, 0x3F, 0x00, 0x01, 0x0F, 0xFC, 0xF1, 0x87, 0xFC, 0x81, 0x00, 0x01, 0xE0, 0x7F,
    0x00, 0x1D, 0x38, 0x00, 0x01, 0xFD, 0x03, 0x8B, 0xE1, 0xFF, 0x63, 0x0A, 0x02, 0x06, 0xC0, 0x30, 0x04, 0x10, 0x40, 0x00, 0x01, 0x80, 0x00, 0x02,
    0x30, 0x00, 0x1D, 0x54, 0x80, 0xE1, 0x80, 0x08, 0x01, 0x08, 0x80, 0xFA, 0x03, 0x1E, 0x42, 0x20, 0x04, 0x10, 0x40, 0x00, 0x01, 0x80, 0x00, 0x02,
    0x18, 0x00, 0x1D, 0x54, 0x80, 0xE1, 0xC0, 0x08, 0xC2, 0xFF, 0x01, 0x0A, 0x02, 0xA3, 0x21, 0x40, 0x04, 0x10, 0x40, 0x00, 0x01, 0x80, 0x00, 0x02,
    0x08, 0x00, 0x1D, 0x92, 0xC0, 0x51, 0x41, 0x08, 0xC2, 0xFF, 0x81, 0x0A, 0x02, 0x71, 0x20, 0x40, 0x04, 0x10, 0x40, 0x00, 0x01, 0x80, 0x00, 0x02,
    0x04, 0x00, 0x1D, 0x93, 0x21, 0x51, 0x41, 0x04, 0x42, 0x08, 0x81, 0xFA, 0x83, 0x3C, 0x20, 0x40, 0xFC, 0xF0, 0x43, 0x00, 0x01, 0x80, 0x00, 0x02,
    0x04, 0x00, 0x1C, 0x80, 0x11, 0x03, 0x49, 0x43, 0x04, 0xC2, 0xFF, 0x81, 0x52, 0x41, 0x26, 0x20, 0x40, 0x04, 0x10, 0x40, 0x05, 0x80, 0x00, 0x01,
    0x01, 0x04, 0x00, 0x1C, 0xC0, 0xFE, 0x06, 0x45, 0x42, 0x04, 0x43, 0x08, 0x41, 0x52, 0x02, 0x22, 0x20, 0x40, 0x04, 0x10, 0xC0, 0x05, 0x80, 0x80,
    0x00, 0x01, 0x04, 0x00, 0x1C, 0x20, 0x10, 0x0C, 0xFF, 0x85, 0x02, 0xC1, 0xFF, 0x45, 0x49, 0x04, 0x02, 0x40, 0x20, 0x04, 0x10, 0xC0, 0x04, 0x83,
    0xC0, 0x00, 0x01, 0x08, 0xC0, 0x00, 0x1C, 0x10, 0x00, 0x01, 0x41, 0x00, 0x01, 0x83, 0x00, 0x01, 0x08, 0x44, 0x45, 0x04, 0xFC, 0xC3, 0x30, 0x04,
    0x10, 0x80, 0xF8, 0x03, 0x61, 0x00, 0x01, 0x30, 0x80, 0x01, 0x00, 0x1B, 0x10, 0x00, 0x01, 0x41, 0x00, 0x01, 0x60, 0x00, 0x01, 0xF8, 0xA3, 0x70,
    0x00, 0x03, 0x0F, 0x04, 0x10, 0x00, 0x03, 0x1E, 0x00, 0x01, 0xC0, 0x00, 0x01, 0x03, 0x00, 0x1B, 0x10, 0x00, 0x01, 0x41, 0x00, 0x13, 0x02, 0x00,
    0xFF, 0x00, 0xFF, 0x00, 0x75, 0x10, 0x00, 0x06, 0x80, 0x00, 0x03, 0x02, 0x00, 0x05, 0x80, 0x04, 0x00, 0x05, 0x01, 0x00, 0x19, 0x10, 0x00, 0x01,
    0x42, 0x00, 0x04, 0x80, 0xFE, 0xC1, 0x0F, 0x03, 0xF0, 0x03, 0x08, 0x00, 0x02, 0x80, 0x04, 0x06, 0x00, 0x03, 0x80, 0x05, 0x01, 0x00, 0x06, 0x02,
    0x01, 0x04, 0x00, 0x0F, 0x10, 0x00, 0x01, 0x42, 0x00, 0x02, 0xF0, 0x1F, 0x80, 0x08, 0x01, 0x10, 0xC1, 0x17, 0x82, 0xFF, 0x01, 0x00, 0x01, 0x80,
    0x84, 0x03, 0xFF, 0x81, 0x00, 0x01, 0x80, 0x08, 0x01, 0x00, 0x02, 0x80, 0x03, 0x80, 0x00, 0x01, 0x42, 0x02, 0x0C, 0x40, 0x40, 0x00, 0x0C, 0xC0,
    0xFF, 0x07, 0x43, 0x00, 0x01, 0x7C, 0x40, 0xF4, 0xE3, 0x0B, 0xE1, 0xA7, 0x40, 0x14, 0x02, 0x08, 0x01, 0x7C, 0x80, 0x7C, 0x04, 0x00, 0x01, 0x80,
    0xFC, 0x41, 0x98, 0x00, 0x02, 0xE0, 0x7F, 0x00, 0x01, 0x60, 0x00, 0x01, 0x89, 0x00, 0x01, 0x88, 0x41, 0xC0, 0x00, 0x0D, 0x38, 0x00, 0x01, 0xFD,
    0x03, 0x8B, 0x41, 0x24, 0x82, 0x88, 0x00, 0x01, 0xF8, 0x43, 0x14, 0xE2, 0xFF, 0x07, 0x8B, 0xE1, 0x07, 0x04, 0x00, 0x01, 0x40, 0x00, 0x01, 0x20,
    0x52, 0x00, 0x01, 0x7E, 0x00, 0x01, 0x30, 0x00, 0x01, 0x10, 0xC0, 0x07, 0x00, 0x01, 0x78, 0x40, 0x80, 0x00, 0x0D, 0x54, 0x80, 0xE1, 0x80, 0x08,
    0xC1, 0x27, 0x82, 0x88, 0xC3, 0x0B, 0xC2, 0xF7, 0x83, 0xFF, 0x81, 0x08, 0x81, 0xFC, 0x83, 0xFF, 0x43, 0x00, 0x02, 0xFD, 0x83, 0x81, 0x00, 0x01,
    0x18, 0x00, 0x01, 0x0C, 0x00, 0x01, 0xF9, 0xC1, 0x17, 0x40, 0x80, 0x00, 0x0D, 0x54, 0x80, 0xE1, 0xC0, 0x08, 0x42, 0x24, 0x82, 0x98, 0x02, 0x08,
    0x42, 0x14, 0x02, 0x08, 0xC0, 0x08, 0x82, 0x00, 0x02, 0x10, 0x40, 0x00, 0x01, 0x80, 0x21, 0x00, 0x01, 0x80, 0x00, 0x01, 0x08, 0x00, 0x01, 0x03,
    0x00, 0x01, 0x01, 0x00, 0x01, 0x20, 0x40, 0x80, 0x00, 0x0D, 0x92, 0xC0, 0x51, 0x41, 0x08, 0x42, 0x24, 0x81, 0x1B, 0x03, 0x08, 0x42, 0x14, 0xC2,
    0xFF, 0x43, 0x08, 0x82, 0x00, 0x02, 0x50, 0x40, 0x00, 0x01, 0xC0, 0x20, 0x00, 0x01, 0x80, 0x00, 0x01, 0x04, 0xC0, 0x00, 0x01, 0x80, 0x00, 0x02,
    0x3E, 0x40, 0x00, 0x01, 0x01, 0x00, 0x0C, 0x93, 0x21, 0x51, 0x41, 0x04, 0xC2, 0x47, 0xC1, 0x28, 0xC1, 0xFB, 0x43, 0xF4, 0xE3, 0xFF, 0x47, 0x04,
    0x82, 0xFB, 0x03, 0x92, 0x40, 0x00, 0x01, 0xA0, 0x24, 0x00, 0x01, 0x80, 0x00, 0x01, 0x04, 0xC0, 0x00, 0x01, 0x80, 0x00, 0x02, 0x61, 0x40, 0x00,
    0x01, 0x01, 0x00, 0x0B, 0x80, 0x11, 0x03, 0x49, 0x43, 0x04, 0x42, 0x44, 0xE1, 0xE4, 0x01, 0xA0, 0xC0, 0x17, 0x02, 0x00, 0x01, 0x40, 0x04, 0x82,
    0x08, 0x02, 0x13, 0x41, 0x05, 0x80, 0xE4, 0x01, 0x40, 0x00, 0x01, 0x04, 0x00, 0x01, 0x03, 0x80, 0x04, 0x80, 0x00, 0x01, 0x40, 0x10, 0x01, 0x00,
    0x0B, 0xC0, 0xFE, 0x06, 0x45, 0x42, 0x04, 0x43, 0xC4, 0x80, 0xC4, 0xC0, 0xA3, 0x40, 0x14, 0x82, 0xFF, 0x41, 0x04, 0xE3, 0xF8, 0x03, 0x11, 0xC2,
    0x05, 0x80, 0x24, 0x00, 0x01, 0x3C, 0x00, 0x01, 0x04, 0x00, 0x01, 0x0C, 0x40, 0x02, 0x80, 0x00, 0x01, 0x80, 0x10, 0xC0, 0x01, 0x00, 0x0A, 0x20,
    0x10, 0x0C, 0xFF, 0x85, 0x02, 0x41, 0xC4, 0x80, 0xE6, 0x40, 0xB2, 0x00, 0x01, 0x08, 0x82, 0xFF, 0x81, 0x02, 0x81, 0x08, 0x82, 0x10, 0xC6, 0x04,
    0x83, 0x24, 0x00, 0x03, 0x08, 0x00, 0x01, 0x10, 0x40, 0x02, 0x80, 0x00, 0x01, 0x80, 0x08, 0x20, 0x02, 0x00, 0x0B, 0x10, 0x00, 0x01, 0x41, 0x00,
    0x01, 0x83, 0xC0, 0xE7, 0x81, 0x32, 0x43, 0x92, 0x04, 0x0C, 0x82, 0x00, 0x01, 0x01, 0x83, 0x80, 0x08, 0x42, 0x10, 0x84, 0xF8, 0x83, 0x3A, 0x00,
    0x03, 0x30, 0x00, 0x01, 0x60, 0x40, 0x02, 0x01, 0xC1, 0x00, 0x01, 0x09, 0x20, 0x02, 0x00, 0x0B, 0x10, 0x00, 0x01, 0x41, 0x00, 0x01, 0x60, 0x70,
    0x34, 0xC3, 0x0D, 0xC6, 0x8B, 0x04, 0x86, 0x83, 0xFF, 0x01, 0x60, 0x80, 0xF8, 0x03, 0x10, 0x00, 0x02, 0x80, 0xF2, 0x07, 0x00, 0x02, 0xC0, 0x00,
    0x01, 0x80, 0x20, 0xFC, 0x01, 0x3E, 0x00, 0x01, 0x07, 0x20, 0x02, 0x00, 0x0B, 0x10, 0x00, 0x01, 0x41, 0x00, 0x03, 0x1C, 0x06, 0x00, 0x01, 0x40,
    0x86, 0x07, 0x00, 0x01, 0x80, 0x00, 0x01, 0x01, 0x00, 0x01, 0xE0, 0x08, 0x02, 0x1C, 0x00, 0x02, 0x80, 0x01, 0x00, 0x0C, 0xC0, 0x01, 0x00, 0xFF,
    0x00, 0xFF, 0x00, 0xFF, 0x00, 0xFF, 0x00, 0xFF, 0x00, 0xFF, 0x00, 0xFF, 0x00, 0xFF, 0x00, 0xFF, 0x00, 0xFF, 0x00, 0x3B, 0x00,
};
}

namespace HEADER_FatalErrorImage_jpn
{
const unsigned char g_ImageData[0x4F5] = {
    0x00, 0xFF, 0x00, 0xFF, 0x00, 0xFF, 0x00, 0xFF, 0x00, 0xFF, 0x00, 0xFF, 0x00, 0xFF, 0x00, 0xFF, 0x00, 0xFF, 0x00, 0xFF, 0x00, 0xFF, 0x00, 0xFF,
    0x00, 0xFF, 0x00, 0xFF, 0x00, 0x95, 0x20, 0x00, 0x06, 0x60, 0x00, 0x01, 0x20, 0x00, 0x1C, 0x0C, 0x18, 0x00, 0x01, 0x18, 0x00, 0x03, 0x06, 0x00,
    0x04, 0x70, 0x00, 0x01, 0x0C, 0x00, 0x04, 0xD8, 0x00, 0x01, 0x7E, 0x00, 0x05, 0x06, 0x18, 0xC0, 0x00, 0x11, 0xC0, 0xFF, 0x0F, 0x0C, 0x18, 0x00,
    0x01, 0x18, 0xF0, 0xFF, 0x00, 0x01, 0x06, 0x00, 0x01, 0xFE, 0x1F, 0x00, 0x01, 0x38, 0x00, 0x01, 0x0C, 0x00, 0x03, 0xFF, 0xF7, 0xF8, 0x1F, 0x00,
    0x05, 0x3E, 0x36, 0xC0, 0x60, 0x00, 0x10, 0xC0, 0xFF, 0x0F, 0x0C, 0x18, 0x00, 0x01, 0x18, 0xF0, 0xFF, 0x00, 0x01, 0x06, 0x00, 0x01, 0xFE, 0x1F,
    0x00, 0x01, 0x1C, 0x00, 0x01, 0x0C, 0x00, 0x03, 0xFF, 0x37, 0xF0, 0x07, 0x00, 0x01, 0x06, 0x00, 0x03, 0x78, 0x3C, 0xC0, 0xD8, 0x00, 0x12, 0x06,
    0x0C, 0x18, 0xFE, 0xFF, 0x01, 0x60, 0x00, 0x01, 0x06, 0x00, 0x04, 0x0E, 0xF0, 0xFF, 0x03, 0x00, 0x03, 0x07, 0x00, 0x01, 0x06, 0x00, 0x01, 0x06,
    0x00, 0x03, 0x40, 0x0C, 0xC0, 0xF0, 0x00, 0x12, 0x03, 0x0C, 0x18, 0xFE, 0xFF, 0x01, 0x60, 0x00, 0x01, 0x06, 0x00, 0x04, 0x07, 0xF0, 0xFF, 0x03,
    0x00, 0x03, 0x03, 0x00, 0x01, 0x06, 0x00, 0x01, 0xFE, 0x01, 0x00, 0x01, 0x80, 0x03, 0x20, 0xC0, 0x30, 0x00, 0x11, 0x80, 0x01, 0x0C, 0x18, 0x00,
    0x01, 0x1E, 0x00, 0x01, 0x30, 0x00, 0x01, 0x1E, 0x00, 0x01, 0xFF, 0x3F, 0x80, 0x07, 0x00, 0x01, 0x0C, 0x03, 0x00, 0x02, 0x80, 0x03, 0xFC, 0xFF,
    0xC1, 0xFF, 0x01, 0x00, 0x01, 0x80, 0x0F, 0x70, 0xC0, 0x03, 0x00, 0x11, 0x82, 0x01, 0x0C, 0x18, 0x00, 0x01, 0x1B, 0x00, 0x01, 0x38, 0x00, 0x01,
    0x7E, 0x00, 0x01, 0xFF, 0x3F, 0xE0, 0x07, 0x00, 0x01, 0x0C, 0xC3, 0xFF, 0x1F, 0x80, 0x01, 0xFC, 0xFF, 0xC1, 0x8F, 0xC0, 0xFF, 0x1F, 0x1E, 0x30,
    0xC0, 0x0F, 0x00, 0x11, 0xC7, 0x00, 0x01, 0x0C, 0x18, 0x80, 0x19, 0x00, 0x01, 0x1C, 0x00, 0x01, 0xE6, 0x01, 0x00, 0x01, 0x30, 0x70, 0x06, 0x00,
    0x01, 0x0C, 0xC3, 0xFF, 0x1F, 0xC0, 0x01, 0x00, 0x01, 0x06, 0x00, 0x01, 0xCC, 0xC0, 0xFF, 0x1F, 0x10, 0x18, 0xC0, 0x38, 0x00, 0x11, 0x6E, 0x00,
    0x01, 0x0C, 0x18, 0xC0, 0x18, 0x00, 0x01, 0x3C, 0x00, 0x01, 0x86, 0x03, 0x00, 0x01, 0x18, 0x3C, 0x06, 0x00, 0x01, 0x06, 0x03, 0x00, 0x02, 0xC0,
    0x01, 0x00, 0x01, 0x06, 0x00, 0x01, 0xEC, 0x00, 0x04, 0x1C, 0xC0, 0xF0, 0x00, 0x11, 0x3C, 0x00, 0x02, 0x1C, 0x60, 0x18, 0x00, 0x01, 0x76, 0x00,
    0x01, 0x06, 0x07, 0x00, 0x01, 0x0C, 0x08, 0x06, 0x00, 0x01, 0x06, 0x03, 0x00, 0x02, 0xE0, 0x03, 0x00, 0x01, 0x06, 0x00, 0x01, 0x6C, 0x00, 0x04,
    0x0E, 0xC0, 0xC0, 0x01, 0x00, 0x10, 0x38, 0x00, 0x02, 0x0C, 0x38, 0x18, 0x80, 0xC3, 0x00, 0x01, 0x06, 0x02, 0x00, 0x01, 0x06, 0x00, 0x01, 0x06,
    0x00, 0x01, 0x03, 0x03, 0x00, 0x02, 0x70, 0x06, 0x00, 0x01, 0x03, 0x00, 0x01, 0x0C, 0x00, 0x03, 0x80, 0x07, 0xC0, 0x80, 0x00, 0x11, 0x70, 0x00,
    0x02, 0x06, 0x1E, 0x18, 0xC0, 0x81, 0x01, 0x06, 0x00, 0x02, 0x03, 0x00, 0x01, 0x06, 0x80, 0x83, 0x03, 0x00, 0x02, 0x38, 0x0C, 0x00, 0x01, 0x03,
    0x00, 0x01, 0x18, 0x00, 0x03, 0xE0, 0x01, 0xC0, 0x00, 0x12, 0xE0, 0x00, 0x01, 0x80, 0x03, 0x04, 0x18, 0xF0, 0x80, 0x03, 0x06, 0x00, 0x01, 0xC0,
    0x01, 0x00, 0x01, 0x06, 0xE0, 0x81, 0x01, 0x00, 0x02, 0x1C, 0x18, 0xC0, 0x01, 0x00, 0x01, 0x18, 0x00, 0x03, 0xF8, 0x00, 0x01, 0xC0, 0x00, 0x12,
    0xC0, 0x01, 0xE0, 0x01, 0x00, 0x01, 0x1F, 0x78, 0x00, 0x01, 0x07, 0x06, 0x00, 0x01, 0xF0, 0x00, 0x02, 0x06, 0xF0, 0xF0, 0x01, 0x00, 0x02, 0x0F,
    0x30, 0xF0, 0x00, 0x02, 0x18, 0x00, 0x03, 0x3E, 0x00, 0x01, 0xC0, 0x00, 0x12, 0x80, 0x00, 0x01, 0x40, 0x00, 0x02, 0x0F, 0x10, 0x00, 0x01, 0x02,
    0x06, 0x00, 0x01, 0x3C, 0x00, 0x02, 0x06, 0x20, 0xF0, 0x00, 0x02, 0x80, 0x07, 0x70, 0x60, 0x00, 0x06, 0x04, 0x00, 0x01, 0xC0, 0x00, 0x1D, 0x08,
    0x00, 0x08, 0x01, 0x20, 0x00, 0xFF, 0x00, 0xFF, 0x00, 0xB1, 0x18, 0x00, 0x01, 0xC0, 0x00, 0x0F, 0x18, 0x18, 0x00, 0x1E, 0x1C, 0x00, 0x01, 0xC0,
    0x00, 0x01, 0xC0, 0x00, 0x04, 0x06, 0x00, 0x01, 0x0C, 0x00, 0x04, 0x40, 0x00, 0x01, 0x18, 0x3E, 0x60, 0x00, 0x14, 0xF8, 0x00, 0x01, 0xFE, 0x63,
    0x00, 0x01, 0x10, 0xF0, 0xFF, 0x00, 0x01, 0x0C, 0x00, 0x01, 0x60, 0x1C, 0xC0, 0x00, 0x04, 0x06, 0x00, 0x01, 0x0C, 0x00, 0x02, 0x70, 0x00, 0x01,
    0xE0, 0x00, 0x01, 0x18, 0x3C, 0xE0, 0x00, 0x01, 0x18, 0x00, 0x12, 0xFE, 0x03, 0xFE, 0xDB, 0x00, 0x01, 0x38, 0xF0, 0xFF, 0x00, 0x01, 0xFE, 0x07,
    0xFE, 0x1F, 0xC0, 0x00, 0x02, 0xC6, 0x00, 0x01, 0x06, 0x00, 0x01, 0x0C, 0x00, 0x01, 0xFC, 0x7F, 0x00, 0x01, 0x70, 0x00, 0x01, 0x4C, 0x3C, 0xC0,
    0x18, 0x18, 0x18, 0x00, 0x11, 0x37, 0x07, 0x00, 0x01, 0xF0, 0x00, 0x01, 0x1C, 0x00, 0x01, 0x60, 0x00, 0x01, 0xFE, 0x07, 0xFE, 0x01, 0xC0, 0x00,
    0x01, 0x60, 0xCE, 0x00, 0x01, 0x06, 0x00, 0x01, 0x0C, 0x00, 0x01, 0xFC, 0x0F, 0x00, 0x01, 0x1C, 0x80, 0x7F, 0x00, 0x01, 0xC0, 0x1F, 0x18, 0x30,
    0x00, 0x10, 0x80, 0x33, 0x06, 0x00, 0x01, 0x30, 0x00, 0x01, 0x0E, 0x00, 0x01, 0x60, 0x00, 0x01, 0x07, 0x06, 0x30, 0x00, 0x01, 0xF0, 0xFF, 0xC0,
    0xCC, 0x00, 0x01, 0x06, 0x00, 0x01, 0x0C, 0x00, 0x02, 0x06, 0x00, 0x01, 0x0E, 0x80, 0x3F, 0x00, 0x01, 0xFF, 0x07, 0x18, 0x30, 0x00, 0x10, 0xC0,
    0x31, 0x0C, 0x00, 0x02, 0x80, 0x07, 0x00, 0x01, 0x30, 0x80, 0x03, 0x06, 0xD8, 0x21, 0xFC, 0xFF, 0xC0, 0x4D, 0x00, 0x01, 0x1E, 0x00, 0x01, 0x0C,
    0x00, 0x02, 0x03, 0x80, 0x03, 0x00, 0x01, 0xCC, 0x07, 0xBF, 0x01, 0x18, 0x60, 0x00, 0x10, 0xC0, 0x30, 0x8C, 0xFF, 0x7F, 0xC0, 0x07, 0x00, 0x01,
    0x38, 0xC0, 0x01, 0x03, 0xF8, 0x3B, 0xCC, 0x60, 0x80, 0x61, 0x00, 0x01, 0x7E, 0x00, 0x01, 0x0C, 0x00, 0x01, 0x80, 0x01, 0xE0, 0x00, 0x02, 0xCC,
    0x0F, 0x00, 0x01, 0x03, 0x18, 0x60, 0x00, 0x10, 0xC0, 0x18, 0x8C, 0xFF, 0x7F, 0xF0, 0x06, 0x00, 0x01, 0x1C, 0x80, 0x00, 0x01, 0x03, 0x1C, 0x1F,
    0xC0, 0x70, 0x00, 0x01, 0x70, 0x00, 0x01, 0xE6, 0x01, 0x0C, 0x00, 0x01, 0xC0, 0x00, 0x01, 0x60, 0x00, 0x02, 0x06, 0x08, 0xF0, 0x07, 0x18, 0x60,
    0x00, 0x10, 0xC0, 0x18, 0x0C, 0xC0, 0x00, 0x01, 0x20, 0x06, 0x00, 0x01, 0x3C, 0x00, 0x01, 0x80, 0x01, 0x8E, 0x07, 0xC0, 0x30, 0x00, 0x01, 0x30,
    0x00, 0x01, 0x86, 0x03, 0x0C, 0x10, 0xC0, 0x00, 0x01, 0xC0, 0x01, 0x00, 0x01, 0x06, 0x00, 0x01, 0xFC, 0x07, 0x18, 0xC0, 0x00, 0x10, 0xC0, 0x18,
    0x0C, 0xC0, 0x00, 0x02, 0x06, 0x00, 0x01, 0x76, 0x00, 0x01, 0xC0, 0x01, 0xE7, 0x03, 0xC0, 0x18, 0x00, 0x01, 0x1C, 0x00, 0x01, 0x06, 0x07, 0x0C,
    0x38, 0xC0, 0x00, 0x01, 0x80, 0x07, 0x00, 0x01, 0x06, 0x00, 0x01, 0x0E, 0x00, 0x01, 0x38, 0xC2, 0x00, 0x10, 0xC0, 0x19, 0x06, 0xC0, 0x00, 0x02,
    0x06, 0x80, 0xC3, 0x00, 0x01, 0xE0, 0x00, 0x01, 0x32, 0x03, 0xC0, 0x00, 0x02, 0x0E, 0x00, 0x01, 0x06, 0x02, 0x0C, 0x1C, 0xC0, 0x00, 0x02, 0x0E,
    0x00, 0x01, 0x33, 0x00, 0x01, 0x06, 0x00, 0x01, 0x30, 0xC6, 0xE0, 0x00, 0x0F, 0x80, 0x0D, 0x06, 0xE0, 0x00, 0x02, 0x06, 0xC0, 0x81, 0x01, 0x70,
    0x00, 0x01, 0x18, 0x03, 0xC0, 0x00, 0x01, 0x80, 0x07, 0x00, 0x01, 0x06, 0x00, 0x01, 0x1C, 0x0E, 0x80, 0x01, 0x00, 0x01, 0x38, 0x00, 0x01, 0x1B,
    0x00, 0x01, 0x06, 0x00, 0x01, 0x30, 0x03, 0x10, 0x01, 0x00, 0x0E, 0x80, 0x8F, 0x03, 0x60, 0x00, 0x03, 0xF0, 0x80, 0x03, 0x3C, 0x00, 0x01, 0x18,
    0x00, 0x01, 0xC0, 0xFF, 0x01, 0x01, 0x00, 0x01, 0x06, 0x00, 0x01, 0xF8, 0x07, 0x00, 0x01, 0x07, 0x00, 0x01, 0x70, 0x80, 0x19, 0x00, 0x01, 0x0E,
    0x04, 0x60, 0x03, 0x10, 0x01, 0x00, 0x0F, 0xC7, 0x01, 0x70, 0x00, 0x03, 0x78, 0x00, 0x01, 0x07, 0x0F, 0x00, 0x01, 0xF8, 0x3F, 0xC0, 0xFF, 0x01,
    0x00, 0x02, 0x06, 0x00, 0x01, 0xF0, 0x01, 0x00, 0x01, 0x3E, 0x00, 0x01, 0xE0, 0x80, 0xF9, 0x1F, 0xFC, 0x0F, 0xE0, 0x01, 0x10, 0x01, 0x00, 0x0F,
    0x80, 0x00, 0x01, 0x3C, 0x00, 0x03, 0x10, 0x00, 0x01, 0x02, 0x02, 0x00, 0x01, 0xE0, 0x3F, 0x00, 0x05, 0x06, 0x00, 0x04, 0x18, 0x00, 0x01, 0x40,
    0xC0, 0xF0, 0x1F, 0xF0, 0x07, 0xC0, 0x00, 0x01, 0xE0, 0x00, 0x12, 0x08, 0x00, 0xFF, 0x00, 0xFF, 0x00, 0xFF, 0x00, 0xFF, 0x00, 0xFF, 0x00, 0xFF,
    0x00, 0xFF, 0x00, 0xFF, 0x00, 0xFF, 0x00, 0xFF, 0x00, 0xFF, 0x00, 0xFF, 0x00, 0xFF, 0x00, 0xFF, 0x00, 0xFF, 0x00, 0xA6, 0x00,
};
}

namespace HEADER_WrongDiskImage_jpn
{
const unsigned char g_ImageData[0x5B9] = {
    0x00, 0xFF, 0x00, 0xFF, 0x00, 0xFF, 0x00, 0xFF, 0x00, 0xFF, 0x00, 0xFF, 0x00, 0xFF, 0x00, 0xFF, 0x00, 0xFF, 0x00, 0xFF, 0x00, 0xFF, 0x00, 0xFF,
    0x00, 0xFF, 0x00, 0xFF, 0x00, 0xFF, 0x00, 0xBA, 0x60, 0x00, 0x02, 0x03, 0xF0, 0x41, 0x00, 0x01, 0x60, 0x00, 0x2A, 0x70, 0x00, 0x02, 0x03, 0x00,
    0x01, 0xFC, 0x03, 0x63, 0x00, 0x01, 0xC0, 0x00, 0x04, 0x08, 0x00, 0x03, 0x0C, 0x00, 0x01, 0x80, 0x01, 0x00, 0x04, 0x01, 0x18, 0x00, 0x01, 0x30,
    0x00, 0x02, 0x40, 0x80, 0x81, 0x01, 0x00, 0x07, 0xF8, 0x8F, 0x01, 0x40, 0xC0, 0xFF, 0x03, 0x30, 0x00, 0x01, 0x80, 0x71, 0xF8, 0x43, 0x00, 0x01,
    0x63, 0x00, 0x01, 0xC0, 0x00, 0x01, 0x30, 0x18, 0x00, 0x01, 0x1C, 0x00, 0x02, 0x0F, 0x0C, 0x00, 0x01, 0x80, 0x01, 0x00, 0x03, 0x80, 0x03, 0x18,
    0x00, 0x01, 0x30, 0x00, 0x02, 0xE0, 0x80, 0x81, 0x01, 0x00, 0x07, 0xF8, 0x6F, 0x03, 0xE0, 0xC0, 0xFF, 0x03, 0xF8, 0x1F, 0xF8, 0x7F, 0x00, 0x01,
    0x40, 0x00, 0x01, 0x23, 0x00, 0x01, 0xFF, 0x3F, 0x30, 0x18, 0x00, 0x01, 0x0C, 0xC0, 0xFF, 0x0F, 0x0C, 0x00, 0x01, 0xC0, 0x05, 0x00, 0x03, 0xC0,
    0x01, 0x18, 0x00, 0x01, 0x30, 0x00, 0x02, 0x70, 0x80, 0x81, 0x09, 0x00, 0x08, 0xC0, 0x03, 0x70, 0x00, 0x01, 0x80, 0x01, 0xF8, 0x1F, 0xF8, 0x07,
    0x00, 0x01, 0xF8, 0x01, 0xFB, 0x01, 0xFF, 0x3F, 0x30, 0x18, 0x00, 0x01, 0x06, 0xC0, 0xFF, 0x01, 0x0C, 0x00, 0x01, 0xF8, 0x07, 0x00, 0x03, 0x70,
    0x80, 0xBF, 0x07, 0x30, 0x00, 0x02, 0x1C, 0xC0, 0xFC, 0x0F, 0x00, 0x08, 0xC0, 0x00, 0x01, 0x38, 0x00, 0x01, 0x80, 0x01, 0x1C, 0x18, 0xC0, 0x00,
    0x01, 0xF0, 0x01, 0x00, 0x01, 0xFE, 0x07, 0xC0, 0x00, 0x01, 0x30, 0xFF, 0x00, 0x01, 0x06, 0x00, 0x01, 0x60, 0x0C, 0x0C, 0x00, 0x01, 0xF8, 0x03,
    0x00, 0x03, 0x38, 0x80, 0xFF, 0x1F, 0x30, 0x00, 0x02, 0x0E, 0xC0, 0xFC, 0x07, 0x00, 0x0A, 0x1E, 0x00, 0x01, 0xC0, 0x00, 0x01, 0x0E, 0x18, 0x60,
    0x87, 0x00, 0x01, 0xFC, 0x03, 0x37, 0x07, 0xFF, 0x3F, 0xFC, 0xFF, 0x00, 0x01, 0x3F, 0x00, 0x01, 0x30, 0x1B, 0x0C, 0x00, 0x01, 0xC0, 0x7C, 0x00,
    0x03, 0x0E, 0x00, 0x01, 0x78, 0x18, 0x30, 0x00, 0x01, 0x80, 0x03, 0xC0, 0x80, 0x01, 0x00, 0x07, 0xFE, 0xFF, 0x01, 0x1F, 0x00, 0x01, 0xE0, 0x00,
    0x01, 0x07, 0x0C, 0xE0, 0xEF, 0xF0, 0x05, 0x82, 0x37, 0x0C, 0xFF, 0x3F, 0xFC, 0x18, 0x00, 0x01, 0x7F, 0x00, 0x01, 0x18, 0x1E, 0x0C, 0x00, 0x01,
    0xC0, 0xFC, 0x00, 0x02, 0x80, 0x03, 0x00, 0x01, 0x38, 0x30, 0x30, 0x00, 0x01, 0xE0, 0x00, 0x01, 0xC0, 0x80, 0x01, 0x00, 0x07, 0xFE, 0xFF, 0xC1,
    0x1B, 0x00, 0x01, 0x70, 0x00, 0x01, 0x02, 0x0C, 0x70, 0x7C, 0x00, 0x01, 0x94, 0xC2, 0x1E, 0x0C, 0xC0, 0x00, 0x01, 0x30, 0x18, 0x80, 0x67, 0x00,
    0x01, 0x0C, 0x06, 0x0C, 0x00, 0x01, 0x60, 0x80, 0x00, 0x02, 0x80, 0x01, 0x00, 0x01, 0x1C, 0x30, 0x30, 0x00, 0x01, 0x60, 0x00, 0x01, 0xC0, 0x80,
    0x01, 0x00, 0x08, 0x03, 0x80, 0x18, 0x00, 0x01, 0xF0, 0x00, 0x02, 0x06, 0x38, 0x1E, 0x00, 0x01, 0x94, 0xC0, 0x1C, 0x0C, 0xC0, 0x00, 0x01, 0x30,
    0x18, 0x80, 0x61, 0x00, 0x01, 0x0C, 0x00, 0x01, 0x0C, 0x10, 0x60, 0x00, 0x04, 0x07, 0x00, 0x01, 0x1E, 0x30, 0x30, 0x40, 0xC0, 0x01, 0xC0, 0x80,
    0x01, 0x00, 0x08, 0x03, 0x00, 0x01, 0x18, 0x00, 0x01, 0xD8, 0x01, 0x00, 0x01, 0x07, 0x9C, 0x0F, 0xF0, 0x90, 0xC0, 0x0C, 0x0C, 0xF8, 0x03, 0x30,
    0x1E, 0xC0, 0x30, 0x02, 0x0C, 0x00, 0x01, 0x0C, 0x38, 0x60, 0x00, 0x04, 0x1E, 0x00, 0x01, 0x1B, 0x30, 0x30, 0xE0, 0x80, 0x07, 0xC0, 0xF0, 0x01,
    0x00, 0x08, 0x03, 0x00, 0x01, 0x18, 0x00, 0x01, 0x0E, 0x03, 0x80, 0x03, 0xC8, 0x0C, 0x90, 0x98, 0xC0, 0x1C, 0x06, 0xFE, 0x0F, 0x30, 0x0E, 0xE0,
    0x30, 0x07, 0x0C, 0x00, 0x01, 0x0C, 0x1C, 0x30, 0x03, 0xE0, 0x00, 0x02, 0x38, 0x80, 0x1B, 0x18, 0x30, 0x70, 0x00, 0x01, 0x0E, 0xC0, 0xFF, 0x0F,
    0x00, 0x07, 0x80, 0x03, 0x00, 0x01, 0x18, 0x00, 0x01, 0x07, 0x06, 0xC0, 0x01, 0x60, 0x0C, 0x90, 0x88, 0x84, 0x8F, 0x03, 0xC6, 0x3C, 0x30, 0x00,
    0x01, 0x60, 0x30, 0x03, 0x18, 0x00, 0x01, 0x1C, 0x0E, 0xB0, 0x01, 0x10, 0x01, 0x00, 0x01, 0xE0, 0x00, 0x01, 0x19, 0x1E, 0x70, 0x38, 0x00, 0x01,
    0x38, 0xC0, 0x8F, 0x1F, 0x01, 0x00, 0x06, 0x80, 0x01, 0x00, 0x02, 0xC0, 0x03, 0x0E, 0xF0, 0x00, 0x01, 0x60, 0x00, 0x01, 0xF0, 0x8C, 0x84, 0xE3,
    0x01, 0xC6, 0x70, 0x70, 0x00, 0x01, 0x70, 0xF0, 0x01, 0x70, 0x00, 0x01, 0xF8, 0x07, 0x98, 0x01, 0x10, 0x01, 0x00, 0x01, 0xC0, 0x01, 0x98, 0x07,
    0xE0, 0x1F, 0x00, 0x01, 0x70, 0xC0, 0x8D, 0x09, 0x02, 0x00, 0x06, 0xC0, 0x01, 0x00, 0x02, 0xE0, 0x01, 0x1C, 0x3C, 0x00, 0x01, 0xE0, 0xFF, 0x90,
    0x86, 0x03, 0x40, 0x00, 0x01, 0x7E, 0x20, 0xE0, 0x7F, 0x20, 0xE0, 0x00, 0x01, 0xE0, 0x03, 0xF0, 0x01, 0x98, 0xFF, 0x10, 0x01, 0x00, 0x01, 0x80,
    0x03, 0x18, 0x03, 0xC0, 0x07, 0x00, 0x01, 0xE0, 0x80, 0xFD, 0x00, 0x01, 0x06, 0x00, 0x06, 0xF0, 0x00, 0x03, 0x40, 0x00, 0x01, 0x08, 0x08, 0x00,
    0x01, 0x80, 0xFF, 0x00, 0x05, 0x38, 0x00, 0x01, 0xC0, 0x7F, 0x00, 0x03, 0x80, 0x01, 0x00, 0x02, 0x0C, 0xFF, 0xE0, 0x00, 0x03, 0x01, 0x18, 0x00,
    0x04, 0x40, 0x80, 0xF9, 0x00, 0x01, 0x0C, 0x00, 0x06, 0x20, 0x00, 0x2A, 0x04, 0x00, 0xFF, 0x00, 0xFF, 0x00, 0x6D, 0x01, 0x00, 0x25, 0x02, 0x80,
    0x20, 0x00, 0x05, 0x08, 0x00, 0x01, 0xF0, 0x07, 0x01, 0x00, 0x02, 0x80, 0x00, 0x02, 0x03, 0x00, 0x02, 0xC0, 0x07, 0x01, 0x00, 0x05, 0x06, 0x06,
    0x00, 0x13, 0x02, 0x80, 0x20, 0x00, 0x02, 0x80, 0xFF, 0x00, 0x01, 0xC8, 0x7F, 0x00, 0x01, 0x18, 0x01, 0xE0, 0x07, 0xFC, 0x1F, 0x00, 0x01, 0x03,
    0x00, 0x01, 0x03, 0x00, 0x01, 0xF0, 0x0F, 0xFC, 0x01, 0x00, 0x01, 0x10, 0x00, 0x01, 0x86, 0x0F, 0x18, 0x00, 0x12, 0x02, 0xC0, 0x20, 0x00, 0x01,
    0xF8, 0x00, 0x01, 0x42, 0x00, 0x01, 0x08, 0x41, 0xF8, 0x93, 0xC0, 0x27, 0x04, 0x80, 0x10, 0x80, 0x71, 0x00, 0x01, 0x43, 0xE0, 0x0F, 0x01, 0xFC,
    0x01, 0x00, 0x01, 0x38, 0x00, 0x01, 0x06, 0x0F, 0x38, 0x00, 0x01, 0x06, 0x00, 0x0F, 0xFC, 0xFF, 0x41, 0x20, 0x00, 0x01, 0xFE, 0x03, 0x42, 0x3F,
    0x08, 0x61, 0x00, 0x01, 0x80, 0x40, 0x24, 0x04, 0xFF, 0x7F, 0xF8, 0x7F, 0x00, 0x01, 0xFB, 0x01, 0x00, 0x01, 0x01, 0x80, 0x01, 0x00, 0x01, 0x1C,
    0x00, 0x01, 0x13, 0x0F, 0x30, 0x06, 0x06, 0x06, 0x00, 0x0F, 0x0F, 0x40, 0xFF, 0x07, 0x37, 0x07, 0x42, 0x21, 0x7E, 0x21, 0x00, 0x01, 0xFC, 0x41,
    0x24, 0x04, 0x80, 0x10, 0xF8, 0x07, 0xF0, 0x9F, 0x03, 0xE0, 0x07, 0x80, 0x00, 0x02, 0x07, 0xE0, 0x1F, 0x00, 0x01, 0xF0, 0x07, 0x06, 0x0C, 0x00,
    0x0E, 0x80, 0x0A, 0x60, 0x70, 0x80, 0x33, 0x06, 0x7E, 0x21, 0x08, 0x31, 0xF0, 0x05, 0x41, 0xE4, 0x07, 0xFC, 0x1F, 0xC0, 0x00, 0x01, 0xF0, 0x03,
    0xC1, 0x07, 0x00, 0x01, 0xC0, 0x00, 0x01, 0x80, 0x03, 0xE0, 0x0F, 0xC0, 0xFF, 0x01, 0x06, 0x0C, 0x00, 0x0E, 0x80, 0x0A, 0x60, 0xF8, 0xC0, 0x31,
    0x0C, 0x42, 0x21, 0x08, 0xF3, 0x00, 0x01, 0x04, 0xC1, 0x27, 0x04, 0x80, 0x00, 0x01, 0x60, 0x87, 0x00, 0x01, 0x7F, 0x00, 0x01, 0xF0, 0x0F, 0xC0,
    0x18, 0xE0, 0x00, 0x02, 0xF3, 0xC1, 0x6F, 0x00, 0x01, 0x06, 0x18, 0x00, 0x0E, 0x40, 0x12, 0x70, 0xA8, 0xC0, 0x30, 0x0C, 0x42, 0x12, 0x08, 0x83,
    0xF0, 0x05, 0x41, 0x24, 0x04, 0xFE, 0x3F, 0xE0, 0xEF, 0xC0, 0xFF, 0xC1, 0x17, 0x08, 0x7C, 0x18, 0x38, 0x00, 0x02, 0xF3, 0x03, 0xC0, 0x00, 0x01,
    0x06, 0x18, 0x00, 0x0E, 0x60, 0x32, 0x50, 0xAC, 0xC0, 0x18, 0x0C, 0x7E, 0x12, 0x28, 0xC7, 0x00, 0x01, 0xFC, 0x41, 0x24, 0x04, 0x80, 0x00, 0x01,
    0x70, 0x7C, 0xE0, 0x83, 0x01, 0x50, 0x0A, 0xFE, 0x0D, 0x18, 0x00, 0x01, 0x80, 0x01, 0x02, 0xFC, 0x01, 0x06, 0x18, 0x00, 0x0E, 0x30, 0x62, 0x48,
    0x24, 0xC1, 0x18, 0x0C, 0x42, 0x16, 0x18, 0x45, 0x00, 0x01, 0x50, 0x40, 0xE4, 0x07, 0xFF, 0x7F, 0x38, 0x1E, 0x60, 0x03, 0x03, 0x50, 0x02, 0xE7,
    0x0F, 0x70, 0x00, 0x01, 0x80, 0x01, 0x00, 0x01, 0xFF, 0x01, 0x06, 0x30, 0x00, 0x0E, 0x18, 0xC2, 0x40, 0x26, 0xC3, 0x18, 0x0C, 0x42, 0x0C, 0x0E,
    0x6D, 0xF0, 0x51, 0xC0, 0x27, 0x04, 0xFC, 0x1F, 0x9C, 0x0F, 0x30, 0x03, 0xC3, 0x43, 0x02, 0x33, 0x0F, 0xE0, 0x01, 0x80, 0x01, 0x80, 0x03, 0x00,
    0x01, 0x8E, 0x30, 0x00, 0x0E, 0xEC, 0xBF, 0x41, 0x23, 0xC6, 0x19, 0x06, 0x42, 0x0C, 0x88, 0x39, 0x10, 0x59, 0x44, 0x24, 0x04, 0x04, 0x10, 0xC8,
    0x0C, 0x30, 0x03, 0x43, 0x62, 0x02, 0x33, 0x3E, 0x80, 0x03, 0xC0, 0x0C, 0x80, 0x01, 0x00, 0x01, 0x8C, 0x31, 0x38, 0x00, 0x0D, 0x02, 0x02, 0xC3,
    0xFD, 0x8D, 0x0D, 0x06, 0x72, 0x0C, 0x88, 0x10, 0x10, 0x49, 0x04, 0x10, 0x04, 0xFC, 0x1F, 0x60, 0x0C, 0x30, 0x1B, 0x43, 0x22, 0x12, 0x1F, 0x76,
    0x00, 0x01, 0x0E, 0xC0, 0x06, 0x80, 0x01, 0x00, 0x01, 0xCC, 0x00, 0x01, 0x44, 0x00, 0x0E, 0x02, 0x40, 0x20, 0x80, 0x8F, 0x03, 0x4E, 0x1E, 0xC8,
    0x3C, 0xF0, 0x45, 0x04, 0x10, 0x04, 0x04, 0x10, 0x60, 0x00, 0x01, 0x70, 0x9B, 0xC3, 0x33, 0x12, 0x8E, 0x23, 0x00, 0x01, 0x1C, 0x60, 0x06, 0x80,
    0x03, 0x01, 0xD8, 0x00, 0x01, 0x44, 0x00, 0x0E, 0x02, 0x40, 0x20, 0x00, 0x01, 0xC7, 0x81, 0x41, 0x33, 0x48, 0xC6, 0x10, 0xC3, 0x03, 0x08, 0x04,
    0xFC, 0x1F, 0xE0, 0xFF, 0xE0, 0xF3, 0x41, 0x1A, 0x0E, 0x00, 0x01, 0x01, 0x00, 0x01, 0x38, 0x60, 0xFE, 0x07, 0xFF, 0x03, 0x78, 0x00, 0x01, 0x44,
    0x00, 0x0E, 0x02, 0x40, 0x20, 0x00, 0x01, 0x80, 0x00, 0x01, 0xC0, 0x61, 0xAE, 0x81, 0x01, 0x00, 0x02, 0x0C, 0x07, 0x04, 0x10, 0x80, 0xFF, 0xC0,
    0xE1, 0x00, 0x06, 0x10, 0x30, 0xFC, 0x07, 0xFC, 0x01, 0x30, 0x00, 0x01, 0x38, 0x00, 0x0E, 0x02, 0x40, 0x20, 0x00, 0xFF, 0x00, 0xFF, 0x00, 0xFF,
    0x00, 0xFF, 0x00, 0xFF, 0x00, 0xFF, 0x00, 0xFF, 0x00, 0xFF, 0x00, 0xFF, 0x00, 0xFF, 0x00, 0xFF, 0x00, 0xFF, 0x00, 0xFF, 0x00, 0xFF, 0x00, 0x79,
    0x00,
};
}

namespace HEADER_RetryImage_jpn
{
const unsigned char g_ImageData[0x4F5] = {
    0x00, 0xFF, 0x00, 0xFF, 0x00, 0xFF, 0x00, 0xFF, 0x00, 0xFF, 0x00, 0xFF, 0x00, 0xFF, 0x00, 0xFF, 0x00, 0xFF, 0x00, 0xFF, 0x00, 0xFF, 0x00, 0xFF,
    0x00, 0xFF, 0x00, 0xFF, 0x00, 0x95, 0x20, 0x00, 0x06, 0x60, 0x00, 0x01, 0x20, 0x00, 0x1C, 0x0C, 0x18, 0x00, 0x01, 0x18, 0x00, 0x03, 0x06, 0x00,
    0x04, 0x70, 0x00, 0x01, 0x0C, 0x00, 0x04, 0xD8, 0x00, 0x01, 0x7E, 0x00, 0x05, 0x06, 0x18, 0xC0, 0x00, 0x11, 0xC0, 0xFF, 0x0F, 0x0C, 0x18, 0x00,
    0x01, 0x18, 0xF0, 0xFF, 0x00, 0x01, 0x06, 0x00, 0x01, 0xFE, 0x1F, 0x00, 0x01, 0x38, 0x00, 0x01, 0x0C, 0x00, 0x03, 0xFF, 0xF7, 0xF8, 0x1F, 0x00,
    0x05, 0x3E, 0x36, 0xC0, 0x60, 0x00, 0x10, 0xC0, 0xFF, 0x0F, 0x0C, 0x18, 0x00, 0x01, 0x18, 0xF0, 0xFF, 0x00, 0x01, 0x06, 0x00, 0x01, 0xFE, 0x1F,
    0x00, 0x01, 0x1C, 0x00, 0x01, 0x0C, 0x00, 0x03, 0xFF, 0x37, 0xF0, 0x07, 0x00, 0x01, 0x06, 0x00, 0x03, 0x78, 0x3C, 0xC0, 0xD8, 0x00, 0x12, 0x06,
    0x0C, 0x18, 0xFE, 0xFF, 0x01, 0x60, 0x00, 0x01, 0x06, 0x00, 0x04, 0x0E, 0xF0, 0xFF, 0x03, 0x00, 0x03, 0x07, 0x00, 0x01, 0x06, 0x00, 0x01, 0x06,
    0x00, 0x03, 0x40, 0x0C, 0xC0, 0xF0, 0x00, 0x12, 0x03, 0x0C, 0x18, 0xFE, 0xFF, 0x01, 0x60, 0x00, 0x01, 0x06, 0x00, 0x04, 0x07, 0xF0, 0xFF, 0x03,
    0x00, 0x03, 0x03, 0x00, 0x01, 0x06, 0x00, 0x01, 0xFE, 0x01, 0x00, 0x01, 0x80, 0x03, 0x20, 0xC0, 0x30, 0x00, 0x11, 0x80, 0x01, 0x0C, 0x18, 0x00,
    0x01, 0x1E, 0x00, 0x01, 0x30, 0x00, 0x01, 0x1E, 0x00, 0x01, 0xFF, 0x3F, 0x80, 0x07, 0x00, 0x01, 0x0C, 0x03, 0x00, 0x02, 0x80, 0x03, 0xFC, 0xFF,
    0xC1, 0xFF, 0x01, 0x00, 0x01, 0x80, 0x0F, 0x70, 0xC0, 0x03, 0x00, 0x11, 0x82, 0x01, 0x0C, 0x18, 0x00, 0x01, 0x1B, 0x00, 0x01, 0x38, 0x00, 0x01,
    0x7E, 0x00, 0x01, 0xFF, 0x3F, 0xE0, 0x07, 0x00, 0x01, 0x0C, 0xC3, 0xFF, 0x1F, 0x80, 0x01, 0xFC, 0xFF, 0xC1, 0x8F, 0xC0, 0xFF, 0x1F, 0x1E, 0x30,
    0xC0, 0x0F, 0x00, 0x11, 0xC7, 0x00, 0x01, 0x0C, 0x18, 0x80, 0x19, 0x00, 0x01, 0x1C, 0x00, 0x01, 0xE6, 0x01, 0x00, 0x01, 0x30, 0x70, 0x06, 0x00,
    0x01, 0x0C, 0xC3, 0xFF, 0x1F, 0xC0, 0x01, 0x00, 0x01, 0x06, 0x00, 0x01, 0xCC, 0xC0, 0xFF, 0x1F, 0x10, 0x18, 0xC0, 0x38, 0x00, 0x11, 0x6E, 0x00,
    0x01, 0x0C, 0x18, 0xC0, 0x18, 0x00, 0x01, 0x3C, 0x00, 0x01, 0x86, 0x03, 0x00, 0x01, 0x18, 0x3C, 0x06, 0x00, 0x01, 0x06, 0x03, 0x00, 0x02, 0xC0,
    0x01, 0x00, 0x01, 0x06, 0x00, 0x01, 0xEC, 0x00, 0x04, 0x1C, 0xC0, 0xF0, 0x00, 0x11, 0x3C, 0x00, 0x02, 0x1C, 0x60, 0x18, 0x00, 0x01, 0x76, 0x00,
    0x01, 0x06, 0x07, 0x00, 0x01, 0x0C, 0x08, 0x06, 0x00, 0x01, 0x06, 0x03, 0x00, 0x02, 0xE0, 0x03, 0x00, 0x01, 0x06, 0x00, 0x01, 0x6C, 0x00, 0x04,
    0x0E, 0xC0, 0xC0, 0x01, 0x00, 0x10, 0x38, 0x00, 0x02, 0x0C, 0x38, 0x18, 0x80, 0xC3, 0x00, 0x01, 0x06, 0x02, 0x00, 0x01, 0x06, 0x00, 0x01, 0x06,
    0x00, 0x01, 0x03, 0x03, 0x00, 0x02, 0x70, 0x06, 0x00, 0x01, 0x03, 0x00, 0x01, 0x0C, 0x00, 0x03, 0x80, 0x07, 0xC0, 0x80, 0x00, 0x11, 0x70, 0x00,
    0x02, 0x06, 0x1E, 0x18, 0xC0, 0x81, 0x01, 0x06, 0x00, 0x02, 0x03, 0x00, 0x01, 0x06, 0x80, 0x83, 0x03, 0x00, 0x02, 0x38, 0x0C, 0x00, 0x01, 0x03,
    0x00, 0x01, 0x18, 0x00, 0x03, 0xE0, 0x01, 0xC0, 0x00, 0x12, 0xE0, 0x00, 0x01, 0x80, 0x03, 0x04, 0x18, 0xF0, 0x80, 0x03, 0x06, 0x00, 0x01, 0xC0,
    0x01, 0x00, 0x01, 0x06, 0xE0, 0x81, 0x01, 0x00, 0x02, 0x1C, 0x18, 0xC0, 0x01, 0x00, 0x01, 0x18, 0x00, 0x03, 0xF8, 0x00, 0x01, 0xC0, 0x00, 0x12,
    0xC0, 0x01, 0xE0, 0x01, 0x00, 0x01, 0x1F, 0x78, 0x00, 0x01, 0x07, 0x06, 0x00, 0x01, 0xF0, 0x00, 0x02, 0x06, 0xF0, 0xF0, 0x01, 0x00, 0x02, 0x0F,
    0x30, 0xF0, 0x00, 0x02, 0x18, 0x00, 0x03, 0x3E, 0x00, 0x01, 0xC0, 0x00, 0x12, 0x80, 0x00, 0x01, 0x40, 0x00, 0x02, 0x0F, 0x10, 0x00, 0x01, 0x02,
    0x06, 0x00, 0x01, 0x3C, 0x00, 0x02, 0x06, 0x20, 0xF0, 0x00, 0x02, 0x80, 0x07, 0x70, 0x60, 0x00, 0x06, 0x04, 0x00, 0x01, 0xC0, 0x00, 0x1D, 0x08,
    0x00, 0x08, 0x01, 0x20, 0x00, 0xFF, 0x00, 0xFF, 0x00, 0xB1, 0x18, 0x00, 0x01, 0xC0, 0x00, 0x0F, 0x18, 0x18, 0x00, 0x1E, 0x1C, 0x00, 0x01, 0xC0,
    0x00, 0x01, 0xC0, 0x00, 0x04, 0x06, 0x00, 0x01, 0x0C, 0x00, 0x04, 0x40, 0x00, 0x01, 0x18, 0x3E, 0x60, 0x00, 0x14, 0xF8, 0x00, 0x01, 0xFE, 0x63,
    0x00, 0x01, 0x10, 0xF0, 0xFF, 0x00, 0x01, 0x0C, 0x00, 0x01, 0x60, 0x1C, 0xC0, 0x00, 0x04, 0x06, 0x00, 0x01, 0x0C, 0x00, 0x02, 0x70, 0x00, 0x01,
    0xE0, 0x00, 0x01, 0x18, 0x3C, 0xE0, 0x00, 0x01, 0x18, 0x00, 0x12, 0xFE, 0x03, 0xFE, 0xDB, 0x00, 0x01, 0x38, 0xF0, 0xFF, 0x00, 0x01, 0xFE, 0x07,
    0xFE, 0x1F, 0xC0, 0x00, 0x02, 0xC6, 0x00, 0x01, 0x06, 0x00, 0x01, 0x0C, 0x00, 0x01, 0xFC, 0x7F, 0x00, 0x01, 0x70, 0x00, 0x01, 0x4C, 0x3C, 0xC0,
    0x18, 0x18, 0x18, 0x00, 0x11, 0x37, 0x07, 0x00, 0x01, 0xF0, 0x00, 0x01, 0x1C, 0x00, 0x01, 0x60, 0x00, 0x01, 0xFE, 0x07, 0xFE, 0x01, 0xC0, 0x00,
    0x01, 0x60, 0xCE, 0x00, 0x01, 0x06, 0x00, 0x01, 0x0C, 0x00, 0x01, 0xFC, 0x0F, 0x00, 0x01, 0x1C, 0x80, 0x7F, 0x00, 0x01, 0xC0, 0x1F, 0x18, 0x30,
    0x00, 0x10, 0x80, 0x33, 0x06, 0x00, 0x01, 0x30, 0x00, 0x01, 0x0E, 0x00, 0x01, 0x60, 0x00, 0x01, 0x07, 0x06, 0x30, 0x00, 0x01, 0xF0, 0xFF, 0xC0,
    0xCC, 0x00, 0x01, 0x06, 0x00, 0x01, 0x0C, 0x00, 0x02, 0x06, 0x00, 0x01, 0x0E, 0x80, 0x3F, 0x00, 0x01, 0xFF, 0x07, 0x18, 0x30, 0x00, 0x10, 0xC0,
    0x31, 0x0C, 0x00, 0x02, 0x80, 0x07, 0x00, 0x01, 0x30, 0x80, 0x03, 0x06, 0xD8, 0x21, 0xFC, 0xFF, 0xC0, 0x4D, 0x00, 0x01, 0x1E, 0x00, 0x01, 0x0C,
    0x00, 0x02, 0x03, 0x80, 0x03, 0x00, 0x01, 0xCC, 0x07, 0xBF, 0x01, 0x18, 0x60, 0x00, 0x10, 0xC0, 0x30, 0x8C, 0xFF, 0x7F, 0xC0, 0x07, 0x00, 0x01,
    0x38, 0xC0, 0x01, 0x03, 0xF8, 0x3B, 0xCC, 0x60, 0x80, 0x61, 0x00, 0x01, 0x7E, 0x00, 0x01, 0x0C, 0x00, 0x01, 0x80, 0x01, 0xE0, 0x00, 0x02, 0xCC,
    0x0F, 0x00, 0x01, 0x03, 0x18, 0x60, 0x00, 0x10, 0xC0, 0x18, 0x8C, 0xFF, 0x7F, 0xF0, 0x06, 0x00, 0x01, 0x1C, 0x80, 0x00, 0x01, 0x03, 0x1C, 0x1F,
    0xC0, 0x70, 0x00, 0x01, 0x70, 0x00, 0x01, 0xE6, 0x01, 0x0C, 0x00, 0x01, 0xC0, 0x00, 0x01, 0x60, 0x00, 0x02, 0x06, 0x08, 0xF0, 0x07, 0x18, 0x60,
    0x00, 0x10, 0xC0, 0x18, 0x0C, 0xC0, 0x00, 0x01, 0x20, 0x06, 0x00, 0x01, 0x3C, 0x00, 0x01, 0x80, 0x01, 0x8E, 0x07, 0xC0, 0x30, 0x00, 0x01, 0x30,
    0x00, 0x01, 0x86, 0x03, 0x0C, 0x10, 0xC0, 0x00, 0x01, 0xC0, 0x01, 0x00, 0x01, 0x06, 0x00, 0x01, 0xFC, 0x07, 0x18, 0xC0, 0x00, 0x10, 0xC0, 0x18,
    0x0C, 0xC0, 0x00, 0x02, 0x06, 0x00, 0x01, 0x76, 0x00, 0x01, 0xC0, 0x01, 0xE7, 0x03, 0xC0, 0x18, 0x00, 0x01, 0x1C, 0x00, 0x01, 0x06, 0x07, 0x0C,
    0x38, 0xC0, 0x00, 0x01, 0x80, 0x07, 0x00, 0x01, 0x06, 0x00, 0x01, 0x0E, 0x00, 0x01, 0x38, 0xC2, 0x00, 0x10, 0xC0, 0x19, 0x06, 0xC0, 0x00, 0x02,
    0x06, 0x80, 0xC3, 0x00, 0x01, 0xE0, 0x00, 0x01, 0x32, 0x03, 0xC0, 0x00, 0x02, 0x0E, 0x00, 0x01, 0x06, 0x02, 0x0C, 0x1C, 0xC0, 0x00, 0x02, 0x0E,
    0x00, 0x01, 0x33, 0x00, 0x01, 0x06, 0x00, 0x01, 0x30, 0xC6, 0xE0, 0x00, 0x0F, 0x80, 0x0D, 0x06, 0xE0, 0x00, 0x02, 0x06, 0xC0, 0x81, 0x01, 0x70,
    0x00, 0x01, 0x18, 0x03, 0xC0, 0x00, 0x01, 0x80, 0x07, 0x00, 0x01, 0x06, 0x00, 0x01, 0x1C, 0x0E, 0x80, 0x01, 0x00, 0x01, 0x38, 0x00, 0x01, 0x1B,
    0x00, 0x01, 0x06, 0x00, 0x01, 0x30, 0x03, 0x10, 0x01, 0x00, 0x0E, 0x80, 0x8F, 0x03, 0x60, 0x00, 0x03, 0xF0, 0x80, 0x03, 0x3C, 0x00, 0x01, 0x18,
    0x00, 0x01, 0xC0, 0xFF, 0x01, 0x01, 0x00, 0x01, 0x06, 0x00, 0x01, 0xF8, 0x07, 0x00, 0x01, 0x07, 0x00, 0x01, 0x70, 0x80, 0x19, 0x00, 0x01, 0x0E,
    0x04, 0x60, 0x03, 0x10, 0x01, 0x00, 0x0F, 0xC7, 0x01, 0x70, 0x00, 0x03, 0x78, 0x00, 0x01, 0x07, 0x0F, 0x00, 0x01, 0xF8, 0x3F, 0xC0, 0xFF, 0x01,
    0x00, 0x02, 0x06, 0x00, 0x01, 0xF0, 0x01, 0x00, 0x01, 0x3E, 0x00, 0x01, 0xE0, 0x80, 0xF9, 0x1F, 0xFC, 0x0F, 0xE0, 0x01, 0x10, 0x01, 0x00, 0x0F,
    0x80, 0x00, 0x01, 0x3C, 0x00, 0x03, 0x10, 0x00, 0x01, 0x02, 0x02, 0x00, 0x01, 0xE0, 0x3F, 0x00, 0x05, 0x06, 0x00, 0x04, 0x18, 0x00, 0x01, 0x40,
    0xC0, 0xF0, 0x1F, 0xF0, 0x07, 0xC0, 0x00, 0x01, 0xE0, 0x00, 0x12, 0x08, 0x00, 0xFF, 0x00, 0xFF, 0x00, 0xFF, 0x00, 0xFF, 0x00, 0xFF, 0x00, 0xFF,
    0x00, 0xFF, 0x00, 0xFF, 0x00, 0xFF, 0x00, 0xFF, 0x00, 0xFF, 0x00, 0xFF, 0x00, 0xFF, 0x00, 0xFF, 0x00, 0xFF, 0x00, 0xA6, 0x00,
};
}

namespace HEADER_Loading_jpn
{
const unsigned char g_ImageData[0xFF] = {
    0x00, 0xFF, 0x00, 0xFF, 0x00, 0x89, 0xC0, 0xC1, 0x81, 0x07, 0x87, 0xC3, 0x81, 0x03, 0xC0, 0x03, 0xF8, 0xE0, 0x1F, 0x9C, 0x83, 0x03, 0x1F, 0x00,
    0x0F, 0xC0, 0xC3, 0xE1, 0x1F, 0x87, 0xC3, 0x81, 0x03, 0xF0, 0x0F, 0xF8, 0xE0, 0x7F, 0x9C, 0x87, 0xC3, 0x7F, 0x00, 0x0F, 0xC0, 0xC7, 0xF1, 0x3F,
    0xC7, 0xC7, 0x81, 0x03, 0xF8, 0x1F, 0xF8, 0xE0, 0x7F, 0x9C, 0x8F, 0xE3, 0x7F, 0x00, 0x0F, 0xC0, 0xC7, 0x71, 0x38, 0xCE, 0xE6, 0x80, 0x03, 0x38,
    0x1C, 0xDC, 0xE1, 0xF0, 0x9C, 0x8F, 0xE3, 0xF0, 0x00, 0x0F, 0xC0, 0xCF, 0x39, 0x70, 0xCE, 0xE6, 0x80, 0x03, 0x1C, 0x38, 0xDC, 0xE1, 0xE0, 0x9C,
    0x9F, 0x73, 0x60, 0x00, 0x0F, 0xC0, 0xCD, 0x39, 0x70, 0xEE, 0xEE, 0x80, 0x03, 0x1C, 0x38, 0xDC, 0xE1, 0xE0, 0x9C, 0x9B, 0x73, 0x00, 0x10, 0xC0,
    0xDD, 0x39, 0x70, 0xEE, 0xEE, 0x80, 0x03, 0x1C, 0x38, 0x8E, 0xE3, 0xE0, 0x9C, 0xBB, 0x73, 0xFC, 0x00, 0x0F, 0xC0, 0xD9, 0x39, 0x70, 0x6E, 0xEC,
    0x80, 0x03, 0x1C, 0x38, 0xFE, 0xE3, 0xE0, 0x9C, 0xB3, 0x73, 0xFC, 0x00, 0x0F, 0xC0, 0xF9, 0x39, 0x70, 0x6E, 0xEC, 0x80, 0x03, 0x1C, 0x38, 0xFE,
    0xE3, 0xE0, 0x9C, 0xF3, 0x73, 0xFC, 0x00, 0x0F, 0xC0, 0xF1, 0x71, 0x38, 0x7C, 0x7C, 0x80, 0x03, 0x38, 0x1C, 0xFF, 0xE7, 0xF0, 0x9C, 0xE3, 0xE3,
    0xE0, 0x00, 0x0F, 0xC0, 0xF1, 0xF1, 0x3F, 0x7C, 0x7C, 0x80, 0xFF, 0xF8, 0x1F, 0x07, 0xE7, 0x7F, 0x9C, 0xE3, 0xE3, 0xFF, 0x00, 0x0F, 0xC0, 0xE1,
    0xE1, 0x1F, 0x3C, 0x78, 0x80, 0xFF, 0xF0, 0x0F, 0x07, 0xE7, 0x7F, 0x9C, 0xC3, 0xC3, 0x7F, 0x00, 0x0F, 0xC0, 0xC1, 0x81, 0x07, 0x3C, 0x78, 0x80,
    0xFF, 0xC0, 0x83, 0x03, 0xEE, 0x1F, 0x9C, 0x83, 0x03, 0x1F, 0x00, 0xFF, 0x00, 0xE8, 0x00,
};
}

namespace HEADER_NoDiskImage_deu
{
const unsigned char g_ImageData[0xA7C] = {
    0x00, 0xFF, 0x00, 0xFF, 0x00, 0xFF, 0x00, 0x25, 0xFF, 0x73, 0x00, 0x02, 0xFE, 0x03, 0x80, 0x03, 0x1C, 0x00, 0x02, 0xC0, 0x01, 0xC0, 0x00, 0x03,
    0xC0, 0x07, 0x00, 0x02, 0x0C, 0x00, 0x02, 0x0C, 0x00, 0x19, 0xFF, 0x73, 0x00, 0x02, 0xFE, 0x03, 0x80, 0x03, 0x1C, 0x00, 0x02, 0xC0, 0x01, 0xE0,
    0x00, 0x03, 0xE0, 0x07, 0x00, 0x02, 0x0E, 0x00, 0x02, 0x0E, 0x00, 0x19, 0xFF, 0x03, 0x00, 0x02, 0xFE, 0x03, 0x80, 0x03, 0x1C, 0x00, 0x04, 0xE0,
    0x00, 0x03, 0xE0, 0x00, 0x03, 0x0E, 0x00, 0x02, 0x0E, 0x00, 0x19, 0x07, 0x70, 0xEE, 0x01, 0x0E, 0xC0, 0x87, 0x7B, 0x1C, 0x3E, 0xDC, 0xC0, 0xF1,
    0xF3, 0x03, 0x7C, 0x1C, 0xF7, 0xE3, 0x0E, 0x1F, 0xBF, 0x1B, 0x1F, 0x3F, 0x3E, 0xDC, 0x03, 0x00, 0x16, 0x07, 0x70, 0xFE, 0x03, 0x0E, 0xE0, 0x8F,
    0xFF, 0x1C, 0x7F, 0xFC, 0xC0, 0xF9, 0xF7, 0x03, 0xFE, 0x1C, 0xF7, 0xF3, 0x8F, 0x3F, 0xBF, 0x9F, 0x3F, 0x3F, 0x7F, 0xFC, 0x07, 0x00, 0x16, 0xFF,
    0x73, 0x9E, 0x03, 0xFE, 0x71, 0x9C, 0xE7, 0x9C, 0xE3, 0x3C, 0xC0, 0x39, 0xE7, 0x00, 0x01, 0xE3, 0x1C, 0xE7, 0x78, 0xCF, 0x71, 0x8E, 0xC7, 0x71,
    0x8E, 0xE3, 0x3C, 0x07, 0x00, 0x16, 0xFF, 0x73, 0x8E, 0x03, 0xFE, 0x71, 0x9C, 0xE3, 0x9C, 0xE3, 0x1C, 0xC0, 0x79, 0xE0, 0x00, 0x01, 0xF0, 0x1C,
    0xE7, 0x38, 0xCE, 0x71, 0x8E, 0xC3, 0x71, 0x8E, 0xE3, 0x1C, 0x07, 0x00, 0x16, 0xFF, 0x73, 0x8E, 0x03, 0xFE, 0xF1, 0x9F, 0xE3, 0x9C, 0xFF, 0x1C,
    0xC0, 0xF1, 0xE1, 0x00, 0x01, 0xFC, 0x1C, 0xE7, 0x38, 0xCE, 0x7F, 0x8E, 0xC3, 0x7F, 0x8E, 0xFF, 0x1C, 0x07, 0x00, 0x16, 0x07, 0x70, 0x8E, 0x03,
    0x0E, 0xF0, 0x9F, 0xE3, 0x9C, 0xFF, 0x1C, 0xC0, 0xE1, 0xE3, 0x00, 0x01, 0xEE, 0x1C, 0xE7, 0x38, 0xCE, 0x7F, 0x8E, 0xC3, 0x7F, 0x8E, 0xFF, 0x1C,
    0x07, 0x00, 0x16, 0x07, 0x70, 0x8E, 0x03, 0x0E, 0x70, 0x80, 0xE3, 0x9C, 0x03, 0x1C, 0xC0, 0x81, 0xE7, 0x00, 0x01, 0xE7, 0x1C, 0xE7, 0x38, 0xCE,
    0x01, 0x8E, 0xC3, 0x01, 0x8E, 0x03, 0x1C, 0x07, 0x00, 0x16, 0xFF, 0x73, 0x8E, 0x03, 0x0E, 0x70, 0x9C, 0xE3, 0x9C, 0xE3, 0x1C, 0xC0, 0x39, 0xE7,
    0x00, 0x01, 0xE7, 0x9C, 0xE7, 0x78, 0xCF, 0x71, 0x8E, 0xC3, 0x71, 0x8E, 0xE3, 0x1C, 0xE7, 0x00, 0x16, 0xFF, 0x73, 0x8E, 0x03, 0x0E, 0xE0, 0x8F,
    0xE3, 0x1C, 0x7F, 0x1C, 0xC0, 0xF9, 0xE7, 0x03, 0xFF, 0xFC, 0xE7, 0xF0, 0x8F, 0x3F, 0xBE, 0x83, 0x3F, 0x3E, 0x7F, 0x1C, 0xE7, 0x00, 0x16, 0xFF,
    0x73, 0x8E, 0x03, 0x0E, 0xC0, 0x87, 0xE3, 0x1C, 0x3E, 0x1C, 0xC0, 0xF1, 0xC3, 0x03, 0xDE, 0x79, 0xE7, 0xE0, 0x0E, 0x1F, 0xBC, 0x03, 0x1F, 0x3C,
    0x3E, 0x1C, 0xE7, 0x00, 0x29, 0x0E, 0x00, 0x30, 0x38, 0x0E, 0x00, 0x30, 0xF8, 0x07, 0x00, 0x30, 0xF0, 0x03, 0x00, 0xFF, 0x00, 0xFF, 0x00, 0xFF,
    0x00, 0xFF, 0x00, 0xFF, 0x00, 0xFF, 0x00, 0xFF, 0x00, 0xFF, 0x00, 0x8C, 0xFF, 0x00, 0x01, 0xC0, 0x0C, 0x00, 0x01, 0x0E, 0x00, 0x03, 0x0E, 0x00,
    0x03, 0xF0, 0x01, 0x00, 0x05, 0x07, 0x00, 0x01, 0xC0, 0x01, 0x00, 0x04, 0x7C, 0x00, 0x04, 0x03, 0x00, 0x01, 0x07, 0x00, 0x05, 0x9C, 0x03, 0x00,
    0x07, 0xFF, 0x03, 0xC0, 0x0C, 0x00, 0x01, 0x0E, 0x00, 0x03, 0x0E, 0x00, 0x03, 0xF0, 0x01, 0x00, 0x05, 0x07, 0x00, 0x01, 0xC0, 0x01, 0x00, 0x04,
    0x7E, 0x00, 0x03, 0x80, 0x03, 0x00, 0x01, 0x07, 0x00, 0x05, 0x9C, 0x03, 0x00, 0x07, 0xFF, 0x03, 0x00, 0x03, 0x0E, 0x00, 0x03, 0x0E, 0x00, 0x03,
    0xF0, 0x01, 0x00, 0x05, 0x07, 0x00, 0x01, 0xC0, 0x01, 0x00, 0x04, 0x0E, 0x00, 0x03, 0x80, 0x03, 0x00, 0x07, 0x1C, 0x00, 0x08, 0x87, 0xE7, 0x76,
    0x1C, 0x1E, 0x8E, 0xE3, 0x03, 0xE0, 0x0E, 0x1F, 0xEE, 0x01, 0xB8, 0xC3, 0x71, 0xFC, 0xE0, 0x0E, 0x1F, 0x77, 0xE0, 0xC3, 0x71, 0xF7, 0xE0, 0xC3,
    0x1D, 0x3F, 0x00, 0x01, 0xF8, 0x70, 0xCF, 0xEF, 0x1E, 0xE7, 0x9E, 0xC7, 0x3D, 0x0F, 0xC0, 0x9D, 0xC3, 0x07, 0x00, 0x06, 0x07, 0xE7, 0x77, 0x1C,
    0x3F, 0xCE, 0xF1, 0x07, 0xF0, 0x8F, 0x3F, 0xFE, 0x03, 0xB8, 0xC3, 0x71, 0xFE, 0xF1, 0x8F, 0x3F, 0xFF, 0xF0, 0xC7, 0x39, 0xFF, 0xF1, 0xC7, 0x3F,
    0x3F, 0x00, 0x01, 0xFC, 0xF1, 0xDF, 0xEF, 0x3F, 0xE7, 0xFF, 0xCF, 0xFF, 0x1F, 0xE0, 0x9F, 0xE3, 0x0F, 0x00, 0x06, 0x07, 0xE7, 0x71, 0x9C, 0x77,
    0xEE, 0x38, 0x0E, 0x78, 0xCF, 0x71, 0x9E, 0x03, 0xB8, 0xC3, 0x71, 0xCE, 0x79, 0xCF, 0x38, 0xEF, 0x39, 0xCE, 0x1D, 0xCF, 0x79, 0xCF, 0x7B, 0x0E,
    0x00, 0x01, 0x8E, 0xF3, 0x9C, 0xE3, 0x39, 0xE7, 0x79, 0xCE, 0xF3, 0x1C, 0xF0, 0x9E, 0x73, 0x1C, 0x00, 0x06, 0x07, 0xE7, 0x70, 0x9C, 0x23, 0x7E,
    0x38, 0x0E, 0x38, 0xCE, 0x71, 0x8E, 0x03, 0x1C, 0xC7, 0x71, 0x1E, 0x38, 0x0E, 0x3C, 0xC7, 0x39, 0xCE, 0x0F, 0xC7, 0x39, 0xCE, 0x71, 0x0E, 0x00,
    0x01, 0x8E, 0x73, 0x9C, 0xE3, 0x38, 0xE7, 0x38, 0xCE, 0x71, 0x1C, 0x70, 0x9C, 0x73, 0x1C, 0x00, 0x06, 0x07, 0xE7, 0x70, 0x9C, 0x03, 0x7E, 0xF8,
    0x0F, 0x38, 0xCE, 0x7F, 0x8E, 0x03, 0xFC, 0xC7, 0x71, 0x7C, 0x38, 0x0E, 0x3F, 0xC7, 0xF9, 0xCF, 0x0F, 0xC7, 0x39, 0xCE, 0x71, 0x0E, 0x00, 0x01,
    0xFE, 0x73, 0x9C, 0xE3, 0x38, 0xE7, 0x38, 0xCE, 0x71, 0x1C, 0x70, 0x9C, 0xF3, 0x1F, 0x00, 0x06, 0x07, 0xE7, 0x70, 0x9C, 0x03, 0xFE, 0xF8, 0x0F,
    0x38, 0xCE, 0x7F, 0x8E, 0x03, 0xFC, 0xC7, 0x71, 0xF8, 0x38, 0x8E, 0x3B, 0xC7, 0xF9, 0xCF, 0x1F, 0xC7, 0x39, 0xCE, 0x71, 0x0E, 0x00, 0x01, 0xFE,
    0x73, 0x9C, 0xE3, 0x38, 0xE7, 0x38, 0xCE, 0x71, 0x1C, 0x70, 0x9C, 0xF3, 0x1F, 0x00, 0x06, 0x87, 0xE7, 0x70, 0x9C, 0x23, 0xEE, 0x38, 0x00, 0x01,
    0x38, 0xCE, 0x01, 0x8E, 0x03, 0xFE, 0xCF, 0x71, 0xE0, 0x39, 0xCE, 0x39, 0xC7, 0x39, 0xC0, 0x1D, 0xC7, 0x39, 0xCE, 0x71, 0x0E, 0x00, 0x01, 0x0E,
    0x70, 0x9C, 0xE3, 0x38, 0xE7, 0x38, 0xCE, 0x71, 0x1C, 0x70, 0x9C, 0x73, 0x00, 0x07, 0xFF, 0xE3, 0x70, 0x9E, 0x77, 0xCE, 0x39, 0x0E, 0x78, 0xCF,
    0x71, 0x8E, 0x03, 0x0E, 0xCE, 0x79, 0xCE, 0x79, 0xCF, 0x39, 0xEF, 0x39, 0xCE, 0x39, 0xC7, 0x79, 0xCF, 0x7B, 0x8E, 0x03, 0x8E, 0x73, 0x9C, 0xE3,
    0x38, 0xE7, 0x38, 0xCE, 0x71, 0x1C, 0xF0, 0x9E, 0x73, 0x1C, 0x00, 0x06, 0xFF, 0xE3, 0xF0, 0x1F, 0x3F, 0xCE, 0xF1, 0x07, 0xF0, 0x8F, 0x3F, 0x8E,
    0x03, 0x0E, 0xCE, 0x7F, 0xFE, 0xF1, 0xCF, 0x3F, 0xFF, 0xF0, 0xC7, 0x39, 0xC7, 0xF1, 0xC7, 0x3F, 0x8E, 0x03, 0xFC, 0x71, 0x9C, 0xEF, 0x38, 0xE7,
    0x38, 0xCE, 0x71, 0x1C, 0xE0, 0x9F, 0xE3, 0x0F, 0x00, 0x06, 0xFF, 0xE0, 0xE0, 0x1D, 0x1E, 0x8E, 0xE3, 0x03, 0xE0, 0x0E, 0x1F, 0x8E, 0x03, 0x07,
    0x9C, 0x77, 0xFC, 0xE0, 0x8E, 0x77, 0x77, 0xE0, 0xC3, 0x71, 0xC7, 0xE1, 0xC3, 0x1D, 0x8E, 0x03, 0xF8, 0x70, 0x1C, 0xEF, 0x38, 0xE7, 0x38, 0xCE,
    0x71, 0x1C, 0xC0, 0x9D, 0xC3, 0x07, 0x00, 0x18, 0x0E, 0x00, 0x07, 0xC0, 0x01, 0x00, 0x01, 0x02, 0x00, 0x25, 0x38, 0x0E, 0x00, 0x07, 0xC0, 0x01,
    0x00, 0x01, 0x03, 0x00, 0x25, 0xF8, 0x07, 0x00, 0x07, 0xC0, 0x01, 0x80, 0x01, 0x00, 0x25, 0xF0, 0x03, 0x00, 0x07, 0xC0, 0x01, 0x00, 0xFF, 0x00,
    0xFF, 0x00, 0xA2, 0xFF, 0xE0, 0x00, 0x06, 0x80, 0x03, 0x00, 0x02, 0xE0, 0x00, 0x02, 0x1C, 0x03, 0x00, 0x02, 0x38, 0x07, 0x00, 0x01, 0x70, 0x38,
    0xDC, 0x39, 0xC0, 0xE1, 0x01, 0x00, 0x04, 0xC0, 0x01, 0x00, 0x06, 0xF0, 0x1F, 0x8E, 0x61, 0x00, 0x05, 0xFF, 0xE3, 0x00, 0x06, 0x80, 0x03, 0x00,
    0x02, 0xE0, 0x00, 0x02, 0x9C, 0x03, 0x00, 0x02, 0x38, 0x07, 0x00, 0x01, 0x70, 0x38, 0xDC, 0x39, 0xC0, 0xF1, 0x00, 0x05, 0xC0, 0x01, 0x00, 0x06,
    0xF0, 0x3F, 0xCE, 0x71, 0x00, 0x05, 0xFF, 0x03, 0x00, 0x06, 0x80, 0x03, 0x00, 0x02, 0xE0, 0x00, 0x02, 0x9C, 0x03, 0x00, 0x02, 0x38, 0x00, 0x02,
    0x70, 0x7C, 0x1C, 0x00, 0x01, 0xC0, 0x71, 0x00, 0x05, 0xC0, 0x01, 0x00, 0x06, 0xF0, 0x7F, 0xC0, 0x71, 0x00, 0x05, 0x87, 0xE7, 0xF8, 0xC1, 0x03,
    0x38, 0xCE, 0x3D, 0xB8, 0x03, 0xFC, 0xE0, 0xE1, 0x1E, 0x7C, 0xDC, 0x8F, 0x0F, 0x80, 0x3B, 0x87, 0x0F, 0xE0, 0x6C, 0xCE, 0x39, 0xC0, 0x39, 0xE0,
    0xC3, 0x3D, 0xFC, 0xE0, 0xC3, 0xE1, 0x03, 0xE0, 0xE3, 0x38, 0x7E, 0x00, 0x01, 0x70, 0x70, 0xEE, 0xFF, 0xF1, 0x01, 0x00, 0x03, 0x07, 0xE7, 0xFC,
    0xE3, 0x07, 0x38, 0xCE, 0x7F, 0xFC, 0x03, 0xFE, 0xF1, 0xE3, 0x3F, 0xFE, 0xDC, 0xCF, 0x1F, 0xC0, 0x3F, 0xC7, 0x1F, 0xE0, 0x6C, 0xCE, 0x39, 0xC0,
    0x1D, 0xF0, 0xC7, 0x7F, 0xFE, 0xF1, 0xC7, 0xF1, 0x07, 0xF0, 0xE7, 0x38, 0xFF, 0x00, 0x01, 0x70, 0x70, 0xEE, 0xFF, 0xF9, 0x03, 0x00, 0x03, 0x07,
    0xE7, 0x9C, 0xF3, 0x0E, 0x38, 0xCE, 0x73, 0xDE, 0x03, 0xCE, 0x79, 0xE7, 0x39, 0xE3, 0x9C, 0xE3, 0x38, 0xE0, 0x3D, 0xE7, 0x38, 0xE0, 0xEE, 0xCE,
    0x39, 0xC0, 0x1F, 0x78, 0xCF, 0x73, 0xCE, 0x79, 0xCF, 0x39, 0x0E, 0x18, 0xE7, 0x38, 0xE7, 0x00, 0x01, 0xF0, 0x3F, 0xCE, 0x71, 0x1C, 0x07, 0x00,
    0x03, 0x07, 0xE7, 0x3C, 0x70, 0x04, 0x38, 0xCE, 0x71, 0x8E, 0x03, 0x1E, 0x38, 0xE2, 0x38, 0xF0, 0x9C, 0xE3, 0x38, 0xE0, 0x38, 0xE7, 0x38, 0xE0,
    0xEE, 0xCE, 0x39, 0xC0, 0x3F, 0x38, 0xCE, 0x71, 0x1E, 0x38, 0xCE, 0x39, 0x0E, 0x80, 0xE7, 0x38, 0x0F, 0x00, 0x01, 0xF0, 0x1F, 0xCE, 0x71, 0x1C,
    0x07, 0x00, 0x03, 0x07, 0xE7, 0xF8, 0x70, 0x00, 0x01, 0x38, 0xCE, 0x71, 0x8E, 0x03, 0x7C, 0x38, 0xE0, 0x38, 0xFC, 0x9C, 0xE3, 0x3F, 0xE0, 0x38,
    0xE7, 0x3F, 0xE0, 0xC6, 0xCE, 0x39, 0xDF, 0x3B, 0x38, 0xCE, 0x71, 0x7C, 0x38, 0xCE, 0xF9, 0x0F, 0xE0, 0xE7, 0x38, 0x3E, 0x00, 0x01, 0xF0, 0x3F,
    0xCE, 0x71, 0xFC, 0x07, 0x00, 0x03, 0x07, 0xE7, 0xF0, 0x71, 0x00, 0x01, 0x38, 0xCE, 0x71, 0x8E, 0x03, 0xF8, 0x38, 0xE0, 0x38, 0xEE, 0x9C, 0xE3,
    0x3F, 0xE0, 0x38, 0xE7, 0x3F, 0xE0, 0xC6, 0xCE, 0x39, 0xDF, 0x71, 0x38, 0xCE, 0x71, 0xF8, 0x38, 0xCE, 0xF9, 0x0F, 0x70, 0xE7, 0x38, 0x7C, 0x00,
    0x01, 0x70, 0x70, 0xCE, 0x71, 0xFC, 0x07, 0x00, 0x03, 0x87, 0xE7, 0xC0, 0x73, 0x04, 0x38, 0xCE, 0x71, 0x8E, 0x03, 0xE0, 0x39, 0xE2, 0x38, 0xE7,
    0x9C, 0xE3, 0x00, 0x01, 0xE0, 0x38, 0xE7, 0x00, 0x01, 0xC0, 0xC7, 0xC7, 0x39, 0xDF, 0x71, 0x38, 0xCE, 0x71, 0xE0, 0x39, 0xCE, 0x39, 0x00, 0x01,
    0x38, 0xE7, 0x38, 0xF0, 0x00, 0x01, 0x70, 0x70, 0xCE, 0x71, 0x1C, 0x00, 0x04, 0xFF, 0xE3, 0x9C, 0xF3, 0x0E, 0x38, 0xCF, 0x71, 0xDE, 0x03, 0xCE,
    0x79, 0xE7, 0x38, 0xE7, 0x9C, 0xE3, 0x38, 0xE0, 0x3D, 0xE7, 0x38, 0xC0, 0xC7, 0xC7, 0x39, 0xC0, 0xE1, 0x78, 0xCF, 0x71, 0xCE, 0x79, 0xCF, 0x39,
    0x0E, 0x38, 0xE7, 0x3C, 0xE7, 0x1C, 0xF0, 0x7F, 0xCE, 0x71, 0x1C, 0x07, 0x00, 0x03, 0xFF, 0xE3, 0xFC, 0xE3, 0x07, 0xF8, 0xCF, 0x71, 0xFC, 0x03,
    0xFE, 0xF1, 0xE3, 0x38, 0xFF, 0x9C, 0xCF, 0x1F, 0xC0, 0x3F, 0xC7, 0x1F, 0xC0, 0x83, 0xC7, 0x39, 0xC0, 0xC1, 0xF1, 0xC7, 0x71, 0xFE, 0xF1, 0xC7,
    0xF1, 0x07, 0xF8, 0xE7, 0x3F, 0xFF, 0x1C, 0xF0, 0x3F, 0xCE, 0xF7, 0xF9, 0x03, 0x00, 0x03, 0xFF, 0xE0, 0xF8, 0xC1, 0x03, 0xF0, 0xCE, 0x71, 0xB8,
    0x03, 0xFC, 0xE0, 0xE1, 0x38, 0xDE, 0x1D, 0x8F, 0x0F, 0x80, 0x3B, 0x87, 0x0F, 0xC0, 0x83, 0xC7, 0x39, 0xC0, 0xC1, 0xE1, 0xC3, 0x71, 0xFC, 0xE0,
    0xC3, 0xE1, 0x03, 0xF0, 0xCE, 0x3B, 0x7E, 0x1C, 0xF0, 0x1F, 0x8E, 0xE7, 0xF1, 0x01, 0x00, 0xFF, 0x00, 0xFF, 0x00, 0xFF, 0x00, 0x58, 0xE7, 0x00,
    0x04, 0x9C, 0x03, 0x00, 0x01, 0x38, 0x1C, 0xEE, 0x1C, 0xE0, 0x3F, 0x00, 0x02, 0x38, 0x07, 0x00, 0x0A, 0x38, 0x00, 0x01, 0x38, 0x06, 0x00, 0x12,
    0xE7, 0x00, 0x04, 0x9C, 0x03, 0x00, 0x01, 0x38, 0x1C, 0xEE, 0x1C, 0xE0, 0x7F, 0x00, 0x02, 0x38, 0x07, 0x00, 0x0A, 0x38, 0x00, 0x01, 0x38, 0x07,
    0x00, 0x12, 0x07, 0x00, 0x04, 0x1C, 0x00, 0x02, 0x38, 0x3E, 0x0E, 0x00, 0x01, 0xE0, 0xFF, 0x00, 0x02, 0x38, 0x00, 0x0B, 0x38, 0x00, 0x02, 0x07,
    0x00, 0x12, 0xE7, 0xF0, 0xC1, 0x0F, 0xC0, 0x9D, 0xC3, 0x07, 0x70, 0x36, 0xE7, 0x1C, 0xE0, 0xE0, 0xF0, 0x81, 0x3B, 0x87, 0x0F, 0xF7, 0x38, 0xCE,
    0x3D, 0xB8, 0xE3, 0x07, 0x1F, 0xF7, 0x38, 0x7C, 0xB8, 0xDF, 0x71, 0xEE, 0xC1, 0x1D, 0x00, 0x01, 0x8E, 0x73, 0xCF, 0x03, 0x00, 0x09, 0xE7, 0xF8,
    0xE3, 0x1F, 0xE0, 0x9F, 0xE3, 0x0F, 0x70, 0x36, 0xE7, 0x1C, 0xE0, 0xE0, 0xF8, 0xC3, 0x3F, 0xC7, 0x1F, 0xFF, 0x39, 0xCE, 0x7F, 0xFC, 0xF3, 0x8F,
    0x3F, 0xFF, 0x39, 0xFE, 0xB8, 0xDF, 0x71, 0xFE, 0xE3, 0x1F, 0x00, 0x01, 0x8E, 0xF3, 0xFF, 0x07, 0x00, 0x09, 0xE7, 0x1C, 0xE7, 0x1C, 0xF0, 0x9E,
    0x73, 0x1C, 0x70, 0x77, 0xE7, 0x1C, 0xE0, 0x7F, 0x1C, 0xE7, 0x3D, 0xE7, 0x38, 0xCF, 0x39, 0xCE, 0x73, 0xDE, 0x73, 0xCE, 0x38, 0xCF, 0x39, 0xC7,
    0x39, 0xC7, 0x71, 0x9E, 0xF3, 0x1E, 0x00, 0x01, 0x8E, 0xF3, 0x3C, 0x07, 0x00, 0x09, 0xE7, 0x1C, 0xE7, 0x01, 0x70, 0x9C, 0x73, 0x1C, 0x70, 0x77,
    0xE7, 0x1C, 0xE0, 0x3F, 0x1C, 0xE7, 0x38, 0xE7, 0x38, 0xC7, 0x39, 0xCE, 0x71, 0x8E, 0xF3, 0x00, 0x01, 0x3C, 0xC7, 0x39, 0xC7, 0x39, 0xC7, 0x71,
    0x8E, 0x73, 0x1C, 0x00, 0x01, 0x8E, 0x73, 0x1C, 0x07, 0x00, 0x09, 0xE7, 0xFC, 0xC7, 0x07, 0x70, 0x9C, 0xF3, 0x1F, 0x70, 0x63, 0xE7, 0x9C, 0xEF,
    0x7F, 0xFC, 0xE7, 0x38, 0xE7, 0x3F, 0xC7, 0x39, 0xCE, 0x71, 0x8E, 0xE3, 0x03, 0x3F, 0xC7, 0x39, 0xFF, 0x39, 0xC7, 0x71, 0x8E, 0x73, 0x1C, 0x00,
    0x01, 0x8E, 0x73, 0x1C, 0x07, 0x00, 0x09, 0xE7, 0xFC, 0x87, 0x0F, 0x70, 0x9C, 0xF3, 0x1F, 0x70, 0x63, 0xE7, 0x9C, 0xEF, 0xE0, 0xFC, 0xE7, 0x38,
    0xE7, 0x3F, 0xC7, 0x39, 0xCE, 0x71, 0x8E, 0xC3, 0x87, 0x3B, 0xC7, 0x39, 0xFF, 0x39, 0xC7, 0x71, 0x8E, 0x73, 0x1C, 0x00, 0x01, 0x8E, 0x73, 0x1C,
    0x07, 0x00, 0x09, 0xE7, 0x1C, 0x00, 0x01, 0x1E, 0x70, 0x9C, 0x73, 0x00, 0x01, 0xE0, 0xE3, 0xE3, 0x9C, 0xEF, 0xE0, 0x1C, 0xE0, 0x38, 0xE7, 0x00,
    0x01, 0xC7, 0x39, 0xCE, 0x71, 0x8E, 0x03, 0xCF, 0x39, 0xC7, 0x39, 0x07, 0x38, 0xC7, 0x71, 0x8E, 0x73, 0x1C, 0x00, 0x01, 0x8E, 0x73, 0x1C, 0x07,
    0x00, 0x09, 0xE7, 0x1C, 0xE7, 0x1C, 0xF0, 0x9E, 0x73, 0x1C, 0xE0, 0xE3, 0xE3, 0x1C, 0xE0, 0xFF, 0x1C, 0xE7, 0x3D, 0xE7, 0x38, 0xC7, 0x39, 0xCF,
    0x71, 0xDE, 0x73, 0xCE, 0x39, 0xC7, 0x39, 0xC7, 0x39, 0xC7, 0x79, 0x8E, 0xF3, 0x9E, 0x03, 0xCE, 0x73, 0x1C, 0x07, 0x00, 0x09, 0xE7, 0xF8, 0xE3,
    0x1F, 0xE0, 0x9F, 0xE3, 0x0F, 0xE0, 0xC1, 0xE3, 0x1C, 0xE0, 0x7F, 0xF8, 0xC3, 0x3F, 0xC7, 0x1F, 0xC7, 0xF9, 0xCF, 0x71, 0xFC, 0xF3, 0xCF, 0x3F,
    0xC7, 0x39, 0xFE, 0x38, 0xDF, 0x7F, 0x8E, 0xE3, 0x9F, 0x03, 0xFE, 0x73, 0x1C, 0x07, 0x00, 0x09, 0xE7, 0xF0, 0xC1, 0x0F, 0xC0, 0x9D, 0xC3, 0x07,
    0xE0, 0xC1, 0xE3, 0x1C, 0xE0, 0x3F, 0xF0, 0x81, 0x3B, 0x87, 0x0F, 0xC7, 0xF1, 0xCE, 0x71, 0xB8, 0xE3, 0x87, 0x77, 0xC7, 0x39, 0x7C, 0x38, 0x9E,
    0x77, 0x8E, 0xC3, 0x9D, 0x03, 0xBC, 0x73, 0x1C, 0x07, 0x00, 0x20, 0x80, 0x03, 0x00, 0x0A, 0x1C, 0x02, 0x00, 0x24, 0x8E, 0x03, 0x00, 0x09, 0x70,
    0x1C, 0x03, 0x00, 0x24, 0xFE, 0x01, 0x00, 0x09, 0xF0, 0x8F, 0x01, 0x00, 0x24, 0xFC, 0x00, 0x0A, 0xE0, 0x07, 0x00, 0xFF, 0x00, 0xFF, 0x00, 0x9D,
    0x1C, 0x03, 0x00, 0x03, 0x80, 0x03, 0x00, 0x01, 0x1F, 0x00, 0x05, 0x18, 0x07, 0x00, 0x0B, 0x0E, 0x00, 0x01, 0xC0, 0x31, 0x00, 0x13, 0x9C, 0x03,
    0x00, 0x03, 0x80, 0x03, 0x80, 0x1F, 0x00, 0x05, 0x1C, 0x07, 0x00, 0x0B, 0x0E, 0x00, 0x01, 0xC0, 0x39, 0x00, 0x13, 0x80, 0x03, 0x00, 0x03, 0x80,
    0x03, 0x80, 0x03, 0x00, 0x05, 0x1C, 0x00, 0x0C, 0x0E, 0x00, 0x01, 0xC0, 0x39, 0x00, 0x0F, 0x80, 0xE3, 0x38, 0x3E, 0xDC, 0x8F, 0x0F, 0x37, 0x3E,
    0x80, 0x73, 0xCF, 0x8F, 0x0F, 0xB7, 0x7B, 0x1E, 0x7C, 0x7E, 0x87, 0x0F, 0xF7, 0xE0, 0xC3, 0x3D, 0xC0, 0x9F, 0xE3, 0x00, 0x01, 0x3E, 0xDC, 0xEE,
    0xC1, 0xC7, 0xFD, 0xF8, 0x70, 0x0F, 0x00, 0x0C, 0x80, 0xE3, 0x38, 0x7F, 0xDC, 0xCF, 0x1F, 0x3F, 0x7F, 0x80, 0xF3, 0xDF, 0xCF, 0x1F, 0xBF, 0xFF,
    0x3F, 0xFE, 0x7E, 0xC7, 0x1F, 0xFF, 0xF1, 0xC7, 0x7F, 0xC0, 0x9F, 0xE3, 0x00, 0x01, 0x7F, 0xFC, 0xFE, 0xE3, 0xCF, 0xFD, 0xFC, 0xF1, 0x1F, 0x00,
    0x0D, 0xE3, 0x98, 0xE3, 0x9C, 0xE3, 0x38, 0x8F, 0xE3, 0x80, 0xF3, 0x9C, 0xE3, 0x3D, 0x8F, 0xE7, 0x39, 0xE3, 0x1C, 0xE7, 0x3D, 0xCF, 0x39, 0xCE,
    0x73, 0x00, 0x01, 0x9C, 0xE3, 0x80, 0xE3, 0x3C, 0x9E, 0x33, 0xCE, 0x39, 0x8E, 0xF3, 0x1C, 0x00, 0x0D, 0xF7, 0x9D, 0xE3, 0x9C, 0xE3, 0x38, 0x87,
    0xE3, 0x80, 0x73, 0x9C, 0xE3, 0x38, 0x87, 0xE3, 0x38, 0xF0, 0x1C, 0xE7, 0x38, 0xC7, 0x39, 0xCE, 0x71, 0x00, 0x01, 0x8E, 0xE3, 0x80, 0xE3, 0x1C,
    0x8E, 0x03, 0xCF, 0x39, 0x8E, 0x73, 0x1C, 0x00, 0x0D, 0xB7, 0x9D, 0xFF, 0x9C, 0xE3, 0x3F, 0x87, 0xFF, 0x80, 0x73, 0x9C, 0xE3, 0x38, 0x87, 0xE3,
    0x38, 0xFC, 0x1C, 0xE7, 0x38, 0xC7, 0xF9, 0xCF, 0x71, 0x00, 0x01, 0x87, 0xE3, 0x80, 0xFF, 0x1C, 0x8E, 0xC3, 0xCF, 0x39, 0xFE, 0x73, 0x1C, 0x00,
    0x0D, 0xB6, 0x8D, 0xFF, 0x9C, 0xE3, 0x3F, 0x87, 0xFF, 0x80, 0x73, 0x9C, 0xE3, 0x38, 0x87, 0xE3, 0x38, 0xEE, 0x1C, 0xE7, 0x38, 0xC7, 0xF9, 0xCF,
    0x71, 0x00, 0x01, 0x87, 0xE3, 0x80, 0xFF, 0x1C, 0x8E, 0xE3, 0xCE, 0x39, 0xFE, 0x73, 0x1C, 0x00, 0x0D, 0xBE, 0x8F, 0x03, 0x9C, 0xE3, 0x00, 0x01,
    0x87, 0x03, 0x80, 0x73, 0x9C, 0xE3, 0x38, 0x87, 0xE3, 0x38, 0xE7, 0x1C, 0xE7, 0x38, 0xC7, 0x39, 0xC0, 0x71, 0x80, 0x83, 0xE3, 0x80, 0x03, 0x1C,
    0x8E, 0x73, 0xCE, 0x39, 0x0E, 0x70, 0x1C, 0x00, 0x0D, 0x1E, 0x8F, 0xE3, 0x9C, 0xE3, 0x38, 0x87, 0xE3, 0x80, 0x73, 0x9C, 0xE3, 0x3D, 0x87, 0xE3,
    0x38, 0xE7, 0x1C, 0xE7, 0x3D, 0xC7, 0x39, 0xCE, 0x71, 0xC0, 0x81, 0xF3, 0x80, 0xE3, 0x1C, 0x8E, 0x73, 0xCE, 0x39, 0x8E, 0x73, 0x9C, 0x03, 0x00,
    0x0C, 0x1C, 0x07, 0x7F, 0x9C, 0xCF, 0x1F, 0x07, 0x7F, 0x80, 0x73, 0x9C, 0xC3, 0x1F, 0x87, 0xE3, 0x38, 0xFF, 0x7C, 0xC7, 0x1F, 0xC7, 0xF1, 0xC7,
    0x71, 0xC0, 0x9F, 0xFF, 0x00, 0x01, 0x7F, 0x1C, 0x8E, 0xF3, 0xCF, 0xF9, 0xFC, 0x71, 0x9C, 0x03, 0x00, 0x0C, 0x1C, 0x07, 0x3E, 0x1C, 0x8F, 0x0F,
    0x07, 0x3E, 0x80, 0x73, 0x9C, 0x83, 0x0F, 0x87, 0xE3, 0x38, 0xDE, 0x79, 0x87, 0x0F, 0xC7, 0xE1, 0xC3, 0x71, 0xC0, 0x1F, 0xEF, 0x00, 0x01, 0x3E,
    0x1C, 0x8E, 0xE3, 0xDD, 0xF1, 0xF8, 0x70, 0x9C, 0x03, 0x00, 0xFF, 0x00, 0xFF, 0x00, 0xFF, 0x00, 0xFF, 0x00, 0x27, 0x00,
};
}

namespace HEADER_FatalErrorImage_deu
{
const unsigned char g_ImageData[0x3A8] = {
    0x00, 0xFF, 0x00, 0xFF, 0x00, 0xFF, 0x00, 0xFF, 0x00, 0xFF, 0x00, 0xFF, 0x00, 0xFF, 0x00, 0xFF, 0x00, 0xFF, 0x00, 0xFF, 0x00, 0xFF, 0x00, 0xFF,
    0x00, 0xFF, 0x00, 0xFF, 0x00, 0xEA, 0xE0, 0x3F, 0x1C, 0xC3, 0x00, 0x04, 0x80, 0x03, 0x1C, 0x00, 0x01, 0x1C, 0x00, 0x03, 0x38, 0x07, 0x00, 0x20,
    0xE0, 0x7F, 0x9C, 0xE3, 0x00, 0x04, 0x80, 0x03, 0x1C, 0x00, 0x01, 0x1C, 0x00, 0x03, 0x38, 0x07, 0x00, 0x20, 0xE0, 0xFF, 0x80, 0xE3, 0x00, 0x04,
    0x80, 0x03, 0x00, 0x02, 0x1C, 0x00, 0x03, 0x38, 0x00, 0x21, 0xE0, 0xE0, 0xDC, 0xFF, 0xE3, 0x03, 0xF0, 0x83, 0x87, 0x7B, 0x1C, 0x3E, 0xDC, 0x81,
    0x0F, 0x80, 0x3B, 0x87, 0x0F, 0x00, 0x1F, 0xE0, 0xE0, 0xDC, 0xFF, 0xF3, 0x07, 0xF8, 0xC7, 0x8F, 0xFF, 0x1C, 0x7F, 0xFC, 0xC3, 0x1F, 0xC0, 0x3F,
    0xC7, 0x1F, 0x00, 0x1F, 0xE0, 0x7F, 0x9C, 0xE3, 0x38, 0x0E, 0x38, 0xE7, 0x9D, 0xE7, 0x9C, 0xE3, 0xBC, 0xE7, 0x38, 0xE0, 0x3D, 0xE7, 0x38, 0x00,
    0x1F, 0xE0, 0x3F, 0x9C, 0xE3, 0x38, 0x0E, 0x78, 0xE0, 0x88, 0xE3, 0x9C, 0xE3, 0x1C, 0xE7, 0x38, 0xE0, 0x38, 0xE7, 0x38, 0x00, 0x1F, 0xE0, 0x7F,
    0x9C, 0xE3, 0xF8, 0x0F, 0xF0, 0xE1, 0x80, 0xE3, 0x9C, 0xFF, 0x1C, 0xE7, 0x3F, 0xE0, 0x38, 0xE7, 0x3F, 0x00, 0x1F, 0xE0, 0xE0, 0x9C, 0xE3, 0xF8,
    0x0F, 0xE0, 0xE3, 0x80, 0xE3, 0x9C, 0xFF, 0x1C, 0xE7, 0x3F, 0xE0, 0x38, 0xE7, 0x3F, 0x00, 0x1F, 0xE0, 0xE0, 0x9C, 0xE3, 0x38, 0x00, 0x01, 0x80,
    0xE7, 0x88, 0xE3, 0x9C, 0x03, 0x1C, 0xE7, 0x00, 0x01, 0xE0, 0x38, 0xE7, 0x00, 0x20, 0xE0, 0xFF, 0x9C, 0xE3, 0x38, 0x0E, 0x38, 0xE7, 0x9D, 0xE3,
    0x9C, 0xE3, 0xBC, 0xE7, 0x38, 0xE0, 0x3D, 0xE7, 0x38, 0x00, 0x1F, 0xE0, 0x7F, 0x9C, 0xEF, 0xF3, 0x07, 0xF8, 0xC7, 0x8F, 0xE3, 0x1C, 0x7F, 0xFC,
    0xC3, 0x1F, 0xC0, 0x3F, 0xC7, 0x1F, 0x00, 0x1F, 0xE0, 0x3F, 0x1C, 0xCF, 0xE3, 0x03, 0xF0, 0x83, 0x87, 0xE3, 0x1C, 0x3E, 0xDC, 0x81, 0x0F, 0x80,
    0x3B, 0x87, 0x0F, 0x00, 0xFF, 0x00, 0xFF, 0x00, 0xFF, 0x00, 0x74, 0xE0, 0xC1, 0x03, 0x00, 0x01, 0xE0, 0x00, 0x02, 0xF0, 0x83, 0x01, 0x38, 0x07,
    0x00, 0x04, 0x80, 0x07, 0x07, 0x00, 0x06, 0x07, 0xFC, 0x07, 0x00, 0x02, 0x30, 0x0E, 0x00, 0x01, 0xC0, 0x39, 0xC0, 0x3F, 0x38, 0x00, 0x04, 0x70,
    0x00, 0x07, 0xE0, 0xC1, 0x03, 0x00, 0x01, 0xE0, 0x00, 0x02, 0xF8, 0xC7, 0x01, 0x38, 0x07, 0x00, 0x04, 0xE0, 0x1F, 0x07, 0x00, 0x06, 0x07, 0xFC,
    0x07, 0x00, 0x02, 0x38, 0x0E, 0x00, 0x01, 0xC0, 0x39, 0xC0, 0xFF, 0x38, 0x00, 0x04, 0x70, 0x00, 0x07, 0xE0, 0xE3, 0x03, 0x00, 0x04, 0xFC, 0xCF,
    0x01, 0x00, 0x01, 0x07, 0x00, 0x04, 0xF0, 0x1F, 0x07, 0x00, 0x06, 0x07, 0xFC, 0x07, 0x00, 0x02, 0x38, 0x0E, 0x00, 0x01, 0xC0, 0x39, 0xC0, 0xFF,
    0x00, 0x0D, 0xE0, 0xE3, 0xC3, 0xC7, 0xED, 0xF0, 0x01, 0x1C, 0xEE, 0x77, 0x3B, 0xC7, 0xF1, 0xE1, 0xE6, 0x07, 0x70, 0x3C, 0xF7, 0xE0, 0xE3, 0xC6,
    0x1D, 0x3E, 0x70, 0x07, 0x1C, 0x80, 0x0F, 0x7C, 0xFC, 0xEE, 0xC0, 0xC7, 0x39, 0xC0, 0xE1, 0x39, 0x7E, 0xF0, 0x00, 0x01, 0xF8, 0x70, 0xEE, 0x01,
    0x00, 0x05, 0xE0, 0xE3, 0xE3, 0xCF, 0xEF, 0xF8, 0x03, 0x1C, 0xE0, 0xF7, 0x3B, 0xE7, 0xF8, 0xE3, 0xF7, 0x0F, 0x38, 0x18, 0xFF, 0xF1, 0xE7, 0xE7,
    0x1F, 0x7F, 0xF8, 0x07, 0x1C, 0xC0, 0x1F, 0xFE, 0xFC, 0xFE, 0xE1, 0xCF, 0x39, 0xC0, 0xC1, 0x39, 0xFF, 0xF8, 0x01, 0xFC, 0x71, 0xFE, 0x03, 0x00,
    0x05, 0xE0, 0xB6, 0x33, 0xCE, 0xE3, 0xBC, 0x07, 0xFC, 0xC1, 0xF1, 0x38, 0x77, 0x1C, 0xE7, 0x71, 0x0E, 0x38, 0x00, 0x01, 0xCF, 0x19, 0xE7, 0xF1,
    0x9E, 0xE3, 0xBC, 0x07, 0xFC, 0xE3, 0x3D, 0xEF, 0x39, 0xDE, 0x33, 0xCE, 0x39, 0xC0, 0xC1, 0x39, 0xE7, 0xBC, 0x03, 0x8E, 0x73, 0x9E, 0x03, 0x00,
    0x05, 0xE0, 0xB6, 0x03, 0xCF, 0xE1, 0x1C, 0x07, 0xF8, 0xC7, 0x71, 0x38, 0x3F, 0x1C, 0xE7, 0xF0, 0x00, 0x01, 0x38, 0x00, 0x01, 0xC7, 0x81, 0xE7,
    0x70, 0x9C, 0xE3, 0x1C, 0x07, 0xFC, 0xE3, 0x38, 0xC7, 0x39, 0x8E, 0x03, 0xCF, 0x39, 0xC0, 0xC1, 0x39, 0x0F, 0x1C, 0x01, 0x8E, 0x73, 0x8E, 0x03,
    0x00, 0x05, 0xE0, 0xB6, 0xC3, 0xCF, 0xE1, 0x1C, 0x07, 0xE0, 0xCF, 0x71, 0x38, 0x3F, 0xFC, 0xE7, 0xE0, 0x03, 0x38, 0x00, 0x01, 0xC7, 0xE1, 0xE7,
    0x70, 0x9C, 0xFF, 0x1C, 0x07, 0xFC, 0xE3, 0x38, 0xC7, 0x39, 0x8E, 0xC3, 0xCF, 0x39, 0xDF, 0xC1, 0x39, 0x3E, 0x1C, 0x00, 0x01, 0xFE, 0x73, 0x8E,
    0x03, 0x00, 0x05, 0xE0, 0xB6, 0xE3, 0xCE, 0xE1, 0x1C, 0x07, 0x00, 0x01, 0xCE, 0x71, 0x38, 0x7F, 0xFC, 0xE7, 0xC0, 0x07, 0x38, 0x18, 0xC7, 0x71,
    0xE7, 0x70, 0x9C, 0xFF, 0x1C, 0x07, 0x1C, 0xE0, 0x38, 0xC7, 0x39, 0x8E, 0xE3, 0xCE, 0x39, 0xDF, 0xC1, 0x39, 0x7C, 0x1C, 0x00, 0x01, 0xFE, 0x73,
    0x8E, 0x03, 0x00, 0x05, 0xE0, 0x9C, 0x73, 0xCE, 0xE1, 0x1C, 0x07, 0x1C, 0xCE, 0x71, 0x38, 0x77, 0x1C, 0xE0, 0x00, 0x01, 0x0F, 0x70, 0x3C, 0xC7,
    0x39, 0xE7, 0x70, 0x9C, 0x03, 0x1C, 0x07, 0x1C, 0xE0, 0x38, 0xC7, 0x39, 0x8E, 0x73, 0xCE, 0x39, 0xDF, 0xE1, 0x39, 0xF0, 0x1C, 0x01, 0x0E, 0x70,
    0x8E, 0x03, 0x00, 0x05, 0xE0, 0x9C, 0x73, 0xCE, 0xE1, 0xBC, 0x07, 0xFC, 0xCF, 0x71, 0x38, 0xE7, 0x1C, 0xE7, 0x70, 0x0E, 0xF0, 0x1F, 0xC7, 0x39,
    0xE7, 0xF0, 0x9E, 0xE3, 0xBC, 0x07, 0x1C, 0xE0, 0x3D, 0xEF, 0x39, 0xDE, 0x73, 0xCE, 0x39, 0xC0, 0xFF, 0x38, 0xE7, 0xBC, 0x03, 0x8E, 0x73, 0x8E,
    0x73, 0x00, 0x05, 0xE0, 0x9C, 0xF3, 0xCF, 0xE1, 0xF8, 0x03, 0xF8, 0xC7, 0x77, 0x38, 0xE7, 0xF8, 0xE3, 0xF0, 0x0F, 0xE0, 0x1F, 0xC7, 0xF9, 0xE7,
    0xE0, 0x1F, 0x7F, 0xF8, 0x07, 0x1C, 0xC0, 0x1F, 0xFE, 0xF8, 0xFE, 0xF1, 0xCF, 0x39, 0xC0, 0xFF, 0x38, 0xFF, 0xF8, 0x01, 0xFC, 0x71, 0x8E, 0x73,
    0x00, 0x05, 0xE0, 0x88, 0xE3, 0xDD, 0xE1, 0xF0, 0x01, 0xF0, 0x83, 0x77, 0x38, 0xC7, 0xF1, 0xE1, 0xE0, 0x07, 0x80, 0x07, 0xC7, 0xF1, 0xEE, 0xC0,
    0x1D, 0x3E, 0x70, 0x07, 0x1C, 0x80, 0x0F, 0x7C, 0xF0, 0xEE, 0xE0, 0xDD, 0x39, 0xC0, 0x3F, 0x38, 0x7E, 0xF0, 0x00, 0x01, 0xF8, 0x70, 0x8E, 0x73,
    0x00, 0x1B, 0x1C, 0x00, 0x30, 0x70, 0x1C, 0x00, 0x30, 0xF0, 0x0F, 0x00, 0x30, 0xE0, 0x07, 0x00, 0xFF, 0x00, 0xFF, 0x00, 0xFF, 0x00, 0xFF, 0x00,
    0xFF, 0x00, 0xFF, 0x00, 0xFF, 0x00, 0xFF, 0x00, 0xFF, 0x00, 0xFF, 0x00, 0xFF, 0x00, 0xFF, 0x00, 0xFF, 0x00, 0xFF, 0x00, 0xFF, 0x00, 0x2F, 0x00,
};
}

namespace HEADER_WrongDiskImage_deu
{
const unsigned char g_ImageData[0x694] = {
    0x00, 0xFF, 0x00, 0xFF, 0x00, 0xFF, 0x00, 0xFF, 0x00, 0xFF, 0x00, 0xFF, 0x00, 0xFF, 0x00, 0xFF, 0x00, 0xFF, 0x00, 0xFF, 0x00, 0xFF, 0x00, 0xFF,
    0x00, 0x5E, 0xF8, 0x07, 0x07, 0x00, 0x04, 0xFC, 0x83, 0x03, 0x00, 0x02, 0xE0, 0x00, 0x06, 0x80, 0x03, 0xC0, 0x01, 0x0C, 0x00, 0x03, 0x1C, 0x00,
    0x0A, 0xC0, 0x01, 0x00, 0x0A, 0xF8, 0x1F, 0x07, 0x00, 0x04, 0xFC, 0x8F, 0x03, 0x00, 0x02, 0xE0, 0x00, 0x06, 0x80, 0x03, 0xC0, 0x01, 0x0E, 0x00,
    0x03, 0x1C, 0x00, 0x0A, 0xC0, 0x01, 0x00, 0x0A, 0xF8, 0x1F, 0x00, 0x05, 0xFC, 0x0F, 0x00, 0x03, 0xE0, 0x00, 0x08, 0xC0, 0x01, 0x0E, 0x00, 0x03,
    0x1C, 0x00, 0x0A, 0xC0, 0x01, 0x00, 0x0A, 0x38, 0x3C, 0x87, 0x0F, 0x7E, 0xF0, 0x01, 0x1C, 0x9E, 0xE3, 0x07, 0x0F, 0xE0, 0x38, 0x3E, 0xEE, 0x71,
    0x0F, 0x70, 0x8F, 0xC3, 0xC3, 0x3D, 0x3F, 0xC0, 0x1D, 0x3E, 0x1C, 0x3E, 0xF8, 0xC1, 0x87, 0x7B, 0xC0, 0x71, 0x1C, 0x1F, 0x6E, 0xDC, 0xE1, 0xC3,
    0x3D, 0x00, 0x08, 0x38, 0x38, 0xC7, 0x1F, 0xFF, 0xF8, 0x03, 0x1C, 0x9C, 0xF3, 0x8F, 0x1F, 0xE0, 0x1C, 0x7F, 0xFE, 0xF3, 0x1F, 0xF0, 0x9F, 0xE3,
    0xC7, 0x7F, 0x3F, 0xE0, 0x1F, 0x7F, 0x1C, 0x7F, 0xFC, 0xE3, 0x8F, 0xFF, 0xC0, 0x71, 0x9C, 0x3F, 0x7E, 0xFE, 0xF1, 0xC7, 0x7F, 0x00, 0x08, 0x38,
    0x38, 0xE7, 0x38, 0xE7, 0x1C, 0x07, 0x1C, 0x9C, 0x73, 0xCE, 0x3B, 0xE0, 0x8E, 0x71, 0x9E, 0xF3, 0x1C, 0xF0, 0x9C, 0xF3, 0xCE, 0x73, 0x0E, 0xF0,
    0x9E, 0xE3, 0x9C, 0xE3, 0x9C, 0x73, 0x9C, 0xE7, 0x80, 0x71, 0xCC, 0x71, 0x1E, 0xEF, 0x39, 0xCE, 0x73, 0x00, 0x08, 0x38, 0x38, 0xE7, 0x38, 0x0F,
    0x1C, 0x07, 0x1C, 0x9C, 0xF3, 0xC0, 0x11, 0xE0, 0x07, 0x78, 0x8E, 0x73, 0x1C, 0x70, 0x9C, 0x73, 0xC4, 0x71, 0x0E, 0x70, 0x9C, 0xE3, 0x9C, 0xE3,
    0x3C, 0x70, 0x9C, 0xE3, 0x80, 0xFB, 0xCE, 0x71, 0x0E, 0xC7, 0x39, 0xCE, 0x71, 0x00, 0x08, 0x38, 0x38, 0xE7, 0x3F, 0x3E, 0xFC, 0x07, 0x1C, 0x9C,
    0xE3, 0xC3, 0x01, 0xE0, 0x07, 0x7E, 0x8E, 0x73, 0x1C, 0x70, 0x9C, 0x73, 0xC0, 0x71, 0x0E, 0x70, 0x9C, 0xFF, 0x9C, 0xFF, 0xF8, 0xF0, 0x9F, 0xE3,
    0x80, 0xDB, 0xCE, 0x7F, 0x0E, 0xC7, 0xF9, 0xCF, 0x71, 0x00, 0x08, 0x38, 0x38, 0xE7, 0x3F, 0x7C, 0xFC, 0x07, 0x1C, 0x9C, 0xC3, 0xC7, 0x01, 0xE0,
    0x0F, 0x77, 0x8E, 0x73, 0x1C, 0x70, 0x9C, 0x73, 0xC0, 0x71, 0x0E, 0x70, 0x9C, 0xFF, 0x9C, 0xFF, 0xF0, 0xF1, 0x9F, 0xE3, 0x00, 0x01, 0xDB, 0xC6,
    0x7F, 0x0E, 0xC7, 0xF9, 0xCF, 0x71, 0x00, 0x08, 0x38, 0x3C, 0xE7, 0x00, 0x01, 0xF0, 0x1C, 0x00, 0x01, 0x1C, 0x9E, 0x03, 0xCF, 0x11, 0xE0, 0x8E,
    0x73, 0x8E, 0x73, 0x1C, 0x70, 0x9C, 0x73, 0xC4, 0x71, 0x0E, 0x70, 0x9C, 0x03, 0x9C, 0x03, 0xC0, 0x73, 0x80, 0xE3, 0x00, 0x01, 0xDF, 0xC7, 0x01,
    0x0E, 0xC7, 0x39, 0xC0, 0x71, 0x00, 0x08, 0xF8, 0x1F, 0xE7, 0x38, 0xE7, 0x1C, 0x07, 0xFC, 0x8F, 0x73, 0xCE, 0x3B, 0xE0, 0x9C, 0x73, 0x8E, 0x73,
    0x1C, 0x70, 0x9C, 0xF3, 0xCE, 0x71, 0x0E, 0xF0, 0x9E, 0xE3, 0x9C, 0xE3, 0x9C, 0x73, 0x9C, 0xE3, 0x00, 0x01, 0x8F, 0xC7, 0x71, 0x0E, 0xEF, 0x39,
    0xCE, 0x71, 0x0E, 0x00, 0x07, 0xF8, 0x1F, 0xC7, 0x1F, 0xFF, 0xF8, 0x03, 0xFC, 0x8F, 0xF3, 0x8F, 0x1F, 0xE0, 0x9C, 0x7F, 0x8E, 0x73, 0x1C, 0x70,
    0x9C, 0xE3, 0xC7, 0x71, 0x3E, 0xE0, 0x1F, 0x7F, 0x1C, 0x7F, 0xFC, 0xE3, 0x8F, 0xE3, 0x00, 0x01, 0x8E, 0x83, 0x3F, 0x0E, 0xFE, 0xF1, 0xC7, 0x71,
    0x0E, 0x00, 0x07, 0xF8, 0x07, 0x87, 0x0F, 0x7E, 0xF0, 0x01, 0xFC, 0x83, 0xE3, 0x07, 0x0F, 0xE0, 0x38, 0xEF, 0x8E, 0x73, 0x1C, 0x70, 0x9C, 0xC3,
    0xC3, 0x71, 0x3C, 0xC0, 0x1D, 0x3E, 0x1C, 0x3E, 0xF8, 0xC1, 0x87, 0xE3, 0x00, 0x01, 0x8E, 0x03, 0x1F, 0x0E, 0xDC, 0xE1, 0xC3, 0x71, 0x0E, 0x00,
    0x20, 0x1C, 0x00, 0x30, 0x70, 0x1C, 0x00, 0x30, 0xF0, 0x0F, 0x00, 0x30, 0xE0, 0x07, 0x00, 0xFF, 0x00, 0xFF, 0x00, 0xA4, 0xF8, 0x0F, 0xC7, 0x30,
    0x00, 0x02, 0xCE, 0x01, 0x00, 0x03, 0x38, 0x07, 0x00, 0x01, 0x70, 0x38, 0xDC, 0x39, 0xC0, 0x7F, 0x00, 0x02, 0x70, 0x0E, 0x00, 0x0A, 0x70, 0x00,
    0x01, 0x70, 0x0C, 0x00, 0x0C, 0xF8, 0x1F, 0xE7, 0x38, 0x00, 0x02, 0xCE, 0x01, 0x00, 0x03, 0x38, 0x07, 0x00, 0x01, 0x70, 0x38, 0xDC, 0x39, 0xC0,
    0xFF, 0x00, 0x02, 0x70, 0x0E, 0x00, 0x0A, 0x70, 0x00, 0x01, 0x70, 0x0E, 0x00, 0x0C, 0xF8, 0x3F, 0xE0, 0x38, 0x00, 0x02, 0x0E, 0x00, 0x04, 0x38,
    0x00, 0x02, 0x70, 0x7C, 0x1C, 0x00, 0x01, 0xC0, 0xFF, 0x01, 0x00, 0x01, 0x70, 0x00, 0x0B, 0x70, 0x00, 0x02, 0x0E, 0x00, 0x0C, 0x38, 0x38, 0xF7,
    0xFF, 0xF8, 0x00, 0x01, 0xCE, 0xE1, 0x83, 0x1F, 0x80, 0x3B, 0x87, 0x0F, 0xE0, 0x6C, 0xCE, 0x39, 0xC0, 0xC1, 0xE1, 0x03, 0x77, 0x0E, 0x1F, 0xEE,
    0x71, 0x9C, 0x7B, 0x70, 0xC7, 0x0F, 0x3E, 0xEE, 0x71, 0xF8, 0x70, 0xBF, 0xE3, 0xDC, 0x83, 0x3B, 0x00, 0x08, 0x38, 0x38, 0xF7, 0xFF, 0xFC, 0x01,
    0xCE, 0xF1, 0xC7, 0x3F, 0xC0, 0x3F, 0xC7, 0x1F, 0xE0, 0x6C, 0xCE, 0x39, 0xC0, 0xC1, 0xF1, 0x87, 0x7F, 0x8E, 0x3F, 0xFE, 0x73, 0x9C, 0xFF, 0xF8,
    0xE7, 0x1F, 0x7F, 0xFE, 0x73, 0xFC, 0x71, 0xBF, 0xE3, 0xFC, 0xC7, 0x3F, 0x00, 0x08, 0xF8, 0x1F, 0xE7, 0x38, 0x8E, 0x03, 0xCE, 0x39, 0xCE, 0x39,
    0xE0, 0x3D, 0xE7, 0x38, 0xE0, 0xEE, 0xCE, 0x39, 0xC0, 0xFF, 0x38, 0xCE, 0x7B, 0xCE, 0x71, 0x9E, 0x73, 0x9C, 0xE7, 0xBC, 0xE7, 0x9C, 0x71, 0x9E,
    0x73, 0x8E, 0x73, 0x8E, 0xE3, 0x3C, 0xE7, 0x3D, 0x00, 0x08, 0xF8, 0x0F, 0xE7, 0x38, 0x8E, 0x03, 0xCE, 0x39, 0xCE, 0x03, 0xE0, 0x38, 0xE7, 0x38,
    0xE0, 0xEE, 0xCE, 0x39, 0xC0, 0x7F, 0x38, 0xCE, 0x71, 0xCE, 0x71, 0x8E, 0x73, 0x9C, 0xE3, 0x1C, 0xE7, 0x01, 0x78, 0x8E, 0x73, 0x8E, 0x73, 0x8E,
    0xE3, 0x1C, 0xE7, 0x38, 0x00, 0x08, 0xF8, 0x1F, 0xE7, 0x38, 0xFE, 0x03, 0xCE, 0xF9, 0x8F, 0x0F, 0xE0, 0x38, 0xE7, 0x3F, 0xE0, 0xC6, 0xCE, 0x39,
    0xDF, 0xFF, 0xF8, 0xCF, 0x71, 0xCE, 0x7F, 0x8E, 0x73, 0x9C, 0xE3, 0x1C, 0xC7, 0x07, 0x7E, 0x8E, 0x73, 0xFE, 0x73, 0x8E, 0xE3, 0x1C, 0xE7, 0x38,
    0x00, 0x08, 0x38, 0x38, 0xE7, 0x38, 0xFE, 0x03, 0xCE, 0xF9, 0x0F, 0x1F, 0xE0, 0x38, 0xE7, 0x3F, 0xE0, 0xC6, 0xCE, 0x39, 0xDF, 0xC1, 0xF9, 0xCF,
    0x71, 0xCE, 0x7F, 0x8E, 0x73, 0x9C, 0xE3, 0x1C, 0x87, 0x0F, 0x77, 0x8E, 0x73, 0xFE, 0x73, 0x8E, 0xE3, 0x1C, 0xE7, 0x38, 0x00, 0x08, 0x38, 0x38,
    0xE7, 0x38, 0x0E, 0x00, 0x01, 0xCE, 0x39, 0x00, 0x01, 0x3C, 0xE0, 0x38, 0xE7, 0x00, 0x01, 0xC0, 0xC7, 0xC7, 0x39, 0xDF, 0xC1, 0x39, 0xC0, 0x71,
    0xCE, 0x01, 0x8E, 0x73, 0x9C, 0xE3, 0x1C, 0x07, 0x9E, 0x73, 0x8E, 0x73, 0x0E, 0x70, 0x8E, 0xE3, 0x1C, 0xE7, 0x38, 0x00, 0x08, 0xF8, 0x3F, 0xE7,
    0x38, 0x8E, 0x03, 0xCE, 0x39, 0xCE, 0x39, 0xE0, 0x3D, 0xE7, 0x38, 0xC0, 0xC7, 0xC7, 0x39, 0xC0, 0xFF, 0x39, 0xCE, 0x7B, 0xCE, 0x71, 0x8E, 0x73,
    0x9E, 0xE3, 0xBC, 0xE7, 0x9C, 0x73, 0x8E, 0x73, 0x8E, 0x73, 0x8E, 0xF3, 0x1C, 0xE7, 0x3D, 0x07, 0x00, 0x07, 0xF8, 0x1F, 0xE7, 0xFB, 0xFC, 0x01,
    0xCE, 0xF1, 0xC7, 0x3F, 0xC0, 0x3F, 0xC7, 0x1F, 0xC0, 0x83, 0xC7, 0x39, 0xC0, 0xFF, 0xF0, 0x87, 0x7F, 0x8E, 0x3F, 0x8E, 0xF3, 0x9F, 0xE3, 0xF8,
    0xE7, 0x9F, 0x7F, 0x8E, 0x73, 0xFC, 0x71, 0xBE, 0xFF, 0x1C, 0xC7, 0x3F, 0x07, 0x00, 0x07, 0xF8, 0x0F, 0xC7, 0xF3, 0xF8, 0x00, 0x01, 0xCE, 0xE1,
    0x83, 0x1F, 0x80, 0x3B, 0x87, 0x0F, 0xC0, 0x83, 0xC7, 0x39, 0xC0, 0x7F, 0xE0, 0x03, 0x77, 0x0E, 0x1F, 0x8E, 0xE3, 0x9D, 0xE3, 0x70, 0xC7, 0x0F,
    0xEF, 0x8E, 0x73, 0xF8, 0x70, 0x3C, 0xEF, 0x1C, 0x87, 0x3B, 0x07, 0x00, 0x25, 0x07, 0x00, 0x0A, 0x38, 0x04, 0x00, 0x24, 0x1C, 0x07, 0x00, 0x09,
    0xE0, 0x38, 0x06, 0x00, 0x24, 0xFC, 0x03, 0x00, 0x09, 0xE0, 0x1F, 0x03, 0x00, 0x24, 0xF8, 0x01, 0x00, 0x09, 0xC0, 0x0F, 0x00, 0xFF, 0x00, 0xFF,
    0x00, 0x9B, 0xC0, 0x31, 0x00, 0x04, 0x38, 0x00, 0x01, 0xF0, 0x01, 0x00, 0x04, 0x80, 0x71, 0x00, 0x0B, 0xE0, 0x00, 0x02, 0x1C, 0x03, 0x00, 0x12,
    0xC0, 0x39, 0x00, 0x04, 0x38, 0x00, 0x01, 0xF8, 0x01, 0x00, 0x04, 0xC0, 0x71, 0x00, 0x0B, 0xE0, 0x00, 0x02, 0x9C, 0x03, 0x00, 0x13, 0x38, 0x00,
    0x04, 0x38, 0x00, 0x01, 0x38, 0x00, 0x05, 0xC0, 0x01, 0x00, 0x0B, 0xE0, 0x00, 0x02, 0x9C, 0x03, 0x00, 0x0B, 0x38, 0xCE, 0x3D, 0x0F, 0x38, 0x8E,
    0xE3, 0xC3, 0xFD, 0xF8, 0x70, 0xE3, 0x03, 0x38, 0xF7, 0xFC, 0xF8, 0x70, 0xBB, 0xE7, 0xC1, 0xE7, 0x77, 0xF8, 0x70, 0x0F, 0x3E, 0xDC, 0x03, 0xFC,
    0x39, 0x0E, 0xE0, 0xC3, 0xED, 0x1E, 0x7C, 0xDC, 0x8F, 0x0F, 0xF7, 0x00, 0x09, 0x38, 0xCE, 0xFF, 0x1F, 0x38, 0x8E, 0xF3, 0xC7, 0xFD, 0xFC, 0xF1,
    0xF3, 0x07, 0x38, 0xFF, 0xFD, 0xFC, 0xF1, 0xFB, 0xFF, 0xE3, 0xEF, 0x77, 0xFC, 0xF1, 0x1F, 0x7F, 0xFC, 0x07, 0xFC, 0x39, 0x0E, 0xF0, 0xC7, 0xEF,
    0x3F, 0xFE, 0xDC, 0xCF, 0x1F, 0xFF, 0x01, 0x00, 0x08, 0x38, 0xCE, 0xF3, 0x1C, 0x30, 0x8E, 0x39, 0xCE, 0x39, 0x8E, 0xF3, 0x38, 0x0E, 0x38, 0xCF,
    0x39, 0xDE, 0xF3, 0x78, 0x9E, 0x33, 0xCE, 0x71, 0xDE, 0xF3, 0x9C, 0xE3, 0x3C, 0x07, 0xC0, 0x39, 0x0E, 0x38, 0xCE, 0xE3, 0x39, 0xE3, 0x9C, 0xE3,
    0x38, 0xCF, 0x01, 0x00, 0x08, 0x38, 0xCE, 0x71, 0x1C, 0x70, 0xDF, 0x39, 0xCE, 0x39, 0x8E, 0x73, 0x38, 0x0E, 0x38, 0xC7, 0x39, 0x8E, 0x73, 0x38,
    0x8E, 0x03, 0xCF, 0x71, 0x8E, 0x73, 0x9C, 0xE3, 0x1C, 0x07, 0xE0, 0x38, 0x0E, 0x38, 0xCE, 0xE1, 0x38, 0xF0, 0x9C, 0xE3, 0x38, 0xC7, 0x01, 0x00,
    0x08, 0x38, 0xCE, 0x71, 0x1C, 0x70, 0xDB, 0xF9, 0xCF, 0x39, 0xFE, 0x73, 0xF8, 0x0F, 0x38, 0xC7, 0x39, 0x8E, 0x73, 0x38, 0x8E, 0xC3, 0xCF, 0x71,
    0x8E, 0x73, 0x9C, 0xFF, 0x1C, 0x07, 0x70, 0x38, 0x0E, 0xF8, 0xCF, 0xE1, 0x38, 0xFC, 0x9C, 0xE3, 0x3F, 0xC7, 0x01, 0x00, 0x08, 0x38, 0xCE, 0x71,
    0x1C, 0x60, 0xDB, 0xF8, 0xCF, 0x39, 0xFE, 0x73, 0xF8, 0x0F, 0x38, 0xC7, 0x39, 0x8E, 0x73, 0x38, 0x8E, 0xE3, 0xCE, 0x71, 0x8E, 0x73, 0x9C, 0xFF,
    0x1C, 0x07, 0x70, 0x38, 0x0E, 0xF8, 0xCF, 0xE1, 0x38, 0xEE, 0x9C, 0xE3, 0x3F, 0xC7, 0x01, 0x00, 0x08, 0x38, 0xCE, 0x71, 0x1C, 0xE0, 0xFB, 0x38,
    0xC0, 0x39, 0x0E, 0x70, 0x38, 0x00, 0x01, 0x38, 0xC7, 0x39, 0x8E, 0x73, 0x38, 0x8E, 0x73, 0xCE, 0x71, 0x8E, 0x73, 0x9C, 0x03, 0x1C, 0x07, 0x38,
    0x38, 0x0E, 0x38, 0xC0, 0xE1, 0x38, 0xE7, 0x9C, 0xE3, 0x00, 0x01, 0xC7, 0x01, 0x00, 0x08, 0x38, 0xCF, 0x71, 0x1C, 0xE0, 0xF1, 0x38, 0xCE, 0x39,
    0x8E, 0x73, 0x38, 0x0E, 0x38, 0xC7, 0x39, 0xDE, 0x73, 0x38, 0x8E, 0x73, 0xCE, 0x71, 0xDE, 0x73, 0x9C, 0xE3, 0x1C, 0x07, 0x1C, 0x38, 0x0F, 0x38,
    0xCE, 0xE1, 0x38, 0xE7, 0x9C, 0xE3, 0x38, 0xC7, 0x39, 0x00, 0x08, 0xF8, 0xCF, 0x71, 0x1C, 0xC0, 0x71, 0xF0, 0xC7, 0xF9, 0xFC, 0x71, 0xF0, 0x07,
    0x38, 0xC7, 0x39, 0xFC, 0x71, 0x38, 0x8E, 0xF3, 0xCF, 0x77, 0xFC, 0x71, 0x1C, 0x7F, 0x1C, 0x07, 0xFC, 0xF9, 0x0F, 0xF0, 0xC7, 0xE1, 0x38, 0xFF,
    0x9C, 0xCF, 0x1F, 0xC7, 0x39, 0x00, 0x08, 0xF0, 0xCE, 0x71, 0x1C, 0xC0, 0x71, 0xE0, 0xC3, 0xF1, 0xF8, 0x70, 0xE0, 0x03, 0x38, 0xC7, 0x39, 0xF8,
    0x70, 0x38, 0x8E, 0xE3, 0x9D, 0x77, 0xF8, 0x70, 0x1C, 0x3E, 0x1C, 0x07, 0xFC, 0xF1, 0x0E, 0xE0, 0xC3, 0xE1, 0x38, 0xDE, 0x1D, 0x8F, 0x0F, 0xC7,
    0x39, 0x00, 0xFF, 0x00, 0xFF, 0x00, 0xFF, 0x00, 0xFF, 0x00, 0xFF, 0x00, 0xFF, 0x00, 0xFF, 0x00, 0xFF, 0x00, 0xFF, 0x00, 0xFF, 0x00, 0xFF, 0x00,
    0xFF, 0x00, 0x8F, 0x00,
};
}

namespace HEADER_RetryImage_deu
{
const unsigned char g_ImageData[0x3A8] = {
    0x00, 0xFF, 0x00, 0xFF, 0x00, 0xFF, 0x00, 0xFF, 0x00, 0xFF, 0x00, 0xFF, 0x00, 0xFF, 0x00, 0xFF, 0x00, 0xFF, 0x00, 0xFF, 0x00, 0xFF, 0x00, 0xFF,
    0x00, 0xFF, 0x00, 0xFF, 0x00, 0xEA, 0xE0, 0x3F, 0x1C, 0xC3, 0x00, 0x04, 0x80, 0x03, 0x1C, 0x00, 0x01, 0x1C, 0x00, 0x03, 0x38, 0x07, 0x00, 0x20,
    0xE0, 0x7F, 0x9C, 0xE3, 0x00, 0x04, 0x80, 0x03, 0x1C, 0x00, 0x01, 0x1C, 0x00, 0x03, 0x38, 0x07, 0x00, 0x20, 0xE0, 0xFF, 0x80, 0xE3, 0x00, 0x04,
    0x80, 0x03, 0x00, 0x02, 0x1C, 0x00, 0x03, 0x38, 0x00, 0x21, 0xE0, 0xE0, 0xDC, 0xFF, 0xE3, 0x03, 0xF0, 0x83, 0x87, 0x7B, 0x1C, 0x3E, 0xDC, 0x81,
    0x0F, 0x80, 0x3B, 0x87, 0x0F, 0x00, 0x1F, 0xE0, 0xE0, 0xDC, 0xFF, 0xF3, 0x07, 0xF8, 0xC7, 0x8F, 0xFF, 0x1C, 0x7F, 0xFC, 0xC3, 0x1F, 0xC0, 0x3F,
    0xC7, 0x1F, 0x00, 0x1F, 0xE0, 0x7F, 0x9C, 0xE3, 0x38, 0x0E, 0x38, 0xE7, 0x9D, 0xE7, 0x9C, 0xE3, 0xBC, 0xE7, 0x38, 0xE0, 0x3D, 0xE7, 0x38, 0x00,
    0x1F, 0xE0, 0x3F, 0x9C, 0xE3, 0x38, 0x0E, 0x78, 0xE0, 0x88, 0xE3, 0x9C, 0xE3, 0x1C, 0xE7, 0x38, 0xE0, 0x38, 0xE7, 0x38, 0x00, 0x1F, 0xE0, 0x7F,
    0x9C, 0xE3, 0xF8, 0x0F, 0xF0, 0xE1, 0x80, 0xE3, 0x9C, 0xFF, 0x1C, 0xE7, 0x3F, 0xE0, 0x38, 0xE7, 0x3F, 0x00, 0x1F, 0xE0, 0xE0, 0x9C, 0xE3, 0xF8,
    0x0F, 0xE0, 0xE3, 0x80, 0xE3, 0x9C, 0xFF, 0x1C, 0xE7, 0x3F, 0xE0, 0x38, 0xE7, 0x3F, 0x00, 0x1F, 0xE0, 0xE0, 0x9C, 0xE3, 0x38, 0x00, 0x01, 0x80,
    0xE7, 0x88, 0xE3, 0x9C, 0x03, 0x1C, 0xE7, 0x00, 0x01, 0xE0, 0x38, 0xE7, 0x00, 0x20, 0xE0, 0xFF, 0x9C, 0xE3, 0x38, 0x0E, 0x38, 0xE7, 0x9D, 0xE3,
    0x9C, 0xE3, 0xBC, 0xE7, 0x38, 0xE0, 0x3D, 0xE7, 0x38, 0x00, 0x1F, 0xE0, 0x7F, 0x9C, 0xEF, 0xF3, 0x07, 0xF8, 0xC7, 0x8F, 0xE3, 0x1C, 0x7F, 0xFC,
    0xC3, 0x1F, 0xC0, 0x3F, 0xC7, 0x1F, 0x00, 0x1F, 0xE0, 0x3F, 0x1C, 0xCF, 0xE3, 0x03, 0xF0, 0x83, 0x87, 0xE3, 0x1C, 0x3E, 0xDC, 0x81, 0x0F, 0x80,
    0x3B, 0x87, 0x0F, 0x00, 0xFF, 0x00, 0xFF, 0x00, 0xFF, 0x00, 0x74, 0xE0, 0xC1, 0x03, 0x00, 0x01, 0xE0, 0x00, 0x02, 0xF0, 0x83, 0x01, 0x38, 0x07,
    0x00, 0x04, 0x80, 0x07, 0x07, 0x00, 0x06, 0x07, 0xFC, 0x07, 0x00, 0x02, 0x30, 0x0E, 0x00, 0x01, 0xC0, 0x39, 0xC0, 0x3F, 0x38, 0x00, 0x04, 0x70,
    0x00, 0x07, 0xE0, 0xC1, 0x03, 0x00, 0x01, 0xE0, 0x00, 0x02, 0xF8, 0xC7, 0x01, 0x38, 0x07, 0x00, 0x04, 0xE0, 0x1F, 0x07, 0x00, 0x06, 0x07, 0xFC,
    0x07, 0x00, 0x02, 0x38, 0x0E, 0x00, 0x01, 0xC0, 0x39, 0xC0, 0xFF, 0x38, 0x00, 0x04, 0x70, 0x00, 0x07, 0xE0, 0xE3, 0x03, 0x00, 0x04, 0xFC, 0xCF,
    0x01, 0x00, 0x01, 0x07, 0x00, 0x04, 0xF0, 0x1F, 0x07, 0x00, 0x06, 0x07, 0xFC, 0x07, 0x00, 0x02, 0x38, 0x0E, 0x00, 0x01, 0xC0, 0x39, 0xC0, 0xFF,
    0x00, 0x0D, 0xE0, 0xE3, 0xC3, 0xC7, 0xED, 0xF0, 0x01, 0x1C, 0xEE, 0x77, 0x3B, 0xC7, 0xF1, 0xE1, 0xE6, 0x07, 0x70, 0x3C, 0xF7, 0xE0, 0xE3, 0xC6,
    0x1D, 0x3E, 0x70, 0x07, 0x1C, 0x80, 0x0F, 0x7C, 0xFC, 0xEE, 0xC0, 0xC7, 0x39, 0xC0, 0xE1, 0x39, 0x7E, 0xF0, 0x00, 0x01, 0xF8, 0x70, 0xEE, 0x01,
    0x00, 0x05, 0xE0, 0xE3, 0xE3, 0xCF, 0xEF, 0xF8, 0x03, 0x1C, 0xE0, 0xF7, 0x3B, 0xE7, 0xF8, 0xE3, 0xF7, 0x0F, 0x38, 0x18, 0xFF, 0xF1, 0xE7, 0xE7,
    0x1F, 0x7F, 0xF8, 0x07, 0x1C, 0xC0, 0x1F, 0xFE, 0xFC, 0xFE, 0xE1, 0xCF, 0x39, 0xC0, 0xC1, 0x39, 0xFF, 0xF8, 0x01, 0xFC, 0x71, 0xFE, 0x03, 0x00,
    0x05, 0xE0, 0xB6, 0x33, 0xCE, 0xE3, 0xBC, 0x07, 0xFC, 0xC1, 0xF1, 0x38, 0x77, 0x1C, 0xE7, 0x71, 0x0E, 0x38, 0x00, 0x01, 0xCF, 0x19, 0xE7, 0xF1,
    0x9E, 0xE3, 0xBC, 0x07, 0xFC, 0xE3, 0x3D, 0xEF, 0x39, 0xDE, 0x33, 0xCE, 0x39, 0xC0, 0xC1, 0x39, 0xE7, 0xBC, 0x03, 0x8E, 0x73, 0x9E, 0x03, 0x00,
    0x05, 0xE0, 0xB6, 0x03, 0xCF, 0xE1, 0x1C, 0x07, 0xF8, 0xC7, 0x71, 0x38, 0x3F, 0x1C, 0xE7, 0xF0, 0x00, 0x01, 0x38, 0x00, 0x01, 0xC7, 0x81, 0xE7,
    0x70, 0x9C, 0xE3, 0x1C, 0x07, 0xFC, 0xE3, 0x38, 0xC7, 0x39, 0x8E, 0x03, 0xCF, 0x39, 0xC0, 0xC1, 0x39, 0x0F, 0x1C, 0x01, 0x8E, 0x73, 0x8E, 0x03,
    0x00, 0x05, 0xE0, 0xB6, 0xC3, 0xCF, 0xE1, 0x1C, 0x07, 0xE0, 0xCF, 0x71, 0x38, 0x3F, 0xFC, 0xE7, 0xE0, 0x03, 0x38, 0x00, 0x01, 0xC7, 0xE1, 0xE7,
    0x70, 0x9C, 0xFF, 0x1C, 0x07, 0xFC, 0xE3, 0x38, 0xC7, 0x39, 0x8E, 0xC3, 0xCF, 0x39, 0xDF, 0xC1, 0x39, 0x3E, 0x1C, 0x00, 0x01, 0xFE, 0x73, 0x8E,
    0x03, 0x00, 0x05, 0xE0, 0xB6, 0xE3, 0xCE, 0xE1, 0x1C, 0x07, 0x00, 0x01, 0xCE, 0x71, 0x38, 0x7F, 0xFC, 0xE7, 0xC0, 0x07, 0x38, 0x18, 0xC7, 0x71,
    0xE7, 0x70, 0x9C, 0xFF, 0x1C, 0x07, 0x1C, 0xE0, 0x38, 0xC7, 0x39, 0x8E, 0xE3, 0xCE, 0x39, 0xDF, 0xC1, 0x39, 0x7C, 0x1C, 0x00, 0x01, 0xFE, 0x73,
    0x8E, 0x03, 0x00, 0x05, 0xE0, 0x9C, 0x73, 0xCE, 0xE1, 0x1C, 0x07, 0x1C, 0xCE, 0x71, 0x38, 0x77, 0x1C, 0xE0, 0x00, 0x01, 0x0F, 0x70, 0x3C, 0xC7,
    0x39, 0xE7, 0x70, 0x9C, 0x03, 0x1C, 0x07, 0x1C, 0xE0, 0x38, 0xC7, 0x39, 0x8E, 0x73, 0xCE, 0x39, 0xDF, 0xE1, 0x39, 0xF0, 0x1C, 0x01, 0x0E, 0x70,
    0x8E, 0x03, 0x00, 0x05, 0xE0, 0x9C, 0x73, 0xCE, 0xE1, 0xBC, 0x07, 0xFC, 0xCF, 0x71, 0x38, 0xE7, 0x1C, 0xE7, 0x70, 0x0E, 0xF0, 0x1F, 0xC7, 0x39,
    0xE7, 0xF0, 0x9E, 0xE3, 0xBC, 0x07, 0x1C, 0xE0, 0x3D, 0xEF, 0x39, 0xDE, 0x73, 0xCE, 0x39, 0xC0, 0xFF, 0x38, 0xE7, 0xBC, 0x03, 0x8E, 0x73, 0x8E,
    0x73, 0x00, 0x05, 0xE0, 0x9C, 0xF3, 0xCF, 0xE1, 0xF8, 0x03, 0xF8, 0xC7, 0x77, 0x38, 0xE7, 0xF8, 0xE3, 0xF0, 0x0F, 0xE0, 0x1F, 0xC7, 0xF9, 0xE7,
    0xE0, 0x1F, 0x7F, 0xF8, 0x07, 0x1C, 0xC0, 0x1F, 0xFE, 0xF8, 0xFE, 0xF1, 0xCF, 0x39, 0xC0, 0xFF, 0x38, 0xFF, 0xF8, 0x01, 0xFC, 0x71, 0x8E, 0x73,
    0x00, 0x05, 0xE0, 0x88, 0xE3, 0xDD, 0xE1, 0xF0, 0x01, 0xF0, 0x83, 0x77, 0x38, 0xC7, 0xF1, 0xE1, 0xE0, 0x07, 0x80, 0x07, 0xC7, 0xF1, 0xEE, 0xC0,
    0x1D, 0x3E, 0x70, 0x07, 0x1C, 0x80, 0x0F, 0x7C, 0xF0, 0xEE, 0xE0, 0xDD, 0x39, 0xC0, 0x3F, 0x38, 0x7E, 0xF0, 0x00, 0x01, 0xF8, 0x70, 0x8E, 0x73,
    0x00, 0x1B, 0x1C, 0x00, 0x30, 0x70, 0x1C, 0x00, 0x30, 0xF0, 0x0F, 0x00, 0x30, 0xE0, 0x07, 0x00, 0xFF, 0x00, 0xFF, 0x00, 0xFF, 0x00, 0xFF, 0x00,
    0xFF, 0x00, 0xFF, 0x00, 0xFF, 0x00, 0xFF, 0x00, 0xFF, 0x00, 0xFF, 0x00, 0xFF, 0x00, 0xFF, 0x00, 0xFF, 0x00, 0xFF, 0x00, 0xFF, 0x00, 0x2F, 0x00,
};
}

namespace HEADER_Loading_deu
{
const unsigned char g_ImageData[0x11D] = {
    0x00, 0xFF, 0x00, 0x4D, 0x80, 0x03, 0xE0, 0x83, 0x7F, 0xF0, 0xBF, 0x03, 0x0E, 0x1E, 0xF8, 0x0F, 0xF0, 0x01, 0x3E, 0x38, 0x38, 0xF0, 0x01, 0x00,
    0x11, 0x80, 0x03, 0xE0, 0x83, 0xFF, 0xF1, 0xBF, 0x03, 0x8E, 0x7F, 0xF8, 0x1F, 0xFC, 0x07, 0x3E, 0x78, 0x38, 0xFC, 0x07, 0x00, 0x11, 0x80, 0x03,
    0xE0, 0x83, 0xFF, 0xF1, 0x3F, 0x07, 0xC7, 0xFF, 0xF8, 0x3F, 0xFE, 0x07, 0x3E, 0xF8, 0x38, 0xFE, 0x07, 0x00, 0x11, 0x80, 0x03, 0x70, 0x87, 0xC3,
    0x73, 0x00, 0x01, 0x07, 0xC7, 0xE1, 0x38, 0x38, 0x0E, 0x0F, 0x77, 0xF8, 0x38, 0x0E, 0x0F, 0x00, 0x11, 0x80, 0x03, 0x70, 0x87, 0x83, 0x73, 0x00,
    0x01, 0x07, 0xE7, 0xC0, 0x39, 0x38, 0x07, 0x06, 0x77, 0xF8, 0x39, 0x07, 0x06, 0x00, 0x11, 0x80, 0x03, 0x70, 0x87, 0x83, 0xF3, 0x3F, 0x8E, 0xE3,
    0xC0, 0xF9, 0x3F, 0x07, 0x00, 0x01, 0x77, 0xB8, 0x39, 0x07, 0x00, 0x12, 0x80, 0x03, 0x38, 0x8E, 0x83, 0xF3, 0x3F, 0x8E, 0xE3, 0xC0, 0xF9, 0x1F,
    0xC7, 0x8F, 0xE3, 0xB8, 0x3B, 0xC7, 0x0F, 0x00, 0x11, 0x80, 0x03, 0xF8, 0x8F, 0x83, 0xF3, 0x3F, 0xDC, 0xE1, 0xC0, 0xF9, 0x07, 0xC7, 0x8F, 0xFF,
    0x38, 0x3B, 0xC7, 0x0F, 0x00, 0x11, 0x80, 0x03, 0xF8, 0x8F, 0x83, 0x73, 0x00, 0x01, 0xDC, 0xE1, 0xC0, 0x39, 0x0F, 0xC7, 0x8F, 0xFF, 0x38, 0x3F,
    0xC7, 0x0F, 0x00, 0x11, 0x80, 0x03, 0xFC, 0x9F, 0xC3, 0x73, 0x00, 0x01, 0xDC, 0xC1, 0xE1, 0x38, 0x1E, 0x0E, 0xCE, 0xFF, 0x39, 0x3E, 0x0E, 0x0E,
    0x00, 0x11, 0x80, 0xFF, 0x1C, 0x9C, 0xFF, 0xF1, 0x3F, 0xF8, 0xC0, 0xFF, 0x38, 0x1C, 0xFE, 0xCF, 0xC1, 0x39, 0x3E, 0xFE, 0x0F, 0x00, 0x11, 0x80,
    0xFF, 0x1C, 0x9C, 0xFF, 0xF1, 0x3F, 0xF8, 0x80, 0x7F, 0x38, 0x3C, 0xFC, 0xC7, 0xC1, 0x39, 0x3C, 0xFC, 0x07, 0x00, 0x11, 0x80, 0xFF, 0x0E, 0xB8,
    0x7F, 0xF0, 0x3F, 0xF8, 0x00, 0x01, 0x1E, 0x38, 0x78, 0xF0, 0xE1, 0x80, 0x3B, 0x38, 0xF0, 0x01, 0x00, 0xFF, 0x00, 0x71, 0x00,
};
}

namespace HEADER_NoDiskImage_fre
{
const unsigned char g_ImageData[0x93C] = {
    0x00, 0xFF, 0x00, 0xFF, 0x00, 0xFF, 0x00, 0xED, 0xE0, 0xE0, 0x00, 0x0D, 0xC0, 0x00, 0x22, 0xE0, 0xE0, 0x00, 0x0D, 0xE0, 0x00, 0x22, 0xE0, 0xE0,
    0x00, 0x0D, 0xE0, 0x00, 0x22, 0xE0, 0xE0, 0xDC, 0x83, 0x0F, 0x80, 0x0F, 0xB7, 0x1B, 0x1F, 0x8E, 0x73, 0x03, 0x7C, 0xF0, 0xF3, 0x03, 0x7E, 0x1C,
    0xE7, 0x76, 0x1C, 0x3E, 0xDC, 0xE3, 0x38, 0x7C, 0x00, 0x17, 0xE0, 0xE0, 0xFC, 0xC7, 0x1F, 0xC0, 0x1F, 0xBF, 0x9F, 0x3F, 0x8E, 0xF3, 0x03, 0xFE,
    0xF8, 0xF7, 0x03, 0xFF, 0x1C, 0xE7, 0x77, 0x1C, 0x7F, 0xFC, 0xE7, 0x38, 0xFE, 0x00, 0x17, 0xE0, 0xE0, 0x3C, 0xE7, 0x38, 0xE0, 0x38, 0x8F, 0xC7,
    0x71, 0x8E, 0xF3, 0x00, 0x01, 0xC7, 0x39, 0xE7, 0x00, 0x01, 0xE7, 0x1C, 0xE7, 0x71, 0x9C, 0xE3, 0x3C, 0xE7, 0x38, 0xC7, 0x01, 0x00, 0x16, 0xE0,
    0xE0, 0x1C, 0xE7, 0x38, 0xE0, 0x38, 0x87, 0xC3, 0x71, 0x8E, 0x73, 0x00, 0x01, 0xC7, 0x79, 0xE0, 0x00, 0x01, 0x0F, 0x1C, 0xE7, 0xE0, 0x8E, 0xE3,
    0x1C, 0xE7, 0x38, 0xC7, 0x01, 0x00, 0x16, 0xE0, 0xE0, 0x1C, 0xE7, 0x3F, 0xE0, 0x3F, 0x87, 0xC3, 0x7F, 0x8E, 0x73, 0x00, 0x01, 0xFF, 0xF1, 0xE1,
    0x00, 0x01, 0x3E, 0x1C, 0xE7, 0xE0, 0x8E, 0xFF, 0x1C, 0xE7, 0x38, 0xFF, 0x01, 0x00, 0x16, 0xE0, 0xE0, 0x1C, 0xE7, 0x3F, 0xE0, 0x3F, 0x87, 0xC3,
    0x7F, 0x8E, 0x73, 0x00, 0x01, 0xFF, 0xE1, 0xE3, 0x00, 0x01, 0x7C, 0x1C, 0xE7, 0xC0, 0x86, 0xFF, 0x1C, 0xE7, 0x38, 0xFF, 0x01, 0x00, 0x16, 0xE0,
    0xF1, 0x1C, 0xE7, 0x00, 0x01, 0xE0, 0x00, 0x01, 0x87, 0xC3, 0x01, 0x8E, 0x73, 0x00, 0x01, 0x07, 0x80, 0xE7, 0x00, 0x01, 0xF0, 0x1C, 0xE7, 0xC0,
    0x87, 0x03, 0x1C, 0xE7, 0x38, 0x07, 0x00, 0x17, 0xC0, 0x7F, 0x1C, 0xE7, 0x38, 0xE0, 0x38, 0x87, 0xC3, 0x71, 0xCE, 0x73, 0x00, 0x01, 0xC7, 0x39,
    0xE7, 0x00, 0x01, 0xE7, 0x9C, 0xE7, 0xC0, 0x87, 0xE3, 0x1C, 0xE7, 0x3C, 0xC7, 0x39, 0x00, 0x16, 0xC0, 0x7F, 0x1C, 0xC7, 0x1F, 0xC0, 0x1F, 0x87,
    0x83, 0x3F, 0xFE, 0x73, 0x00, 0x01, 0xFE, 0xF8, 0xE7, 0x03, 0xFF, 0xFC, 0xE7, 0x80, 0x03, 0x7F, 0x1C, 0xE7, 0x3F, 0xFE, 0x38, 0x00, 0x17, 0x1F,
    0x1C, 0x87, 0x0F, 0x80, 0x0F, 0x87, 0x03, 0x1F, 0xBC, 0x73, 0x00, 0x01, 0x7C, 0xF0, 0xC3, 0x03, 0x7E, 0x78, 0xE7, 0x80, 0x03, 0x3E, 0x1C, 0xC7,
    0x3B, 0x7C, 0x38, 0x00, 0xFF, 0x00, 0xFF, 0x00, 0xFF, 0x00, 0xFF, 0x00, 0xFF, 0x00, 0xFF, 0x00, 0xFF, 0x00, 0xFF, 0x00, 0xFF, 0x00, 0x4E, 0x1F,
    0x00, 0x0D, 0x07, 0x00, 0x01, 0xE0, 0x00, 0x03, 0x80, 0x01, 0x00, 0x02, 0x80, 0xFF, 0x01, 0xE7, 0x7F, 0xE0, 0xE1, 0xFF, 0x00, 0x03, 0x30, 0x0E,
    0x00, 0x0D, 0x1F, 0x00, 0x0D, 0x07, 0x00, 0x01, 0xE0, 0x00, 0x03, 0xC0, 0x01, 0x00, 0x02, 0x80, 0xFF, 0x01, 0xE7, 0x7F, 0xF8, 0xE7, 0xFF, 0x00,
    0x03, 0x38, 0x0E, 0x00, 0x0D, 0x1F, 0x00, 0x0D, 0x07, 0x00, 0x01, 0xE0, 0x00, 0x03, 0xC0, 0x01, 0x00, 0x02, 0x80, 0xFF, 0x01, 0xE7, 0x7F, 0xFC,
    0xE7, 0xFF, 0x00, 0x03, 0x38, 0x00, 0x0D, 0x80, 0x3B, 0xDC, 0xE1, 0x0E, 0xC7, 0x1D, 0x1C, 0x1F, 0xFE, 0x00, 0x01, 0x3F, 0x8E, 0x73, 0x03, 0x87,
    0x0F, 0xE0, 0x0E, 0x7C, 0x38, 0xEE, 0xC7, 0x87, 0x7B, 0x80, 0x03, 0x00, 0x01, 0xE7, 0x00, 0x01, 0x1C, 0x0F, 0x0E, 0x00, 0x01, 0x6E, 0x7C, 0xFC,
    0xCE, 0x8D, 0x0F, 0x7F, 0x00, 0x09, 0x80, 0x3B, 0xFC, 0xE3, 0x1F, 0xC7, 0x1D, 0x9C, 0x3F, 0xFE, 0x80, 0x7F, 0x8E, 0xF3, 0x03, 0xC7, 0x1F, 0xE0,
    0x1F, 0xFE, 0x38, 0xEE, 0xE7, 0x8F, 0xFF, 0x80, 0x03, 0x00, 0x01, 0xE7, 0x00, 0x01, 0x0E, 0x06, 0x0E, 0x00, 0x01, 0x7E, 0xFE, 0xFC, 0xCE, 0xCF,
    0x1F, 0x7F, 0x00, 0x09, 0x80, 0x3B, 0xBC, 0xE7, 0x3D, 0xC7, 0x39, 0xCE, 0x71, 0xE0, 0x80, 0x73, 0x8E, 0xF3, 0x00, 0x01, 0xE7, 0x38, 0xE0, 0x3D,
    0xEF, 0x39, 0xCE, 0xF1, 0x9E, 0xE7, 0x80, 0xFF, 0x01, 0xE7, 0x7F, 0x0E, 0x00, 0x01, 0x0E, 0x00, 0x01, 0x1E, 0xC7, 0x39, 0xCE, 0xE3, 0x38, 0x70,
    0x00, 0x09, 0xC0, 0x71, 0x1C, 0xE7, 0x38, 0xC7, 0x39, 0xCE, 0x71, 0x70, 0x80, 0x07, 0x8E, 0x73, 0x00, 0x01, 0xE7, 0x38, 0xE0, 0x38, 0xC7, 0x39,
    0xCE, 0x71, 0x9C, 0xE3, 0x80, 0xFF, 0x01, 0xE7, 0x7F, 0x0E, 0x00, 0x01, 0x0E, 0x00, 0x01, 0x0E, 0xC7, 0x39, 0xCE, 0xE1, 0x38, 0x38, 0x00, 0x09,
    0xC0, 0x7F, 0x1C, 0xE7, 0x38, 0xC7, 0x31, 0xC6, 0x7F, 0x38, 0x00, 0x01, 0x1F, 0x8E, 0x73, 0x00, 0x01, 0xE7, 0x3F, 0xE0, 0x38, 0xC7, 0x39, 0xCE,
    0x71, 0x9C, 0xE3, 0x80, 0xFF, 0x01, 0xE7, 0x7F, 0x0E, 0x00, 0x01, 0x0E, 0x00, 0x01, 0x0E, 0xFF, 0x39, 0xCE, 0xE1, 0x3F, 0x1C, 0x00, 0x09, 0xC0,
    0x7F, 0x1C, 0xE7, 0x38, 0xC7, 0x71, 0xC7, 0x7F, 0x38, 0x00, 0x01, 0x3E, 0x8E, 0x73, 0x00, 0x01, 0xE7, 0x3F, 0xE0, 0x38, 0xC7, 0x39, 0xCE, 0x71,
    0x9C, 0xE3, 0x80, 0x03, 0x1C, 0xE7, 0x00, 0x01, 0x0E, 0x06, 0x0E, 0x00, 0x01, 0x0E, 0xFF, 0x39, 0xCE, 0xE1, 0x3F, 0x1C, 0x00, 0x09, 0xE0, 0xFF,
    0x1C, 0xE7, 0x38, 0xC7, 0x61, 0xC7, 0x01, 0x1C, 0x00, 0x01, 0x78, 0x8E, 0x73, 0x00, 0x01, 0xE7, 0x00, 0x01, 0xE0, 0x38, 0xC7, 0x39, 0xCE, 0x71,
    0x9C, 0xE3, 0x80, 0x03, 0x1C, 0xE7, 0x00, 0x01, 0x1C, 0x0F, 0x0E, 0x00, 0x01, 0x0E, 0x07, 0x38, 0xCE, 0xE1, 0x00, 0x01, 0x0E, 0x00, 0x09, 0xE0,
    0xE0, 0xBC, 0xE7, 0x3D, 0xE7, 0xE1, 0xC3, 0x71, 0x0E, 0x80, 0x73, 0xCE, 0x73, 0x00, 0x01, 0xE7, 0x38, 0xE0, 0x3D, 0xEF, 0x39, 0xCF, 0xF1, 0x9E,
    0xE3, 0x80, 0xFF, 0xFD, 0xE7, 0x7F, 0xFC, 0x07, 0x8E, 0x03, 0x0E, 0xC7, 0x39, 0xCE, 0xE1, 0x38, 0x07, 0x00, 0x09, 0xE0, 0xE0, 0xFC, 0xE3, 0x1F,
    0xFF, 0xE1, 0x83, 0x3F, 0xFE, 0x80, 0x7F, 0xFE, 0x73, 0x00, 0x01, 0xC7, 0x1F, 0xE0, 0x1F, 0xFE, 0xF8, 0xCF, 0xE7, 0x8F, 0xE3, 0x80, 0xFF, 0xF9,
    0xE3, 0x7F, 0xF8, 0x07, 0x8E, 0x03, 0x0E, 0xFE, 0xF8, 0xCE, 0xC1, 0x1F, 0x7F, 0x00, 0x09, 0x70, 0xC0, 0xDD, 0xE1, 0x0E, 0xDE, 0xC1, 0x01, 0x1F,
    0xFE, 0x00, 0x01, 0x3F, 0xBC, 0x73, 0x00, 0x01, 0x87, 0x0F, 0xE0, 0x0E, 0x7C, 0xF0, 0x8E, 0xC7, 0x87, 0xE3, 0x80, 0xFF, 0xF1, 0xE1, 0x7F, 0xE0,
    0x01, 0x8E, 0x03, 0x0E, 0x7C, 0xF0, 0xCE, 0x81, 0x0F, 0x7F, 0x00, 0x0B, 0x1C, 0xE0, 0x00, 0x02, 0xC0, 0x01, 0x00, 0x19, 0x02, 0x00, 0x12, 0x1C,
    0xE0, 0x00, 0x02, 0xE0, 0x00, 0x1A, 0x03, 0x00, 0x12, 0x1C, 0xE0, 0x00, 0x02, 0xF8, 0x00, 0x19, 0x80, 0x01, 0x00, 0x12, 0x1C, 0xE0, 0x00, 0x02,
    0x78, 0x00, 0xFF, 0x00, 0xFF, 0x00, 0x93, 0x70, 0x00, 0x23, 0xE0, 0x00, 0x03, 0xE7, 0x00, 0x07, 0xC0, 0x00, 0x01, 0x30, 0x18, 0x00, 0x01, 0x38,
    0x00, 0x05, 0x80, 0x03, 0x00, 0x08, 0x07, 0x00, 0x10, 0xE0, 0x00, 0x03, 0xE7, 0x00, 0x07, 0xE0, 0x00, 0x01, 0x18, 0x1C, 0x00, 0x01, 0x38, 0x00,
    0x05, 0x80, 0x03, 0x00, 0x08, 0x07, 0x00, 0x10, 0xE0, 0x00, 0x03, 0x07, 0x00, 0x07, 0xE0, 0x00, 0x02, 0x1C, 0x00, 0x07, 0x80, 0x03, 0x00, 0x08,
    0x07, 0x00, 0x10, 0xE0, 0xF0, 0x01, 0x70, 0xE7, 0xF8, 0xC1, 0x9D, 0xE3, 0xF0, 0x01, 0xF0, 0xF1, 0x03, 0x7C, 0x7E, 0x7C, 0x38, 0xDC, 0xB9, 0x07,
    0x1F, 0xFE, 0x80, 0xC3, 0x07, 0xE0, 0x81, 0x0F, 0xF7, 0xF0, 0x83, 0x0F, 0x87, 0x0F, 0x00, 0x0F, 0xE0, 0xF8, 0x03, 0xF8, 0xE7, 0xFC, 0xE3, 0x9F,
    0xE3, 0xF8, 0x03, 0xF8, 0xF3, 0x03, 0xFE, 0x7E, 0xFE, 0x38, 0xFE, 0xF9, 0x8F, 0x3F, 0xFE, 0x80, 0xE3, 0x0F, 0xF0, 0xC3, 0x1F, 0xFF, 0xF9, 0xC7,
    0x1F, 0xC7, 0x1F, 0x00, 0x0F, 0xE0, 0x1C, 0x07, 0xBC, 0xE7, 0x9C, 0xF3, 0x9E, 0xE3, 0x1C, 0x07, 0x1C, 0xE7, 0x00, 0x01, 0xC7, 0x1D, 0xC7, 0x39,
    0xEF, 0x79, 0xCE, 0x71, 0xE0, 0x80, 0x33, 0x0E, 0x78, 0xE7, 0x3D, 0xCF, 0x39, 0xE7, 0x3D, 0xE7, 0x38, 0x00, 0x0F, 0xE0, 0x1C, 0x07, 0x1C, 0xE7,
    0x3C, 0x70, 0x9C, 0xE3, 0x1C, 0x07, 0x1C, 0xE7, 0x00, 0x01, 0xC7, 0x1D, 0xC7, 0x39, 0xC7, 0x39, 0xCE, 0x71, 0x70, 0x80, 0x03, 0x0F, 0x38, 0xE2,
    0x38, 0xC7, 0x79, 0xE0, 0x38, 0xE7, 0x38, 0x00, 0x0F, 0xE0, 0xFC, 0x07, 0x1C, 0xE7, 0xF8, 0x70, 0x9C, 0xE3, 0xFC, 0x07, 0xFC, 0xE7, 0x00, 0x01,
    0xFF, 0x1D, 0xFF, 0x39, 0xC7, 0x39, 0xCE, 0x7F, 0x38, 0x80, 0xC3, 0x0F, 0x38, 0xE0, 0x38, 0xC7, 0xF1, 0xE1, 0x38, 0xE7, 0x3F, 0x00, 0x0F, 0xE0,
    0xFC, 0x07, 0x1C, 0xE7, 0xF0, 0x71, 0x9C, 0xE3, 0xFC, 0x07, 0xFC, 0xE7, 0x00, 0x01, 0xFF, 0x1D, 0xFF, 0x39, 0xC7, 0x39, 0xCE, 0x7F, 0x38, 0x80,
    0xE3, 0x0E, 0x38, 0xE0, 0x38, 0xC7, 0xE1, 0xE3, 0x38, 0xE7, 0x3F, 0x00, 0x0F, 0xE0, 0x1C, 0x00, 0x01, 0x1C, 0xE7, 0xC0, 0x73, 0x9C, 0xE3, 0x1C,
    0x00, 0x01, 0x1C, 0xE0, 0x00, 0x01, 0x07, 0x1C, 0x07, 0x38, 0xC7, 0x39, 0xCE, 0x01, 0x1C, 0x80, 0x73, 0x0E, 0x38, 0xE2, 0x38, 0xC7, 0x81, 0xE7,
    0x38, 0xE7, 0x00, 0x10, 0xE0, 0x1C, 0x07, 0xBC, 0xE7, 0x9C, 0xF3, 0x9E, 0xF3, 0x1C, 0x07, 0x1C, 0xE7, 0x00, 0x01, 0xC7, 0x1D, 0xC7, 0x39, 0xEF,
    0x39, 0xCE, 0x71, 0x0E, 0x80, 0x73, 0x0E, 0x78, 0xE7, 0x3D, 0xC7, 0x39, 0xE7, 0x3D, 0xE7, 0x38, 0x07, 0x00, 0x0E, 0xE0, 0xF8, 0x03, 0xF8, 0xE7,
    0xFC, 0xE3, 0x9F, 0xFF, 0xF8, 0x03, 0xF8, 0xE3, 0x03, 0xFE, 0x7C, 0xFE, 0x38, 0xFE, 0x39, 0x8E, 0x3F, 0xFE, 0x80, 0xF3, 0x0F, 0xF0, 0xC3, 0x1F,
    0xC7, 0xF9, 0xC7, 0x1F, 0xC7, 0x1F, 0x07, 0x00, 0x0E, 0xE0, 0xF0, 0x01, 0x70, 0xE7, 0xF8, 0xC1, 0x1D, 0xEF, 0xF0, 0x01, 0xF0, 0xC1, 0x03, 0x7C,
    0x78, 0x7C, 0x38, 0xDC, 0x39, 0x0E, 0x1F, 0xFE, 0x80, 0xE3, 0x1D, 0xE0, 0x81, 0x0F, 0xC7, 0xF1, 0x83, 0x0F, 0x87, 0x0F, 0x07, 0x00, 0x15, 0x1C,
    0x00, 0x0A, 0xC0, 0x01, 0x00, 0x25, 0x1C, 0x00, 0x0A, 0xC7, 0x01, 0x00, 0x25, 0x1C, 0x00, 0x0A, 0xFF, 0x00, 0x26, 0x1C, 0x00, 0x0A, 0x7E, 0x00,
    0xFF, 0x00, 0xFF, 0x00, 0x8A, 0x1C, 0x00, 0x01, 0x1C, 0x00, 0x1E, 0x70, 0xC0, 0x01, 0x00, 0x01, 0x80, 0x73, 0x0E, 0x00, 0x0A, 0x0C, 0x3E, 0x0C,
    0x00, 0x0B, 0x1C, 0x00, 0x02, 0xE0, 0x1C, 0x00, 0x04, 0xE0, 0x00, 0x01, 0xE0, 0x00, 0x07, 0x70, 0xC0, 0x01, 0x00, 0x01, 0x80, 0x73, 0x0E, 0x00,
    0x0A, 0x06, 0x3F, 0x06, 0x00, 0x0B, 0x1C, 0x00, 0x02, 0xE0, 0x1C, 0x00, 0x04, 0xE0, 0x00, 0x01, 0xE0, 0x00, 0x07, 0xE0, 0xE0, 0x00, 0x03, 0x70,
    0x0E, 0x00, 0x0B, 0x07, 0x00, 0x0C, 0x1C, 0x00, 0x02, 0xE0, 0x1C, 0x00, 0x04, 0xE0, 0x00, 0x09, 0xE0, 0xE0, 0xF8, 0x70, 0x9C, 0x73, 0x0E, 0x1F,
    0xFE, 0x80, 0xE3, 0xF0, 0xE1, 0x38, 0x7E, 0x80, 0x1B, 0x9F, 0x1F, 0x1F, 0x37, 0x3E, 0xDC, 0x00, 0x01, 0x1F, 0xC7, 0x01, 0xF7, 0x3C, 0xF8, 0xC0,
    0x1D, 0x3E, 0x00, 0x01, 0xEE, 0x1C, 0x1F, 0xEE, 0x79, 0xDC, 0xE1, 0xF0, 0xE1, 0x00, 0x07, 0xE0, 0xE0, 0xFC, 0x71, 0x9C, 0x73, 0x8E, 0x3F, 0xFE,
    0x80, 0xE3, 0xF8, 0xE3, 0x38, 0xFF, 0x80, 0x9F, 0xBF, 0x9F, 0x3F, 0x3F, 0x7F, 0xFC, 0x80, 0x3F, 0xC7, 0x01, 0xFF, 0x7F, 0xFC, 0xE1, 0x1F, 0x7F,
    0x00, 0x01, 0xFF, 0x9C, 0x3F, 0xFE, 0xFF, 0xFC, 0xE3, 0xF8, 0xE3, 0x00, 0x07, 0xC0, 0x71, 0x8E, 0x73, 0x9C, 0x73, 0xCE, 0x71, 0xE0, 0x80, 0xE3,
    0xBC, 0xE7, 0x38, 0xE7, 0x80, 0xC7, 0x71, 0xC7, 0x71, 0x8F, 0xE3, 0x3C, 0xC0, 0x38, 0xC7, 0x01, 0xCF, 0x73, 0xDE, 0xF3, 0x9E, 0xE3, 0x80, 0xF7,
    0xC0, 0x71, 0x9E, 0xE7, 0xBC, 0xE7, 0xBC, 0xE7, 0x00, 0x07, 0xC0, 0x71, 0x8E, 0x73, 0x9C, 0x73, 0xCE, 0x71, 0x70, 0x00, 0x01, 0x77, 0x1C, 0xE7,
    0x38, 0x0F, 0x80, 0xC3, 0x71, 0xC7, 0x71, 0x87, 0xE3, 0x1C, 0x00, 0x01, 0x3C, 0xC7, 0x01, 0xC7, 0x71, 0x8E, 0x73, 0x9C, 0xE3, 0x80, 0xE3, 0xC0,
    0x71, 0x8E, 0xE3, 0x1C, 0xE7, 0x1C, 0xE7, 0x00, 0x07, 0x80, 0x3B, 0xFE, 0x73, 0x9C, 0x73, 0xCE, 0x7F, 0x38, 0x00, 0x01, 0x77, 0x1C, 0xE7, 0x38,
    0x3E, 0x80, 0xC3, 0x7F, 0xC7, 0x7F, 0x87, 0xFF, 0x1C, 0x00, 0x01, 0x3F, 0xC7, 0x01, 0xC7, 0x71, 0x8E, 0x73, 0x9C, 0xFF, 0x80, 0xE3, 0xC0, 0x7F,
    0x8E, 0xE3, 0x1C, 0xE7, 0x1C, 0xE7, 0x00, 0x07, 0x80, 0x3B, 0xFE, 0x73, 0x9C, 0x73, 0xCE, 0x7F, 0x38, 0x00, 0x01, 0x36, 0x1C, 0xE7, 0x38, 0x7C,
    0x80, 0xC3, 0x7F, 0xC7, 0x7F, 0x87, 0xFF, 0x1C, 0x80, 0x3B, 0xC7, 0x01, 0xC7, 0x71, 0x8E, 0x73, 0x9C, 0xFF, 0x80, 0xE3, 0xC0, 0x7F, 0x8E, 0xE3,
    0x1C, 0xE7, 0x1C, 0xE7, 0x00, 0x07, 0x80, 0x3B, 0x0E, 0x70, 0x9C, 0x73, 0xCE, 0x01, 0x1C, 0x00, 0x01, 0x3E, 0x1C, 0xE7, 0x38, 0xF0, 0x80, 0xC3,
    0x01, 0xC7, 0x01, 0x87, 0x03, 0x1C, 0xC0, 0x39, 0xC7, 0x01, 0xC7, 0x71, 0x8E, 0x73, 0x9C, 0x03, 0x80, 0xE3, 0xC0, 0x01, 0x8E, 0xE3, 0x1C, 0xE7,
    0x1C, 0xE7, 0x00, 0x08, 0x1F, 0x8E, 0x73, 0x9E, 0x73, 0xCE, 0x71, 0x0E, 0x00, 0x01, 0x3E, 0xBC, 0xE7, 0x3C, 0xE7, 0x80, 0xC3, 0x71, 0xC7, 0x71,
    0x87, 0xE3, 0x1C, 0xC0, 0x39, 0xE7, 0x01, 0xC7, 0x71, 0xDE, 0xF3, 0x9E, 0xE3, 0x80, 0xF7, 0xC0, 0x71, 0x8E, 0xE3, 0xBC, 0xE7, 0xBC, 0xE7, 0x00,
    0x08, 0x1F, 0xFC, 0xF1, 0x9F, 0x73, 0x8E, 0x3F, 0xFE, 0x00, 0x01, 0x1C, 0xF8, 0xE3, 0x3F, 0xFF, 0x80, 0x83, 0x3F, 0x87, 0x3F, 0x07, 0x7F, 0x1C,
    0xC0, 0x3F, 0xFF, 0x01, 0xC7, 0x71, 0xFC, 0xE1, 0x1F, 0x7F, 0x00, 0x01, 0xFF, 0x80, 0x3F, 0x8E, 0xE3, 0xFC, 0xE3, 0xF8, 0xE3, 0x00, 0x08, 0x1F,
    0xF8, 0xE0, 0x9D, 0x73, 0x0E, 0x1F, 0xFE, 0x00, 0x01, 0x1C, 0xF0, 0xC1, 0x3B, 0x7E, 0x80, 0x03, 0x1F, 0x07, 0x1F, 0x07, 0x3E, 0x1C, 0x80, 0x77,
    0xDE, 0x01, 0xC7, 0x71, 0xF8, 0xC0, 0x1D, 0x3E, 0x00, 0x01, 0xEE, 0x00, 0x01, 0x1F, 0x8E, 0xE3, 0xDC, 0xE1, 0xF0, 0xE1, 0x00, 0x2E, 0x1C, 0x00,
    0x31, 0x1C, 0x00, 0x31, 0x1C, 0x00, 0x31, 0x1C, 0x00, 0xFF, 0x00, 0xFF, 0x00, 0x78, 0xC0, 0x01, 0x00, 0x1C, 0x70, 0x38, 0xDC, 0x39, 0x00, 0x07,
    0xE0, 0x00, 0x04, 0x1C, 0x00, 0x02, 0xE0, 0xC0, 0x60, 0x00, 0x01, 0x70, 0x0E, 0x00, 0x19, 0x70, 0x38, 0xDC, 0x39, 0x00, 0x07, 0xE0, 0x00, 0x04,
    0x1C, 0x00, 0x02, 0xE0, 0x60, 0x70, 0x00, 0x01, 0x70, 0x0E, 0x00, 0x19, 0x70, 0x7C, 0x1C, 0x00, 0x08, 0xE0, 0x00, 0x04, 0x1C, 0x00, 0x02, 0xE0,
    0x00, 0x01, 0x70, 0x00, 0x02, 0x0E, 0x00, 0x19, 0xE0, 0x6C, 0xCE, 0x39, 0xE0, 0x0E, 0x7C, 0x38, 0xCE, 0x0D, 0xDC, 0xE1, 0x1C, 0xC7, 0x0F, 0xC0,
    0x1D, 0x3E, 0x00, 0x01, 0xEE, 0xF0, 0xF9, 0xF1, 0x71, 0x8E, 0x1F, 0x00, 0x18, 0xE0, 0x6C, 0xCE, 0x39, 0xE0, 0x1F, 0xFE, 0x38, 0xCE, 0x0F, 0xFC,
    0xE3, 0x1C, 0xE7, 0x1F, 0xE0, 0x1F, 0x7F, 0x00, 0x01, 0xFF, 0xF8, 0xFB, 0xF9, 0x73, 0xCE, 0x3F, 0x00, 0x18, 0xE0, 0xEE, 0xCE, 0x39, 0xE0, 0x3D,
    0xEF, 0x39, 0xCE, 0x03, 0xBC, 0xE7, 0x1C, 0xE7, 0x1C, 0xF0, 0x9E, 0xE3, 0x80, 0xF7, 0x1C, 0x77, 0x8C, 0x73, 0xCE, 0x39, 0x00, 0x18, 0xE0, 0xEE,
    0xCE, 0x39, 0xE0, 0x38, 0xC7, 0x39, 0xCE, 0x01, 0x1C, 0xE7, 0x1C, 0xE7, 0x01, 0x70, 0x9C, 0xE3, 0x80, 0xE3, 0x1C, 0x77, 0xC0, 0x73, 0xCE, 0x03,
    0x00, 0x18, 0xE0, 0xC6, 0xCE, 0x39, 0xE0, 0x38, 0xC7, 0x39, 0xCE, 0x01, 0x1C, 0xE7, 0x1C, 0xC7, 0x07, 0x70, 0x9C, 0xFF, 0x80, 0xE3, 0xFC, 0x77,
    0xF0, 0x73, 0x8E, 0x0F, 0x00, 0x18, 0xE0, 0xC6, 0xCE, 0x39, 0xE0, 0x38, 0xC7, 0x39, 0xCE, 0x01, 0x1C, 0xE7, 0x1C, 0x87, 0x0F, 0x70, 0x9C, 0xFF,
    0x80, 0xE3, 0xFC, 0x77, 0xB8, 0x73, 0x0E, 0x1F, 0x00, 0x18, 0xC0, 0xC7, 0xC7, 0x39, 0xE0, 0x38, 0xC7, 0x39, 0xCE, 0x01, 0x1C, 0xE7, 0x1C, 0x07,
    0x1E, 0x70, 0x9C, 0x03, 0x80, 0xE3, 0x1C, 0x70, 0x9C, 0x73, 0x0E, 0x3C, 0x00, 0x18, 0xC0, 0xC7, 0xC7, 0x39, 0xE0, 0x3D, 0xEF, 0x39, 0xCF, 0x01,
    0xBC, 0xE7, 0x9C, 0xE7, 0x1C, 0xF0, 0x9E, 0xE3, 0x80, 0xF7, 0x1C, 0x77, 0x9C, 0x73, 0xCE, 0x39, 0x07, 0x00, 0x17, 0xC0, 0x83, 0xC7, 0x39, 0xE0,
    0x1F, 0xFE, 0xF8, 0xCF, 0x01, 0xFC, 0xE3, 0xFC, 0xE7, 0x1F, 0xE0, 0x1F, 0x7F, 0x00, 0x01, 0xFF, 0xF8, 0xF3, 0xFD, 0x73, 0xCE, 0x3F, 0x07, 0x00,
    0x17, 0xC0, 0x83, 0xC7, 0x39, 0xE0, 0x0E, 0x7C, 0xF0, 0xCE, 0x01, 0xDC, 0xE1, 0x78, 0xC7, 0x0F, 0xC0, 0x1D, 0x3E, 0x00, 0x01, 0xEE, 0xF0, 0xE1,
    0x79, 0x77, 0x8E, 0x1F, 0x07, 0x00, 0x1B, 0xE0, 0x00, 0x05, 0x1C, 0x00, 0x2B, 0xE0, 0x00, 0x05, 0x1C, 0x00, 0x2B, 0xE0, 0x00, 0x05, 0x1C, 0x00,
    0x2B, 0xE0, 0x00, 0x05, 0x1C, 0x00, 0xFF, 0x00, 0xFF, 0x00, 0xB0, 0x00,
};
}

namespace HEADER_FatalErrorImage_fre
{
const unsigned char g_ImageData[0x334] = {
    0x00, 0xFF, 0x00, 0xFF, 0x00, 0xFF, 0x00, 0xFF, 0x00, 0xFF, 0x00, 0xFF, 0x00, 0xFF, 0x00, 0xFF, 0x00, 0xFF, 0x00, 0xFF, 0x00, 0xFF, 0x00, 0xFF,
    0x00, 0xFF, 0x00, 0xFF, 0x00, 0xCE, 0xE0, 0x00, 0x24, 0x70, 0xC0, 0x01, 0x00, 0x01, 0x80, 0x73, 0x0E, 0x00, 0x02, 0x80, 0x03, 0x00, 0x02, 0x60,
    0x00, 0x04, 0x0E, 0x00, 0x02, 0x70, 0x0E, 0x00, 0x1B, 0x70, 0xC0, 0x01, 0x00, 0x01, 0x80, 0x73, 0x0E, 0x00, 0x02, 0x80, 0x03, 0x00, 0x02, 0x30,
    0x00, 0x04, 0x0E, 0x00, 0x02, 0x70, 0x0E, 0x00, 0x1B, 0xE0, 0xE0, 0x00, 0x03, 0x70, 0x0E, 0x00, 0x0B, 0x0E, 0x00, 0x02, 0x70, 0x00, 0x1C, 0xE0,
    0xE0, 0xF8, 0x70, 0x9C, 0x73, 0x0E, 0x1F, 0xFE, 0x80, 0x73, 0x0F, 0x3F, 0xF8, 0xB8, 0xF1, 0xE1, 0x06, 0x0E, 0x1F, 0x00, 0x01, 0x77, 0x8E, 0x1F,
    0xDC, 0x39, 0x0E, 0x1F, 0x00, 0x16, 0xE0, 0xE0, 0xFC, 0x71, 0x9C, 0x73, 0x8E, 0x3F, 0xFE, 0x80, 0xF3, 0x9F, 0x7F, 0xFC, 0xF9, 0xF9, 0xE3, 0x07,
    0x8E, 0x3F, 0x80, 0x7F, 0xCE, 0x3F, 0xFE, 0x39, 0x8E, 0x3F, 0x00, 0x16, 0xC0, 0x71, 0x8E, 0x73, 0x9C, 0x73, 0xCE, 0x71, 0xE0, 0x80, 0xF3, 0x9C,
    0x73, 0x8E, 0x7B, 0x1C, 0xE7, 0x01, 0xCE, 0x71, 0xC0, 0x7B, 0xCE, 0x39, 0xEF, 0x39, 0xCE, 0x71, 0x00, 0x16, 0xC0, 0x71, 0x8E, 0x73, 0x9C, 0x73,
    0xCE, 0x71, 0x70, 0x80, 0x73, 0x9C, 0x07, 0x8E, 0x3B, 0x1C, 0xE7, 0x00, 0x01, 0xCE, 0x71, 0xC0, 0x71, 0xCE, 0x03, 0xC7, 0x39, 0xCE, 0x71, 0x00,
    0x16, 0x80, 0x3B, 0xFE, 0x73, 0x9C, 0x73, 0xCE, 0x7F, 0x38, 0x80, 0x73, 0x1C, 0x1F, 0xFE, 0x3B, 0xFC, 0xE7, 0x00, 0x01, 0xCE, 0x7F, 0xC0, 0x71,
    0x8E, 0x0F, 0xC7, 0x39, 0xCE, 0x7F, 0x00, 0x16, 0x80, 0x3B, 0xFE, 0x73, 0x9C, 0x73, 0xCE, 0x7F, 0x38, 0x80, 0x73, 0x1C, 0x3E, 0xFE, 0x3B, 0xFC,
    0xE7, 0x00, 0x01, 0xCE, 0x7F, 0xC0, 0x71, 0x0E, 0x1F, 0xC7, 0x39, 0xCE, 0x7F, 0x00, 0x16, 0x80, 0x3B, 0x0E, 0x70, 0x9C, 0x73, 0xCE, 0x01, 0x1C,
    0x80, 0x73, 0x1C, 0x78, 0x0E, 0x38, 0x1C, 0xE0, 0x00, 0x01, 0xCE, 0x01, 0xC0, 0x71, 0x0E, 0x3C, 0xC7, 0x39, 0xCE, 0x01, 0x00, 0x17, 0x1F, 0x8E,
    0x73, 0x9E, 0x73, 0xCE, 0x71, 0x0E, 0x80, 0x73, 0x9C, 0x73, 0x8E, 0x3B, 0x1C, 0xE7, 0x00, 0x01, 0xCE, 0x71, 0xC0, 0x7B, 0xCE, 0x39, 0xEF, 0x39,
    0xCF, 0x71, 0x00, 0x17, 0x1F, 0xFC, 0xF1, 0x9F, 0x73, 0x8E, 0x3F, 0xFE, 0x80, 0x73, 0x9C, 0x7F, 0xFC, 0x39, 0xF8, 0xE3, 0x00, 0x01, 0x8E, 0x3F,
    0x80, 0x7F, 0xCE, 0x3F, 0xFE, 0xF9, 0x8F, 0x3F, 0x00, 0x17, 0x1F, 0xF8, 0xE0, 0x9D, 0x73, 0x0E, 0x1F, 0xFE, 0x80, 0x73, 0x1C, 0x3F, 0xF8, 0x38,
    0xF0, 0xE1, 0x00, 0x01, 0x0E, 0x1F, 0x00, 0x01, 0x77, 0x8E, 0x1F, 0xDC, 0xF1, 0x0E, 0x1F, 0x00, 0x2E, 0xC0, 0x01, 0x00, 0x30, 0xC0, 0x01, 0x00,
    0x30, 0xC0, 0x01, 0x00, 0x30, 0xC0, 0x01, 0x00, 0xFF, 0x00, 0xFF, 0x00, 0xA4, 0xE0, 0xC1, 0x03, 0x00, 0x01, 0xE0, 0x00, 0x02, 0xF0, 0x83, 0x01,
    0x38, 0x07, 0x00, 0x04, 0x80, 0x07, 0x07, 0x00, 0x06, 0x07, 0x00, 0x18, 0xE0, 0xC1, 0x03, 0x00, 0x01, 0xE0, 0x00, 0x02, 0xF8, 0xC7, 0x01, 0x38,
    0x07, 0x00, 0x04, 0xE0, 0x1F, 0x07, 0x00, 0x06, 0x07, 0x00, 0x18, 0xE0, 0xE3, 0x03, 0x00, 0x04, 0xFC, 0xCF, 0x01, 0x00, 0x01, 0x07, 0x00, 0x04,
    0xF0, 0x1F, 0x07, 0x00, 0x06, 0x07, 0x00, 0x18, 0xE0, 0xE3, 0xC3, 0xC7, 0xED, 0xF0, 0x01, 0x1C, 0xEE, 0x77, 0x3B, 0xC7, 0xF1, 0xE1, 0xE6, 0x07,
    0x70, 0x3C, 0xF7, 0xE0, 0xE3, 0xC6, 0x1D, 0x3E, 0x70, 0x07, 0x00, 0x18, 0xE0, 0xE3, 0xE3, 0xCF, 0xEF, 0xF8, 0x03, 0x1C, 0xE0, 0xF7, 0x3B, 0xE7,
    0xF8, 0xE3, 0xF7, 0x0F, 0x38, 0x18, 0xFF, 0xF1, 0xE7, 0xE7, 0x1F, 0x7F, 0xF8, 0x07, 0x00, 0x18, 0xE0, 0xB6, 0x33, 0xCE, 0xE3, 0xBC, 0x07, 0xFC,
    0xC1, 0xF1, 0x38, 0x77, 0x1C, 0xE7, 0x71, 0x0E, 0x38, 0x00, 0x01, 0xCF, 0x19, 0xE7, 0xF1, 0x9E, 0xE3, 0xBC, 0x07, 0x00, 0x18, 0xE0, 0xB6, 0x03,
    0xCF, 0xE1, 0x1C, 0x07, 0xF8, 0xC7, 0x71, 0x38, 0x3F, 0x1C, 0xE7, 0xF0, 0x00, 0x01, 0x38, 0x00, 0x01, 0xC7, 0x81, 0xE7, 0x70, 0x9C, 0xE3, 0x1C,
    0x07, 0x00, 0x18, 0xE0, 0xB6, 0xC3, 0xCF, 0xE1, 0x1C, 0x07, 0xE0, 0xCF, 0x71, 0x38, 0x3F, 0xFC, 0xE7, 0xE0, 0x03, 0x38, 0x00, 0x01, 0xC7, 0xE1,
    0xE7, 0x70, 0x9C, 0xFF, 0x1C, 0x07, 0x00, 0x18, 0xE0, 0xB6, 0xE3, 0xCE, 0xE1, 0x1C, 0x07, 0x00, 0x01, 0xCE, 0x71, 0x38, 0x7F, 0xFC, 0xE7, 0xC0,
    0x07, 0x38, 0x18, 0xC7, 0x71, 0xE7, 0x70, 0x9C, 0xFF, 0x1C, 0x07, 0x00, 0x18, 0xE0, 0x9C, 0x73, 0xCE, 0xE1, 0x1C, 0x07, 0x1C, 0xCE, 0x71, 0x38,
    0x77, 0x1C, 0xE0, 0x00, 0x01, 0x0F, 0x70, 0x3C, 0xC7, 0x39, 0xE7, 0x70, 0x9C, 0x03, 0x1C, 0x07, 0x00, 0x18, 0xE0, 0x9C, 0x73, 0xCE, 0xE1, 0xBC,
    0x07, 0xFC, 0xCF, 0x71, 0x38, 0xE7, 0x1C, 0xE7, 0x70, 0x0E, 0xF0, 0x1F, 0xC7, 0x39, 0xE7, 0xF0, 0x9E, 0xE3, 0xBC, 0xE7, 0x00, 0x18, 0xE0, 0x9C,
    0xF3, 0xCF, 0xE1, 0xF8, 0x03, 0xF8, 0xC7, 0x77, 0x38, 0xE7, 0xF8, 0xE3, 0xF0, 0x0F, 0xE0, 0x1F, 0xC7, 0xF9, 0xE7, 0xE0, 0x1F, 0x7F, 0xF8, 0xE7,
    0x00, 0x18, 0xE0, 0x88, 0xE3, 0xDD, 0xE1, 0xF0, 0x01, 0xF0, 0x83, 0x77, 0x38, 0xC7, 0xF1, 0xE1, 0xE0, 0x07, 0x80, 0x07, 0xC7, 0xF1, 0xEE, 0xC0,
    0x1D, 0x3E, 0x70, 0xE7, 0x00, 0x2E, 0x1C, 0x00, 0x30, 0x70, 0x1C, 0x00, 0x30, 0xF0, 0x0F, 0x00, 0x30, 0xE0, 0x07, 0x00, 0xFF, 0x00, 0xFF, 0x00,
    0xFF, 0x00, 0xFF, 0x00, 0xFF, 0x00, 0xFF, 0x00, 0xFF, 0x00, 0xFF, 0x00, 0xFF, 0x00, 0xFF, 0x00, 0xFF, 0x00, 0xFF, 0x00, 0xFF, 0x00, 0xFF, 0x00,
    0xFF, 0x00, 0x26, 0x00,
};
}

namespace HEADER_WrongDiskImage_fre
{
const unsigned char g_ImageData[0x57E] = {
    0x00, 0xFF, 0x00, 0xFF, 0x00, 0xFF, 0x00, 0xFF, 0x00, 0xFF, 0x00, 0xFF, 0x00, 0xFF, 0x00, 0xFF, 0x00, 0xFF, 0x00, 0xFF, 0x00, 0xFF, 0x00, 0xFF,
    0x00, 0x2E, 0x07, 0x00, 0x07, 0xE7, 0x00, 0x01, 0x07, 0x00, 0x02, 0x38, 0x00, 0x02, 0xE7, 0x00, 0x03, 0x0E, 0x00, 0x02, 0x70, 0x0E, 0x00, 0x19,
    0x07, 0x00, 0x07, 0xE7, 0x00, 0x01, 0x07, 0x00, 0x02, 0x38, 0x00, 0x02, 0xE7, 0x00, 0x03, 0x0E, 0x00, 0x02, 0x70, 0x0E, 0x00, 0x19, 0x07, 0x00,
    0x07, 0xE0, 0x00, 0x01, 0x07, 0x00, 0x02, 0x38, 0x00, 0x02, 0x07, 0x00, 0x03, 0x0E, 0x00, 0x02, 0x70, 0x00, 0x1A, 0xE7, 0x9E, 0xC7, 0x1D, 0xF8,
    0xE0, 0x87, 0x1F, 0xE7, 0x0E, 0x87, 0x0F, 0x80, 0x3B, 0x7C, 0x00, 0x01, 0xE7, 0xDC, 0xF8, 0x00, 0x01, 0x0E, 0x1F, 0x00, 0x01, 0x77, 0x8E, 0x1F,
    0xDC, 0x39, 0x0E, 0x1F, 0x00, 0x14, 0xE7, 0xFF, 0xCF, 0x3F, 0xFC, 0xF1, 0xCF, 0x3F, 0xE7, 0x1F, 0xC7, 0x1F, 0xC0, 0x3F, 0xFE, 0x00, 0x01, 0xE7,
    0xFC, 0xFC, 0x01, 0x8E, 0x3F, 0x80, 0x7F, 0xCE, 0x3F, 0xFE, 0x39, 0x8E, 0x3F, 0x00, 0x14, 0xE7, 0x79, 0xCE, 0x7B, 0xDE, 0x73, 0xCE, 0x39, 0xE7,
    0x3D, 0xE7, 0x38, 0xE0, 0x3D, 0xC7, 0x01, 0xE7, 0x3C, 0x8E, 0x03, 0xCE, 0x71, 0xC0, 0x7B, 0xCE, 0x39, 0xEF, 0x39, 0xCE, 0x71, 0x00, 0x14, 0xE7,
    0x38, 0xCE, 0x71, 0x8E, 0xF3, 0xC0, 0x03, 0xE7, 0x38, 0xE7, 0x38, 0xE0, 0x38, 0xC7, 0x01, 0xE7, 0x1C, 0x8E, 0x03, 0xCE, 0x71, 0xC0, 0x71, 0xCE,
    0x03, 0xC7, 0x39, 0xCE, 0x71, 0x00, 0x14, 0xE7, 0x38, 0xCE, 0x71, 0x8E, 0xE3, 0x83, 0x0F, 0xE7, 0x38, 0xE7, 0x3F, 0xE0, 0x38, 0xFF, 0x01, 0xE7,
    0x1C, 0xFE, 0x03, 0xCE, 0x7F, 0xC0, 0x71, 0x8E, 0x0F, 0xC7, 0x39, 0xCE, 0x7F, 0x00, 0x14, 0xE7, 0x38, 0xCE, 0x71, 0x8E, 0xC3, 0x07, 0x1F, 0xE7,
    0x38, 0xE7, 0x3F, 0xE0, 0x38, 0xFF, 0x01, 0xE7, 0x1C, 0xFE, 0x03, 0xCE, 0x7F, 0xC0, 0x71, 0x0E, 0x1F, 0xC7, 0x39, 0xCE, 0x7F, 0x00, 0x14, 0xE7,
    0x38, 0xCE, 0x71, 0x8E, 0x03, 0x0F, 0x3C, 0xE7, 0x38, 0xE7, 0x00, 0x01, 0xE0, 0x38, 0x07, 0x00, 0x01, 0xE7, 0x1C, 0x0E, 0x00, 0x01, 0xCE, 0x01,
    0xC0, 0x71, 0x0E, 0x3C, 0xC7, 0x39, 0xCE, 0x01, 0x00, 0x14, 0xE7, 0x38, 0xCE, 0x7B, 0xDE, 0x73, 0xCE, 0x39, 0xE7, 0x3D, 0xE7, 0x38, 0xE0, 0x3D,
    0xC7, 0x01, 0xE7, 0x1C, 0x8E, 0x03, 0xCE, 0x71, 0xC0, 0x7B, 0xCE, 0x39, 0xEF, 0x39, 0xCF, 0x71, 0x0E, 0x00, 0x13, 0xE7, 0x38, 0xCE, 0x3F, 0xFC,
    0xF1, 0xCF, 0x3F, 0xE7, 0x1F, 0xC7, 0x1F, 0xC0, 0x3F, 0xFE, 0x00, 0x01, 0xE7, 0x1C, 0xFC, 0x01, 0x8E, 0x3F, 0x80, 0x7F, 0xCE, 0x3F, 0xFE, 0xF9,
    0x8F, 0x3F, 0x0E, 0x00, 0x13, 0xE7, 0x38, 0xCE, 0x1D, 0xF8, 0xE0, 0x87, 0x1F, 0xE7, 0x0E, 0x87, 0x0F, 0x80, 0x3B, 0x7C, 0x00, 0x01, 0xE7, 0x1C,
    0xF8, 0x00, 0x01, 0x0E, 0x1F, 0x00, 0x01, 0x77, 0x8E, 0x1F, 0xDC, 0xF1, 0x0E, 0x1F, 0x0E, 0x00, 0x15, 0xC0, 0x01, 0x00, 0x16, 0xC0, 0x01, 0x00,
    0x18, 0xC0, 0x01, 0x00, 0x16, 0xC0, 0x01, 0x00, 0x18, 0xC0, 0x01, 0x00, 0x16, 0xC0, 0x01, 0x00, 0x18, 0xC0, 0x01, 0x00, 0x16, 0xC0, 0x01, 0x00,
    0xFF, 0x00, 0xFF, 0x00, 0x80, 0xE0, 0x00, 0x01, 0xE0, 0x00, 0x1E, 0x80, 0x03, 0x0E, 0x00, 0x02, 0x9C, 0x73, 0x00, 0x0A, 0x60, 0xF0, 0x61, 0x00,
    0x0B, 0xE0, 0x00, 0x12, 0x80, 0x03, 0x0E, 0x00, 0x02, 0x9C, 0x73, 0x00, 0x0A, 0x30, 0xF8, 0x31, 0x00, 0x0B, 0xE0, 0x00, 0x13, 0x07, 0x07, 0x00,
    0x02, 0x80, 0x73, 0x00, 0x0B, 0x38, 0x00, 0x0C, 0xE0, 0x00, 0x13, 0x07, 0xC7, 0x87, 0xE3, 0x9C, 0x73, 0xF8, 0xF0, 0x07, 0x1C, 0x87, 0x0F, 0xC7,
    0xF1, 0x03, 0xDC, 0xF8, 0xFC, 0xF8, 0xB8, 0xF1, 0xE1, 0x06, 0xF8, 0x38, 0x0E, 0xB8, 0xE7, 0xC1, 0x07, 0xEE, 0xF0, 0x01, 0x00, 0x11, 0x07, 0xE7,
    0x8F, 0xE3, 0x9C, 0x73, 0xFC, 0xF1, 0x07, 0x1C, 0xC7, 0x1F, 0xC7, 0xF9, 0x07, 0xFC, 0xFC, 0xFD, 0xFC, 0xF9, 0xF9, 0xE3, 0x07, 0xFC, 0x39, 0x0E,
    0xF8, 0xFF, 0xE3, 0x0F, 0xFF, 0xF8, 0x03, 0x00, 0x11, 0x8E, 0x73, 0x9C, 0xE3, 0x9C, 0x73, 0x8E, 0x03, 0x07, 0x1C, 0xE7, 0x3D, 0xC7, 0x39, 0x07,
    0x3C, 0x8E, 0x3B, 0x8E, 0x7B, 0x1C, 0xE7, 0x01, 0xC6, 0x39, 0x0E, 0x78, 0x9E, 0xF3, 0x9E, 0xF7, 0x1C, 0x07, 0x00, 0x11, 0x8E, 0x73, 0x9C, 0xE3,
    0x9C, 0x73, 0x8E, 0x83, 0x03, 0xB8, 0xE3, 0x38, 0xC7, 0x79, 0x00, 0x01, 0x1C, 0x8E, 0x3B, 0x8E, 0x3B, 0x1C, 0xE7, 0x00, 0x01, 0xE0, 0x39, 0x0E,
    0x38, 0x8E, 0x73, 0x9C, 0xE3, 0x1C, 0x07, 0x00, 0x11, 0xDC, 0xF1, 0x9F, 0xE3, 0x9C, 0x73, 0xFE, 0xC3, 0x01, 0xB8, 0xE3, 0x38, 0xC7, 0xF1, 0x01,
    0x1C, 0xFE, 0x3B, 0xFE, 0x3B, 0xFC, 0xE7, 0x00, 0x01, 0xF8, 0x39, 0x0E, 0x38, 0x8E, 0x73, 0x9C, 0xE3, 0xFC, 0x07, 0x00, 0x11, 0xDC, 0xF1, 0x9F,
    0xE3, 0x9C, 0x73, 0xFE, 0xC3, 0x01, 0xB0, 0xE1, 0x38, 0xC7, 0xE1, 0x03, 0x1C, 0xFE, 0x3B, 0xFE, 0x3B, 0xFC, 0xE7, 0x00, 0x01, 0xDC, 0x39, 0x0E,
    0x38, 0x8E, 0x73, 0x9C, 0xE3, 0xFC, 0x07, 0x00, 0x11, 0xDC, 0x71, 0x80, 0xE3, 0x9C, 0x73, 0x0E, 0xE0, 0x00, 0x01, 0xF0, 0xE1, 0x38, 0xC7, 0x81,
    0x07, 0x1C, 0x0E, 0x38, 0x0E, 0x38, 0x1C, 0xE0, 0x00, 0x01, 0xCE, 0x39, 0x0E, 0x38, 0x8E, 0x73, 0x9C, 0xE3, 0x1C, 0x00, 0x12, 0xF8, 0x70, 0x9C,
    0xF3, 0x9C, 0x73, 0x8E, 0x73, 0x00, 0x01, 0xF0, 0xE1, 0x3D, 0xE7, 0x39, 0x07, 0x1C, 0x8E, 0x3B, 0x8E, 0x3B, 0x1C, 0xE7, 0x00, 0x01, 0xCE, 0x39,
    0x0F, 0x38, 0x8E, 0xF3, 0x9E, 0xF7, 0x1C, 0x07, 0x00, 0x11, 0xF8, 0xE0, 0x8F, 0xFF, 0x9C, 0x73, 0xFC, 0xF1, 0x07, 0xE0, 0xC0, 0x1F, 0xFF, 0xF9,
    0x07, 0x1C, 0xFC, 0x39, 0xFC, 0x39, 0xF8, 0xE3, 0x00, 0x01, 0xFE, 0xF9, 0x0F, 0x38, 0x8E, 0xE3, 0x0F, 0xFF, 0xF8, 0x03, 0x00, 0x11, 0xF8, 0xC0,
    0x07, 0xEF, 0x9C, 0x73, 0xF8, 0xF0, 0x07, 0xE0, 0x80, 0x0F, 0xDE, 0xF1, 0x03, 0x1C, 0xF8, 0x38, 0xF8, 0x38, 0xF0, 0xE1, 0x00, 0x01, 0xBC, 0xF3,
    0x0E, 0x38, 0x8E, 0xC3, 0x07, 0xEE, 0xF0, 0x01, 0x00, 0xFF, 0x00, 0xFF, 0x00, 0xFF, 0x00, 0x52, 0x0E, 0x00, 0x13, 0xC0, 0x39, 0x00, 0x04, 0xC0,
    0x01, 0xC0, 0x81, 0xC3, 0xE1, 0xCE, 0x01, 0x00, 0x07, 0x07, 0x00, 0x03, 0xE0, 0x00, 0x03, 0x07, 0x06, 0x03, 0x80, 0x73, 0x00, 0x10, 0xC0, 0x39,
    0x00, 0x04, 0xC0, 0x01, 0xC0, 0x81, 0xC3, 0xE1, 0xCE, 0x01, 0x00, 0x07, 0x07, 0x00, 0x03, 0xE0, 0x00, 0x03, 0x07, 0x83, 0x03, 0x80, 0x73, 0x00,
    0x10, 0xC0, 0x39, 0x00, 0x04, 0xC0, 0x01, 0x00, 0x01, 0x80, 0xE3, 0xE3, 0x00, 0x09, 0x07, 0x00, 0x03, 0xE0, 0x00, 0x03, 0x07, 0x80, 0x03, 0x00,
    0x01, 0x70, 0x00, 0x10, 0xDC, 0x39, 0x3E, 0xDC, 0xF3, 0xB8, 0xC3, 0xE1, 0xC3, 0x01, 0x67, 0x73, 0xCE, 0x01, 0x77, 0xE0, 0xC3, 0x71, 0x6E, 0xE0,
    0x0E, 0xE7, 0x38, 0x7E, 0x00, 0x01, 0xEE, 0xF0, 0x01, 0x70, 0x87, 0xCF, 0x8F, 0x8F, 0x73, 0xFC, 0x00, 0x0F, 0xFE, 0x39, 0x7F, 0xFC, 0xFF, 0xF9,
    0xC7, 0xF1, 0xC7, 0x01, 0x67, 0x73, 0xCE, 0x01, 0xFF, 0xF0, 0xC7, 0x71, 0x7E, 0xE0, 0x1F, 0xE7, 0x38, 0xFF, 0x00, 0x01, 0xFF, 0xF8, 0x03, 0xF8,
    0xC7, 0xDF, 0xCF, 0x9F, 0x73, 0xFE, 0x01, 0x00, 0x0E, 0xEF, 0x81, 0xE3, 0x3C, 0xCF, 0x79, 0xCF, 0x79, 0xCF, 0x01, 0x77, 0x77, 0xCE, 0x01, 0xEF,
    0x79, 0xCF, 0x71, 0x1E, 0xE0, 0x3D, 0xE7, 0x38, 0xE7, 0x80, 0xF7, 0x1C, 0x07, 0xBC, 0xE7, 0xB8, 0x63, 0x9C, 0x73, 0xCE, 0x01, 0x00, 0x0E, 0xC7,
    0x81, 0xE3, 0x1C, 0xC7, 0x39, 0xCE, 0x39, 0xCE, 0x01, 0x77, 0x77, 0xCE, 0x01, 0xC7, 0x39, 0xCE, 0x71, 0x0E, 0xE0, 0x38, 0xE7, 0x38, 0x0F, 0x80,
    0xE3, 0x1C, 0x07, 0x1C, 0xE7, 0xB8, 0x03, 0x9E, 0x73, 0x1E, 0x00, 0x0F, 0xC7, 0x81, 0xFF, 0x1C, 0xC7, 0x39, 0xCE, 0x39, 0xCE, 0x01, 0x37, 0x76,
    0xCE, 0x01, 0xC7, 0x39, 0xCE, 0x71, 0x0E, 0xE0, 0x38, 0xE7, 0x38, 0x3E, 0x80, 0xE3, 0xFC, 0x07, 0x1C, 0xE7, 0xBF, 0x83, 0x9F, 0x73, 0x7C, 0x00,
    0x0F, 0xC7, 0x81, 0xFF, 0x1C, 0xC7, 0x39, 0xCE, 0x39, 0xCE, 0x01, 0x37, 0x76, 0xCE, 0x01, 0xC7, 0x39, 0xCE, 0x71, 0x0E, 0xE0, 0x38, 0xE7, 0x38,
    0x7C, 0x80, 0xE3, 0xFC, 0x07, 0x1C, 0xE7, 0xBF, 0xC3, 0x9D, 0x73, 0xF8, 0x00, 0x0F, 0xC7, 0x81, 0x03, 0x1C, 0xC7, 0x39, 0xCE, 0x39, 0xCE, 0x01,
    0x3E, 0x3E, 0xCE, 0x01, 0xC7, 0x39, 0xCE, 0x71, 0x0E, 0xE0, 0x38, 0xE7, 0x38, 0xF0, 0x80, 0xE3, 0x1C, 0x00, 0x01, 0x1C, 0xE7, 0x80, 0xE3, 0x9C,
    0x73, 0xE0, 0x01, 0x00, 0x0E, 0xEF, 0x81, 0xE3, 0x1C, 0xC7, 0x79, 0xCF, 0x79, 0xCF, 0x01, 0x3E, 0x3E, 0xCE, 0x01, 0xEF, 0x79, 0xCF, 0x79, 0x0E,
    0xE0, 0x3D, 0xE7, 0x3C, 0xE7, 0x80, 0xF7, 0x1C, 0x07, 0xBC, 0xE7, 0xB8, 0xE3, 0x9C, 0x73, 0xCE, 0x39, 0x00, 0x0E, 0xFE, 0x01, 0x7F, 0x1C, 0xC7,
    0xF9, 0xC7, 0xF1, 0xC7, 0x01, 0x1E, 0x3C, 0xCE, 0x01, 0xFF, 0xF0, 0xC7, 0x7F, 0x0E, 0xE0, 0x1F, 0xE7, 0x3F, 0xFF, 0x00, 0x01, 0xFF, 0xF8, 0x03,
    0xF8, 0xC7, 0x9F, 0xEF, 0x9F, 0x73, 0xFE, 0x39, 0x00, 0x0E, 0xDC, 0x01, 0x3E, 0x1C, 0xC7, 0xB9, 0xC3, 0xE1, 0xC3, 0x01, 0x1E, 0x3C, 0xCE, 0x01,
    0x77, 0xE0, 0x83, 0x77, 0x0E, 0xE0, 0x0E, 0xC7, 0x3B, 0x7E, 0x00, 0x01, 0xEE, 0xF0, 0x01, 0x70, 0x87, 0x0F, 0xCF, 0xBB, 0x73, 0xFC, 0x38, 0x00,
    0x13, 0x38, 0x00, 0x08, 0x07, 0x00, 0x04, 0xE0, 0x00, 0x23, 0x38, 0x00, 0x08, 0x07, 0x00, 0x04, 0xE0, 0x00, 0x23, 0x38, 0x00, 0x08, 0x07, 0x00,
    0x04, 0xE0, 0x00, 0x23, 0x38, 0x00, 0x08, 0x07, 0x00, 0x04, 0xE0, 0x00, 0xFF, 0x00, 0xFF, 0x00, 0xFF, 0x00, 0xFF, 0x00, 0xFF, 0x00, 0xFF, 0x00,
    0xFF, 0x00, 0xFF, 0x00, 0xFF, 0x00, 0xFF, 0x00, 0xFF, 0x00, 0xFF, 0x00, 0x0D, 0x00,
};
}

namespace HEADER_RetryImage_fre
{
const unsigned char g_ImageData[0x334] = {
    0x00, 0xFF, 0x00, 0xFF, 0x00, 0xFF, 0x00, 0xFF, 0x00, 0xFF, 0x00, 0xFF, 0x00, 0xFF, 0x00, 0xFF, 0x00, 0xFF, 0x00, 0xFF, 0x00, 0xFF, 0x00, 0xFF,
    0x00, 0xFF, 0x00, 0xFF, 0x00, 0xCE, 0xE0, 0x00, 0x24, 0x70, 0xC0, 0x01, 0x00, 0x01, 0x80, 0x73, 0x0E, 0x00, 0x02, 0x80, 0x03, 0x00, 0x02, 0x60,
    0x00, 0x04, 0x0E, 0x00, 0x02, 0x70, 0x0E, 0x00, 0x1B, 0x70, 0xC0, 0x01, 0x00, 0x01, 0x80, 0x73, 0x0E, 0x00, 0x02, 0x80, 0x03, 0x00, 0x02, 0x30,
    0x00, 0x04, 0x0E, 0x00, 0x02, 0x70, 0x0E, 0x00, 0x1B, 0xE0, 0xE0, 0x00, 0x03, 0x70, 0x0E, 0x00, 0x0B, 0x0E, 0x00, 0x02, 0x70, 0x00, 0x1C, 0xE0,
    0xE0, 0xF8, 0x70, 0x9C, 0x73, 0x0E, 0x1F, 0xFE, 0x80, 0x73, 0x0F, 0x3F, 0xF8, 0xB8, 0xF1, 0xE1, 0x06, 0x0E, 0x1F, 0x00, 0x01, 0x77, 0x8E, 0x1F,
    0xDC, 0x39, 0x0E, 0x1F, 0x00, 0x16, 0xE0, 0xE0, 0xFC, 0x71, 0x9C, 0x73, 0x8E, 0x3F, 0xFE, 0x80, 0xF3, 0x9F, 0x7F, 0xFC, 0xF9, 0xF9, 0xE3, 0x07,
    0x8E, 0x3F, 0x80, 0x7F, 0xCE, 0x3F, 0xFE, 0x39, 0x8E, 0x3F, 0x00, 0x16, 0xC0, 0x71, 0x8E, 0x73, 0x9C, 0x73, 0xCE, 0x71, 0xE0, 0x80, 0xF3, 0x9C,
    0x73, 0x8E, 0x7B, 0x1C, 0xE7, 0x01, 0xCE, 0x71, 0xC0, 0x7B, 0xCE, 0x39, 0xEF, 0x39, 0xCE, 0x71, 0x00, 0x16, 0xC0, 0x71, 0x8E, 0x73, 0x9C, 0x73,
    0xCE, 0x71, 0x70, 0x80, 0x73, 0x9C, 0x07, 0x8E, 0x3B, 0x1C, 0xE7, 0x00, 0x01, 0xCE, 0x71, 0xC0, 0x71, 0xCE, 0x03, 0xC7, 0x39, 0xCE, 0x71, 0x00,
    0x16, 0x80, 0x3B, 0xFE, 0x73, 0x9C, 0x73, 0xCE, 0x7F, 0x38, 0x80, 0x73, 0x1C, 0x1F, 0xFE, 0x3B, 0xFC, 0xE7, 0x00, 0x01, 0xCE, 0x7F, 0xC0, 0x71,
    0x8E, 0x0F, 0xC7, 0x39, 0xCE, 0x7F, 0x00, 0x16, 0x80, 0x3B, 0xFE, 0x73, 0x9C, 0x73, 0xCE, 0x7F, 0x38, 0x80, 0x73, 0x1C, 0x3E, 0xFE, 0x3B, 0xFC,
    0xE7, 0x00, 0x01, 0xCE, 0x7F, 0xC0, 0x71, 0x0E, 0x1F, 0xC7, 0x39, 0xCE, 0x7F, 0x00, 0x16, 0x80, 0x3B, 0x0E, 0x70, 0x9C, 0x73, 0xCE, 0x01, 0x1C,
    0x80, 0x73, 0x1C, 0x78, 0x0E, 0x38, 0x1C, 0xE0, 0x00, 0x01, 0xCE, 0x01, 0xC0, 0x71, 0x0E, 0x3C, 0xC7, 0x39, 0xCE, 0x01, 0x00, 0x17, 0x1F, 0x8E,
    0x73, 0x9E, 0x73, 0xCE, 0x71, 0x0E, 0x80, 0x73, 0x9C, 0x73, 0x8E, 0x3B, 0x1C, 0xE7, 0x00, 0x01, 0xCE, 0x71, 0xC0, 0x7B, 0xCE, 0x39, 0xEF, 0x39,
    0xCF, 0x71, 0x00, 0x17, 0x1F, 0xFC, 0xF1, 0x9F, 0x73, 0x8E, 0x3F, 0xFE, 0x80, 0x73, 0x9C, 0x7F, 0xFC, 0x39, 0xF8, 0xE3, 0x00, 0x01, 0x8E, 0x3F,
    0x80, 0x7F, 0xCE, 0x3F, 0xFE, 0xF9, 0x8F, 0x3F, 0x00, 0x17, 0x1F, 0xF8, 0xE0, 0x9D, 0x73, 0x0E, 0x1F, 0xFE, 0x80, 0x73, 0x1C, 0x3F, 0xF8, 0x38,
    0xF0, 0xE1, 0x00, 0x01, 0x0E, 0x1F, 0x00, 0x01, 0x77, 0x8E, 0x1F, 0xDC, 0xF1, 0x0E, 0x1F, 0x00, 0x2E, 0xC0, 0x01, 0x00, 0x30, 0xC0, 0x01, 0x00,
    0x30, 0xC0, 0x01, 0x00, 0x30, 0xC0, 0x01, 0x00, 0xFF, 0x00, 0xFF, 0x00, 0xA4, 0xE0, 0xC1, 0x03, 0x00, 0x01, 0xE0, 0x00, 0x02, 0xF0, 0x83, 0x01,
    0x38, 0x07, 0x00, 0x04, 0x80, 0x07, 0x07, 0x00, 0x06, 0x07, 0x00, 0x18, 0xE0, 0xC1, 0x03, 0x00, 0x01, 0xE0, 0x00, 0x02, 0xF8, 0xC7, 0x01, 0x38,
    0x07, 0x00, 0x04, 0xE0, 0x1F, 0x07, 0x00, 0x06, 0x07, 0x00, 0x18, 0xE0, 0xE3, 0x03, 0x00, 0x04, 0xFC, 0xCF, 0x01, 0x00, 0x01, 0x07, 0x00, 0x04,
    0xF0, 0x1F, 0x07, 0x00, 0x06, 0x07, 0x00, 0x18, 0xE0, 0xE3, 0xC3, 0xC7, 0xED, 0xF0, 0x01, 0x1C, 0xEE, 0x77, 0x3B, 0xC7, 0xF1, 0xE1, 0xE6, 0x07,
    0x70, 0x3C, 0xF7, 0xE0, 0xE3, 0xC6, 0x1D, 0x3E, 0x70, 0x07, 0x00, 0x18, 0xE0, 0xE3, 0xE3, 0xCF, 0xEF, 0xF8, 0x03, 0x1C, 0xE0, 0xF7, 0x3B, 0xE7,
    0xF8, 0xE3, 0xF7, 0x0F, 0x38, 0x18, 0xFF, 0xF1, 0xE7, 0xE7, 0x1F, 0x7F, 0xF8, 0x07, 0x00, 0x18, 0xE0, 0xB6, 0x33, 0xCE, 0xE3, 0xBC, 0x07, 0xFC,
    0xC1, 0xF1, 0x38, 0x77, 0x1C, 0xE7, 0x71, 0x0E, 0x38, 0x00, 0x01, 0xCF, 0x19, 0xE7, 0xF1, 0x9E, 0xE3, 0xBC, 0x07, 0x00, 0x18, 0xE0, 0xB6, 0x03,
    0xCF, 0xE1, 0x1C, 0x07, 0xF8, 0xC7, 0x71, 0x38, 0x3F, 0x1C, 0xE7, 0xF0, 0x00, 0x01, 0x38, 0x00, 0x01, 0xC7, 0x81, 0xE7, 0x70, 0x9C, 0xE3, 0x1C,
    0x07, 0x00, 0x18, 0xE0, 0xB6, 0xC3, 0xCF, 0xE1, 0x1C, 0x07, 0xE0, 0xCF, 0x71, 0x38, 0x3F, 0xFC, 0xE7, 0xE0, 0x03, 0x38, 0x00, 0x01, 0xC7, 0xE1,
    0xE7, 0x70, 0x9C, 0xFF, 0x1C, 0x07, 0x00, 0x18, 0xE0, 0xB6, 0xE3, 0xCE, 0xE1, 0x1C, 0x07, 0x00, 0x01, 0xCE, 0x71, 0x38, 0x7F, 0xFC, 0xE7, 0xC0,
    0x07, 0x38, 0x18, 0xC7, 0x71, 0xE7, 0x70, 0x9C, 0xFF, 0x1C, 0x07, 0x00, 0x18, 0xE0, 0x9C, 0x73, 0xCE, 0xE1, 0x1C, 0x07, 0x1C, 0xCE, 0x71, 0x38,
    0x77, 0x1C, 0xE0, 0x00, 0x01, 0x0F, 0x70, 0x3C, 0xC7, 0x39, 0xE7, 0x70, 0x9C, 0x03, 0x1C, 0x07, 0x00, 0x18, 0xE0, 0x9C, 0x73, 0xCE, 0xE1, 0xBC,
    0x07, 0xFC, 0xCF, 0x71, 0x38, 0xE7, 0x1C, 0xE7, 0x70, 0x0E, 0xF0, 0x1F, 0xC7, 0x39, 0xE7, 0xF0, 0x9E, 0xE3, 0xBC, 0xE7, 0x00, 0x18, 0xE0, 0x9C,
    0xF3, 0xCF, 0xE1, 0xF8, 0x03, 0xF8, 0xC7, 0x77, 0x38, 0xE7, 0xF8, 0xE3, 0xF0, 0x0F, 0xE0, 0x1F, 0xC7, 0xF9, 0xE7, 0xE0, 0x1F, 0x7F, 0xF8, 0xE7,
    0x00, 0x18, 0xE0, 0x88, 0xE3, 0xDD, 0xE1, 0xF0, 0x01, 0xF0, 0x83, 0x77, 0x38, 0xC7, 0xF1, 0xE1, 0xE0, 0x07, 0x80, 0x07, 0xC7, 0xF1, 0xEE, 0xC0,
    0x1D, 0x3E, 0x70, 0xE7, 0x00, 0x2E, 0x1C, 0x00, 0x30, 0x70, 0x1C, 0x00, 0x30, 0xF0, 0x0F, 0x00, 0x30, 0xE0, 0x07, 0x00, 0xFF, 0x00, 0xFF, 0x00,
    0xFF, 0x00, 0xFF, 0x00, 0xFF, 0x00, 0xFF, 0x00, 0xFF, 0x00, 0xFF, 0x00, 0xFF, 0x00, 0xFF, 0x00, 0xFF, 0x00, 0xFF, 0x00, 0xFF, 0x00, 0xFF, 0x00,
    0xFF, 0x00, 0x26, 0x00,
};
}

namespace HEADER_Loading_fre
{
const unsigned char g_ImageData[0xFF] = {
    0x00, 0xFF, 0x00, 0x69, 0x1E, 0x1C, 0x1C, 0x7C, 0xF0, 0x1F, 0xE0, 0x83, 0xFF, 0x79, 0xF0, 0xFC, 0xCF, 0xC1, 0xFD, 0x1F, 0x00, 0x12, 0x80, 0x7F,
    0x1C, 0x1C, 0x7C, 0xF0, 0x3F, 0xF8, 0x8F, 0xFF, 0x79, 0xF0, 0xFC, 0xCF, 0xC3, 0xFD, 0x1F, 0x00, 0x12, 0xC0, 0x7F, 0x1C, 0x1C, 0x7C, 0xF0, 0x7F,
    0xFC, 0x8F, 0xFF, 0xF9, 0xF8, 0xFC, 0xCF, 0xC7, 0xFD, 0x1F, 0x00, 0x12, 0xC0, 0xF1, 0x1C, 0x1C, 0xEE, 0x70, 0x70, 0x1C, 0x9E, 0x03, 0xF8, 0xF8,
    0x1C, 0xC0, 0xC7, 0xC1, 0x01, 0x00, 0x12, 0xE0, 0x60, 0x1C, 0x1C, 0xEE, 0x70, 0x70, 0x0E, 0x8C, 0x03, 0xF8, 0xF8, 0x1C, 0xC0, 0xCF, 0xC1, 0x01,
    0x00, 0x12, 0xE0, 0x00, 0x01, 0xFC, 0x1F, 0xEE, 0xF0, 0x7F, 0x0E, 0x80, 0xFF, 0xB9, 0xED, 0xFC, 0xCF, 0xCD, 0xC1, 0x01, 0x00, 0x12, 0xE0, 0x00,
    0x01, 0xFC, 0x1F, 0xC7, 0xF1, 0x3F, 0x8E, 0x9F, 0xFF, 0xB9, 0xED, 0xFC, 0xCF, 0xDD, 0xC1, 0x01, 0x00, 0x12, 0xE0, 0x00, 0x01, 0xFC, 0x1F, 0xFF,
    0xF1, 0x0F, 0x8E, 0x9F, 0xFF, 0xB9, 0xED, 0xFC, 0xCF, 0xD9, 0xC1, 0x01, 0x00, 0x12, 0xE0, 0x60, 0x1C, 0x1C, 0xFF, 0x71, 0x1E, 0x8E, 0x9F, 0x03,
    0xB8, 0xED, 0x1C, 0xC0, 0xF9, 0xC1, 0x01, 0x00, 0x12, 0xC0, 0xF1, 0x1C, 0x9C, 0xFF, 0x73, 0x3C, 0x1C, 0x9C, 0x03, 0x38, 0xE7, 0x1C, 0xC0, 0xF1,
    0xC1, 0x01, 0x00, 0x12, 0xC0, 0x7F, 0x1C, 0x9C, 0x83, 0x73, 0x38, 0xFC, 0x9F, 0xFF, 0x39, 0xE7, 0xFC, 0xCF, 0xF1, 0xC1, 0x01, 0x00, 0x12, 0x80,
    0x7F, 0x1C, 0x9C, 0x83, 0x73, 0x78, 0xF8, 0x8F, 0xFF, 0x39, 0xE7, 0xFC, 0xCF, 0xE1, 0xC1, 0x01, 0x00, 0x13, 0x1E, 0x1C, 0xDC, 0x01, 0x77, 0xF0,
    0xE0, 0x83, 0xFF, 0x39, 0xE2, 0xFC, 0xCF, 0xC1, 0xC1, 0x01, 0x00, 0xFF, 0x00, 0x44, 0x00,
};
}

namespace HEADER_NoDiskImage_spa
{
const unsigned char g_ImageData[0x98A] = {
    0x00, 0xFF, 0x00, 0xFF, 0x00, 0xFF, 0x00, 0x8A, 0x7E, 0x00, 0x02, 0x38, 0x00, 0x07, 0x07, 0x00, 0x02, 0x1C, 0xE0, 0x00, 0x22, 0xFF, 0x00, 0x02,
    0x38, 0x00, 0x07, 0x07, 0x00, 0x02, 0x1C, 0xE0, 0x00, 0x21, 0x80, 0xFF, 0x01, 0x00, 0x01, 0x38, 0x00, 0x07, 0x07, 0x00, 0x03, 0xE0, 0x00, 0x21,
    0x80, 0xC3, 0xE1, 0x03, 0xB8, 0x07, 0x1F, 0xE0, 0x0E, 0x37, 0x3E, 0x70, 0xE7, 0x38, 0x3C, 0x1C, 0xEE, 0xF0, 0x01, 0x1C, 0xE7, 0x1E, 0x80, 0x0F,
    0xB7, 0x1B, 0x1F, 0x6E, 0x00, 0x16, 0x80, 0x03, 0xF0, 0x07, 0xF8, 0x8F, 0x3F, 0xE0, 0x1F, 0x3F, 0x7F, 0xF8, 0xE7, 0x38, 0x7E, 0x1C, 0xFF, 0xF8,
    0x03, 0x1C, 0xE7, 0x3F, 0xC0, 0x1F, 0xBF, 0x9F, 0x3F, 0x7E, 0x00, 0x16, 0x80, 0x3F, 0x38, 0x0E, 0x78, 0xCE, 0x38, 0xE0, 0x3D, 0x8F, 0xF7, 0xBC,
    0xE7, 0x38, 0xEF, 0x9C, 0xF7, 0xBC, 0x07, 0x1C, 0xE7, 0x39, 0xE0, 0x38, 0x8F, 0xC7, 0x7B, 0x1E, 0x00, 0x17, 0xFF, 0x38, 0x0E, 0x38, 0x0E, 0x3C,
    0xE0, 0x38, 0x87, 0xE3, 0x1C, 0xE7, 0x38, 0x47, 0x9C, 0xE3, 0x1C, 0x07, 0x1C, 0xE7, 0x38, 0xE0, 0x38, 0x87, 0xC3, 0x71, 0x0E, 0x00, 0x17, 0xFC,
    0xF9, 0x0F, 0x38, 0x0E, 0x3F, 0xE0, 0x38, 0x87, 0xE3, 0x1C, 0xE7, 0x38, 0x07, 0x9C, 0xE3, 0x1C, 0x07, 0x1C, 0xE7, 0x38, 0xE0, 0x3F, 0x87, 0xC3,
    0x71, 0x0E, 0x00, 0x17, 0xC0, 0xF9, 0x0F, 0x38, 0x8E, 0x3B, 0xE0, 0x38, 0x87, 0xE3, 0x1C, 0xE7, 0x38, 0x07, 0x9C, 0xE3, 0x1C, 0x07, 0x1C, 0xE7,
    0x38, 0xE0, 0x3F, 0x87, 0xC3, 0x71, 0x0E, 0x00, 0x16, 0x80, 0xC3, 0x39, 0x00, 0x01, 0x38, 0xCE, 0x39, 0xE0, 0x38, 0x87, 0xE3, 0x1C, 0xE7, 0x38,
    0x47, 0x9C, 0xE3, 0x1C, 0x07, 0x1C, 0xE7, 0x38, 0xE0, 0x00, 0x01, 0x87, 0xC3, 0x71, 0x0E, 0x00, 0x16, 0x80, 0xFF, 0x39, 0x0E, 0x38, 0xCE, 0x39,
    0xE0, 0x3D, 0x87, 0xF7, 0xBC, 0xE7, 0x3C, 0xEF, 0x9C, 0xF7, 0xBC, 0x07, 0x9C, 0xE7, 0x38, 0xE0, 0x38, 0x87, 0xC3, 0x7B, 0x8E, 0x03, 0x00, 0x16,
    0xFF, 0xF0, 0x07, 0x38, 0xCE, 0x3F, 0xE0, 0x1F, 0x07, 0x7F, 0xF8, 0xE7, 0x3F, 0x7E, 0x1C, 0xFF, 0xF8, 0x03, 0xFC, 0xE7, 0x38, 0xC0, 0x1F, 0x87,
    0x83, 0x3F, 0x8E, 0x03, 0x00, 0x16, 0x7E, 0xE0, 0x03, 0x38, 0x8E, 0x77, 0xE0, 0x0E, 0x07, 0x3E, 0x70, 0xC7, 0x3B, 0x3C, 0x1C, 0xEE, 0xF0, 0x01,
    0x78, 0xE7, 0x38, 0x80, 0x0F, 0x87, 0x03, 0x1F, 0x8E, 0x03, 0x00, 0x1C, 0xE0, 0x00, 0x31, 0xE0, 0x00, 0x31, 0xE0, 0x00, 0x31, 0xE0, 0x00, 0xFF,
    0x00, 0xFF, 0x00, 0xFF, 0x00, 0xFF, 0x00, 0xFF, 0x00, 0xFF, 0x00, 0xFF, 0x00, 0xFF, 0x00, 0x74, 0x38, 0x00, 0x23, 0x80, 0x7F, 0x00, 0x01, 0xC0,
    0x01, 0x00, 0x03, 0x80, 0x03, 0xFE, 0x03, 0x00, 0x01, 0x0C, 0x18, 0x00, 0x02, 0xFC, 0x0F, 0x38, 0xFF, 0x03, 0x0F, 0xFF, 0x07, 0x00, 0x03, 0x18,
    0x00, 0x05, 0x70, 0x00, 0x01, 0x70, 0x0E, 0x00, 0x0C, 0x80, 0xFF, 0x00, 0x01, 0xC0, 0x01, 0x00, 0x03, 0x80, 0x03, 0xFE, 0x07, 0x00, 0x01, 0x0E,
    0x0C, 0x00, 0x02, 0xFC, 0x0F, 0x38, 0xFF, 0xC3, 0x3F, 0xFF, 0x07, 0x00, 0x03, 0x1C, 0x00, 0x05, 0x70, 0x00, 0x01, 0x70, 0x0E, 0x00, 0x0C, 0x80,
    0xFF, 0x01, 0xC0, 0x01, 0x00, 0x03, 0x80, 0x03, 0xFE, 0x0F, 0x00, 0x01, 0x0E, 0x00, 0x03, 0xFC, 0x0F, 0x38, 0xFF, 0xE3, 0x3F, 0xFF, 0x07, 0x00,
    0x03, 0x1C, 0x00, 0x05, 0x70, 0x00, 0x01, 0x70, 0x00, 0x0D, 0x80, 0xC3, 0x39, 0xCE, 0xF1, 0x83, 0x0F, 0xC0, 0x87, 0x03, 0x0E, 0x0E, 0x1F, 0x3F,
    0x3E, 0xDC, 0x03, 0x1C, 0x00, 0x01, 0x38, 0x07, 0xE0, 0x78, 0x70, 0x00, 0x01, 0xC0, 0x87, 0xE3, 0x7E, 0x37, 0x3E, 0xF8, 0x00, 0x01, 0xF8, 0x70,
    0x00, 0x01, 0x77, 0x8E, 0x1F, 0x3C, 0xF0, 0x01, 0x00, 0x08, 0x80, 0xC3, 0x39, 0xCE, 0xF9, 0xC7, 0x1F, 0xE0, 0x8F, 0x03, 0x0E, 0x8E, 0x3F, 0x3F,
    0x7F, 0xFC, 0x07, 0x1C, 0x00, 0x01, 0x38, 0x07, 0x70, 0x30, 0x70, 0x00, 0x01, 0xE0, 0x0F, 0x77, 0x7E, 0x3F, 0x7F, 0xFC, 0x01, 0xFC, 0x71, 0x80,
    0x7F, 0xCE, 0x3F, 0x7E, 0xF8, 0x03, 0x00, 0x08, 0x80, 0xFF, 0x39, 0xCE, 0x39, 0x67, 0x1C, 0x70, 0x9C, 0x03, 0xFE, 0xC7, 0x7B, 0x8E, 0xF7, 0x3C,
    0x07, 0xFC, 0x0F, 0x38, 0xFF, 0x73, 0x00, 0x01, 0x70, 0x00, 0x01, 0x70, 0x1C, 0x77, 0x1C, 0x8F, 0x71, 0x8E, 0x03, 0x8E, 0x73, 0xC0, 0x7B, 0xCE,
    0x39, 0xEF, 0xBC, 0x07, 0x00, 0x08, 0x80, 0xFF, 0x38, 0xCE, 0x79, 0x00, 0x01, 0x1E, 0x70, 0x9C, 0x03, 0xFE, 0xC3, 0x71, 0x8E, 0xE3, 0x1C, 0x07,
    0xFC, 0x0F, 0x38, 0xFF, 0x73, 0x00, 0x01, 0x70, 0x00, 0x01, 0x70, 0x1C, 0x3E, 0x1C, 0x07, 0x78, 0x8E, 0x03, 0x8E, 0x73, 0xC0, 0x71, 0xCE, 0x03,
    0x47, 0x1C, 0x07, 0x00, 0x08, 0x80, 0x7F, 0x38, 0xCE, 0xF1, 0x81, 0x1F, 0xF0, 0x9F, 0x03, 0xFE, 0xC7, 0x71, 0x8E, 0xE3, 0x1C, 0x07, 0xFC, 0x0F,
    0x38, 0xFF, 0x73, 0x00, 0x01, 0x70, 0x00, 0x01, 0xF0, 0x1F, 0x1C, 0x1C, 0x07, 0x7E, 0xFE, 0x03, 0xFE, 0x73, 0xC0, 0x71, 0x8E, 0x0F, 0x07, 0x1C,
    0x07, 0x00, 0x08, 0x80, 0x03, 0x38, 0xCE, 0xE1, 0xC3, 0x1D, 0xF0, 0x9F, 0x03, 0x0E, 0xCE, 0x71, 0x8E, 0xE3, 0x1C, 0x07, 0x1C, 0xE0, 0x38, 0x07,
    0x70, 0x30, 0x70, 0x00, 0x01, 0xF0, 0x1F, 0x1C, 0x1C, 0x07, 0x77, 0xFE, 0x03, 0xFE, 0x73, 0xC0, 0x71, 0x0E, 0x1F, 0x07, 0x1C, 0x07, 0x00, 0x08,
    0x80, 0x03, 0x38, 0xCE, 0x81, 0xE7, 0x1C, 0x70, 0x80, 0x03, 0x0E, 0xCE, 0x71, 0x8E, 0xE3, 0x1C, 0x07, 0x1C, 0xE0, 0x38, 0x07, 0xE0, 0x78, 0x70,
    0x00, 0x01, 0x70, 0x00, 0x01, 0x3E, 0x1C, 0x87, 0x73, 0x0E, 0x00, 0x01, 0x0E, 0x70, 0xC0, 0x71, 0x0E, 0x3C, 0x47, 0x1C, 0x07, 0x00, 0x08, 0x80,
    0x03, 0x38, 0xCF, 0x39, 0xE7, 0x1C, 0x70, 0x9C, 0x03, 0xFE, 0xCF, 0x7B, 0x8E, 0xF7, 0x1C, 0x07, 0xFC, 0xEF, 0x3F, 0xFF, 0xE3, 0x3F, 0x70, 0x1C,
    0x70, 0x1C, 0x77, 0x1C, 0x87, 0x73, 0x8E, 0x03, 0x8E, 0x73, 0xC0, 0x7B, 0xCE, 0x39, 0xEF, 0xBC, 0x07, 0x00, 0x08, 0x80, 0x03, 0xF8, 0xCF, 0xF9,
    0xE7, 0x1F, 0xE0, 0x8F, 0x03, 0xFE, 0x87, 0x3F, 0x3E, 0x7F, 0x1C, 0x07, 0xFC, 0xCF, 0x1F, 0xFF, 0xC3, 0x3F, 0x70, 0x1C, 0xE0, 0x0F, 0x77, 0x7C,
    0x87, 0x7F, 0xFC, 0x01, 0xFC, 0x71, 0x80, 0x7F, 0xCE, 0x3F, 0x7E, 0xF8, 0x03, 0x00, 0x08, 0x80, 0x03, 0xF0, 0xCE, 0xF1, 0xC3, 0x3B, 0xC0, 0x87,
    0x03, 0xFE, 0x03, 0x1F, 0x3C, 0x3E, 0x1C, 0x07, 0xFC, 0x8F, 0x0F, 0xFF, 0x03, 0x0F, 0x70, 0x1C, 0xC0, 0x87, 0xE3, 0x78, 0x07, 0xEF, 0xF8, 0x00,
    0x01, 0xF8, 0x70, 0x00, 0x01, 0x77, 0x8E, 0x1F, 0x3C, 0xF0, 0x01, 0x00, 0x20, 0x10, 0x00, 0x31, 0x18, 0x00, 0x31, 0x0C, 0x00, 0xFF, 0x00, 0xFF,
    0x00, 0xE1, 0x07, 0x00, 0x08, 0x0E, 0x00, 0x02, 0xC0, 0x03, 0x00, 0x05, 0x1C, 0x03, 0x00, 0x02, 0x80, 0x03, 0x00, 0x07, 0x70, 0x00, 0x11, 0x07,
    0x00, 0x08, 0x0E, 0x00, 0x02, 0xF0, 0x0F, 0x00, 0x05, 0x9C, 0x03, 0x00, 0x02, 0x80, 0x03, 0x00, 0x07, 0x70, 0x00, 0x11, 0x07, 0x00, 0x08, 0x0E,
    0x00, 0x02, 0xF8, 0x0F, 0x00, 0x05, 0x9C, 0x03, 0x00, 0x02, 0x80, 0x03, 0x00, 0x07, 0x70, 0x00, 0x07, 0xC0, 0xC1, 0x01, 0x3E, 0xEE, 0xC0, 0x07,
    0x77, 0xF8, 0x00, 0x01, 0x87, 0x0F, 0xC0, 0x03, 0x1F, 0xEE, 0xE1, 0x07, 0x1F, 0x0E, 0x1F, 0x00, 0x01, 0x38, 0x1E, 0x3E, 0xDC, 0xC3, 0x8F, 0xE3,
    0xDC, 0x8F, 0x0F, 0xC0, 0x87, 0x03, 0xEE, 0x79, 0xF0, 0x71, 0x8F, 0xE3, 0xF0, 0x71, 0x00, 0x07, 0xC0, 0xC1, 0x01, 0x7F, 0xFE, 0xE1, 0x8F, 0x7F,
    0xFC, 0x01, 0xC7, 0x1F, 0xE0, 0x87, 0x3F, 0xFE, 0xF3, 0x8F, 0x3F, 0x8E, 0x3F, 0x00, 0x01, 0x1C, 0x0C, 0x7F, 0xFC, 0xE7, 0x9F, 0xE3, 0xDC, 0xCF,
    0x1F, 0xE0, 0x8F, 0x03, 0xFE, 0xFF, 0xF8, 0xF3, 0x9F, 0xE3, 0xF8, 0x73, 0x00, 0x07, 0x80, 0xE3, 0x80, 0x71, 0xDE, 0x33, 0xCE, 0x7B, 0xC6, 0x01,
    0x67, 0x1C, 0xF0, 0xCE, 0x7B, 0x9E, 0x73, 0xCE, 0x7B, 0xCE, 0x38, 0x00, 0x01, 0x1C, 0x80, 0xF7, 0x3C, 0xE7, 0x9C, 0xE3, 0x9C, 0x63, 0x1C, 0x70,
    0x9C, 0x03, 0x9E, 0xE7, 0x8C, 0xF3, 0x9C, 0xE3, 0x8C, 0x73, 0x00, 0x07, 0x80, 0xE3, 0x00, 0x01, 0x78, 0x8E, 0x03, 0xCF, 0x71, 0xE0, 0x01, 0x07,
    0x1E, 0x70, 0xC4, 0x71, 0x8E, 0xF3, 0xC0, 0x71, 0x0E, 0x3C, 0x00, 0x01, 0x1C, 0x80, 0xE3, 0x1C, 0xE7, 0x81, 0xE3, 0x9C, 0x03, 0x1E, 0x70, 0x9C,
    0x03, 0x8E, 0xE3, 0xC0, 0x73, 0x9C, 0xE3, 0xC0, 0x73, 0x00, 0x08, 0x63, 0x00, 0x01, 0x7E, 0x8E, 0xC3, 0xCF, 0x71, 0xF8, 0x01, 0x87, 0x1F, 0x70,
    0xC0, 0x71, 0x8E, 0xE3, 0xC3, 0x71, 0x0E, 0x3F, 0x00, 0x01, 0x1C, 0x80, 0xE3, 0x1C, 0xC7, 0x87, 0xE3, 0x9C, 0x83, 0x1F, 0xF0, 0x9F, 0x03, 0x8E,
    0xE3, 0xF0, 0x73, 0x9C, 0xE3, 0xF0, 0x73, 0x00, 0x08, 0x77, 0x00, 0x01, 0x77, 0x8E, 0xE3, 0xCE, 0x71, 0xDC, 0x01, 0xC7, 0x1D, 0x70, 0xC0, 0x71,
    0x8E, 0xC3, 0xC7, 0x71, 0x8E, 0x3B, 0x00, 0x01, 0x1C, 0x8C, 0xE3, 0x1C, 0x87, 0x8F, 0xE3, 0x9C, 0xC3, 0x1D, 0xF0, 0x9F, 0x03, 0x8E, 0xE3, 0xB8,
    0x73, 0x9C, 0xE3, 0xB8, 0x73, 0x00, 0x08, 0x76, 0x80, 0x73, 0x8E, 0x73, 0xCE, 0x71, 0xCE, 0x01, 0xE7, 0x1C, 0x70, 0xC4, 0x71, 0x8E, 0x03, 0xCF,
    0x71, 0xCE, 0x39, 0x00, 0x01, 0x38, 0x9E, 0xE3, 0x1C, 0x07, 0x9E, 0xE3, 0x9C, 0xE3, 0x1C, 0x70, 0x80, 0x03, 0x8E, 0xE3, 0x9C, 0x73, 0x9C, 0xE3,
    0x9C, 0x73, 0x00, 0x08, 0x3E, 0x80, 0x73, 0xDE, 0x73, 0xCE, 0x7B, 0xCE, 0x01, 0xE7, 0x1C, 0xF0, 0xCE, 0x7B, 0x8E, 0x73, 0xCE, 0x7B, 0xCE, 0x39,
    0x07, 0xF8, 0x8F, 0xF7, 0x1C, 0xE7, 0x9C, 0xF3, 0x9C, 0xE3, 0x1C, 0x70, 0x9C, 0x03, 0x8E, 0xE3, 0x9C, 0x73, 0x9C, 0xF3, 0x9C, 0x73, 0x00, 0x08,
    0x3E, 0x80, 0x7F, 0xFE, 0xF1, 0x8F, 0x7F, 0xFE, 0x01, 0xE7, 0x1F, 0xE0, 0x87, 0x3F, 0x8E, 0xF3, 0x8F, 0x3F, 0xCE, 0x3F, 0x07, 0xF0, 0x0F, 0x7F,
    0x1C, 0xE7, 0x9F, 0xFF, 0x9C, 0xEF, 0x1F, 0xE0, 0x8F, 0x03, 0x8E, 0xE3, 0xFC, 0x73, 0x9C, 0xFF, 0xFC, 0x73, 0x00, 0x08, 0x1C, 0x00, 0x01, 0xEF,
    0xEE, 0xE0, 0x1D, 0x77, 0xBC, 0x03, 0xC7, 0x3B, 0xC0, 0x03, 0x1F, 0x8E, 0xE3, 0x07, 0x1F, 0x8E, 0x77, 0x07, 0xC0, 0x03, 0x3E, 0x1C, 0xC7, 0x0F,
    0xEF, 0x1C, 0xCF, 0x3B, 0xC0, 0x87, 0x03, 0x8E, 0xE3, 0x78, 0x77, 0x1C, 0xEF, 0x78, 0x77, 0x00, 0x08, 0x1C, 0x00, 0x02, 0x0E, 0x00, 0x02, 0x70,
    0x00, 0x2B, 0x0E, 0x00, 0x02, 0x0E, 0x00, 0x01, 0xC0, 0x71, 0x00, 0x2A, 0x80, 0x0F, 0x00, 0x02, 0x0E, 0x00, 0x01, 0xC0, 0x3F, 0x00, 0x2A, 0x80,
    0x07, 0x00, 0x02, 0x0E, 0x00, 0x01, 0x80, 0x1F, 0x00, 0xFF, 0x00, 0xFF, 0x00, 0xB7, 0xE0, 0x00, 0x02, 0x1C, 0x00, 0x02, 0x60, 0x00, 0x05, 0x07,
    0x00, 0x06, 0x38, 0x00, 0x02, 0x07, 0x00, 0x08, 0x0E, 0x00, 0x01, 0x70, 0x38, 0xDC, 0x39, 0x00, 0x0D, 0xE0, 0x00, 0x02, 0x1C, 0x00, 0x02, 0x70,
    0x00, 0x05, 0x07, 0x00, 0x06, 0x38, 0x00, 0x02, 0x07, 0x00, 0x08, 0x0E, 0x00, 0x01, 0x70, 0x38, 0xDC, 0x39, 0x00, 0x0D, 0xE0, 0x00, 0x05, 0x70,
    0x00, 0x0C, 0x38, 0x00, 0x02, 0x07, 0x00, 0x08, 0x0E, 0x00, 0x01, 0x70, 0x7C, 0x1C, 0x00, 0x0E, 0xEE, 0xF0, 0x01, 0x9C, 0x7B, 0xF8, 0xF9, 0xDD,
    0x8E, 0xC3, 0x03, 0x0F, 0x87, 0x0F, 0xF7, 0xE0, 0x83, 0x1F, 0x80, 0x3B, 0x7C, 0x00, 0x01, 0x87, 0x0F, 0xC0, 0x03, 0x1F, 0xEE, 0xE1, 0x07, 0x1F,
    0x0E, 0x1F, 0xE0, 0x6C, 0xCE, 0x39, 0xE0, 0x0E, 0x7C, 0xDC, 0xF8, 0x00, 0x08, 0xFF, 0xF8, 0x03, 0x9C, 0xFF, 0xFC, 0xFB, 0xFD, 0x8E, 0xE3, 0x87,
    0x1F, 0xC7, 0x1F, 0xFF, 0xF1, 0xC7, 0x3F, 0xC0, 0x3F, 0xFE, 0x00, 0x01, 0xC7, 0x1F, 0xE0, 0x87, 0x3F, 0xFE, 0xF3, 0x8F, 0x3F, 0x8E, 0x3F, 0xE0,
    0x6C, 0xCE, 0x39, 0xE0, 0x1F, 0xFE, 0xFC, 0xFC, 0x01, 0x00, 0x06, 0x80, 0xF7, 0x1C, 0x07, 0x9C, 0xE7, 0x9C, 0x73, 0x3C, 0x8E, 0xF3, 0xCE, 0x3B,
    0xE7, 0x3D, 0xCF, 0x39, 0xCE, 0x39, 0xE0, 0x3D, 0xC7, 0x01, 0x67, 0x1C, 0xF0, 0xCE, 0x7B, 0x9E, 0x73, 0xCE, 0x7B, 0xCE, 0x38, 0xE0, 0xEE, 0xCE,
    0x39, 0xE0, 0x3D, 0xE3, 0x3C, 0xC6, 0x01, 0x00, 0x06, 0x80, 0xE3, 0x1C, 0x07, 0x9C, 0xE3, 0x3C, 0x70, 0x1C, 0x8E, 0x73, 0xC4, 0x11, 0xE7, 0x38,
    0xC7, 0x39, 0xCE, 0x03, 0xE0, 0x38, 0xC7, 0x01, 0x07, 0x1E, 0x70, 0xC4, 0x71, 0x8E, 0xF3, 0xC0, 0x71, 0x0E, 0x3C, 0xE0, 0xEE, 0xCE, 0x39, 0xE0,
    0x38, 0xF0, 0x1C, 0xE0, 0x01, 0x00, 0x06, 0x80, 0xE3, 0xFC, 0x07, 0x9C, 0xE3, 0xF8, 0x70, 0x1C, 0x8E, 0x73, 0xC0, 0x01, 0xE7, 0x38, 0xC7, 0xF9,
    0x8F, 0x0F, 0xE0, 0x38, 0xFF, 0x01, 0x87, 0x1F, 0x70, 0xC0, 0x71, 0x8E, 0xE3, 0xC3, 0x71, 0x0E, 0x3F, 0xE0, 0xC6, 0xCE, 0x39, 0xE0, 0x38, 0xFC,
    0x1C, 0xF8, 0x01, 0x00, 0x06, 0x80, 0xE3, 0xFC, 0x07, 0x9C, 0xE3, 0xF0, 0x71, 0x1C, 0x8E, 0x73, 0xC0, 0x01, 0xE7, 0x38, 0xC7, 0xF9, 0x0F, 0x1F,
    0xE0, 0x38, 0xFF, 0x01, 0xC7, 0x1D, 0x70, 0xC0, 0x71, 0x8E, 0xC3, 0xC7, 0x71, 0x8E, 0x3B, 0xE0, 0xC6, 0xCE, 0x39, 0xE0, 0x38, 0xEE, 0x1C, 0xDC,
    0x01, 0x00, 0x06, 0x80, 0xE3, 0x1C, 0x00, 0x01, 0x9C, 0xE3, 0xC0, 0x73, 0x1C, 0x8E, 0x73, 0xC4, 0x11, 0xE7, 0x38, 0xC7, 0x39, 0x00, 0x01, 0x3C,
    0xE0, 0x38, 0x07, 0x00, 0x01, 0xE7, 0x1C, 0x70, 0xC4, 0x71, 0x8E, 0x03, 0xCF, 0x71, 0xCE, 0x39, 0xC0, 0xC7, 0xC7, 0x39, 0xE0, 0x38, 0xE7, 0x1C,
    0xCE, 0x01, 0x00, 0x06, 0x80, 0xF7, 0x1C, 0x07, 0x9C, 0xE3, 0x9C, 0x73, 0x1C, 0xCE, 0xF3, 0xCE, 0x3B, 0xE7, 0x3D, 0xC7, 0x39, 0xCE, 0x39, 0xE0,
    0x3D, 0xC7, 0x01, 0xE7, 0x1C, 0xF0, 0xCE, 0x7B, 0x8E, 0x73, 0xCE, 0x7B, 0xCE, 0x39, 0xC0, 0xC7, 0xC7, 0x39, 0xE0, 0x3D, 0xE7, 0x1C, 0xCE, 0x01,
    0x00, 0x07, 0xFF, 0xF8, 0x03, 0x9C, 0xE3, 0xFC, 0xF3, 0x1D, 0xFE, 0xE3, 0x87, 0x1F, 0xC7, 0x1F, 0xC7, 0xF1, 0xC7, 0x3F, 0xC0, 0x3F, 0xFE, 0x00,
    0x01, 0xE7, 0x1F, 0xE0, 0x87, 0x3F, 0x8E, 0xF3, 0x8F, 0x3F, 0xCE, 0x3F, 0xC0, 0x83, 0xC7, 0x39, 0xE0, 0x1F, 0xFF, 0x1C, 0xFE, 0x01, 0x00, 0x07,
    0xEE, 0xF0, 0x01, 0x9C, 0xE3, 0xF8, 0xE1, 0x1D, 0xBC, 0xC3, 0x03, 0x0F, 0x87, 0x0F, 0xC7, 0xE1, 0x83, 0x1F, 0x80, 0x3B, 0x7C, 0x00, 0x01, 0xC7,
    0x3B, 0xC0, 0x03, 0x1F, 0x8E, 0xE3, 0x07, 0x1F, 0x8E, 0x77, 0xC0, 0x83, 0xC7, 0x39, 0xE0, 0x0E, 0xDE, 0x1D, 0xBC, 0x03, 0x00, 0x2C, 0xE0, 0x00,
    0x31, 0xE0, 0x00, 0x31, 0xE0, 0x00, 0x31, 0xE0, 0x00, 0xFF, 0x00, 0xFF, 0x00, 0x71, 0xE0, 0x00, 0x0D, 0x07, 0x00, 0x19, 0x1C, 0xC0, 0x00, 0x08,
    0x60, 0x00, 0x02, 0x1C, 0x00, 0x01, 0xF8, 0x00, 0x06, 0x80, 0x03, 0x03, 0x00, 0x19, 0x1C, 0xE0, 0x00, 0x08, 0x30, 0x00, 0x02, 0x1C, 0x00, 0x01,
    0xFC, 0x00, 0x06, 0x80, 0x83, 0x01, 0x00, 0x19, 0x1C, 0xE0, 0x00, 0x0D, 0x1C, 0x00, 0x21, 0x3E, 0xDC, 0xF1, 0xE3, 0xC3, 0x3D, 0xF8, 0x70, 0x03,
    0xF7, 0x3C, 0xF8, 0xF0, 0x03, 0x9C, 0x7B, 0x7E, 0x7C, 0xB8, 0xDD, 0xF3, 0xE0, 0x83, 0x87, 0xC3, 0x87, 0x7B, 0x00, 0x17, 0x7F, 0xFC, 0xF3, 0xF3,
    0xC7, 0x7F, 0xFC, 0xF1, 0x03, 0xFF, 0x7F, 0xFC, 0xF9, 0x07, 0x9C, 0xFF, 0x7E, 0xFE, 0xF8, 0xFD, 0xFF, 0xF1, 0xC7, 0x8F, 0xE3, 0x8F, 0xFF, 0x00,
    0x16, 0x80, 0xF7, 0xBC, 0xE7, 0x38, 0xCE, 0x73, 0x8E, 0xF3, 0x00, 0x01, 0xCF, 0x73, 0xC6, 0x39, 0x07, 0x9C, 0xE7, 0x1C, 0xEF, 0x79, 0x3C, 0xCF,
    0x19, 0xE7, 0x9D, 0xF3, 0x9E, 0xE7, 0x00, 0x16, 0x80, 0xE3, 0x1C, 0xE7, 0x38, 0xCE, 0x71, 0x8E, 0x73, 0x00, 0x01, 0xC7, 0x71, 0xE0, 0x79, 0x00,
    0x01, 0x9C, 0xE3, 0x1C, 0xC7, 0x39, 0x1C, 0xC7, 0x81, 0xE7, 0x88, 0x73, 0x9C, 0xE3, 0x00, 0x16, 0x80, 0xE3, 0x1C, 0xE7, 0xF8, 0xCF, 0x71, 0xFE,
    0x73, 0x00, 0x01, 0xC7, 0x71, 0xF8, 0xF1, 0x01, 0x9C, 0xE3, 0x1C, 0xC7, 0x39, 0x1C, 0xC7, 0xE1, 0xE7, 0x80, 0x73, 0x9C, 0xE3, 0x00, 0x16, 0x80,
    0xE3, 0x1C, 0xE7, 0xF8, 0xCF, 0x71, 0xFE, 0x73, 0x00, 0x01, 0xC7, 0x71, 0xDC, 0xE1, 0x03, 0x9C, 0xE3, 0x1C, 0xC7, 0x39, 0x1C, 0xC7, 0x71, 0xE7,
    0x80, 0x73, 0x9C, 0xE3, 0x00, 0x16, 0x80, 0xE3, 0x1C, 0xE7, 0x38, 0xC0, 0x71, 0x0E, 0x70, 0x00, 0x01, 0xC7, 0x71, 0xCE, 0x81, 0x07, 0x9C, 0xE3,
    0x1C, 0xC7, 0x39, 0x1C, 0xC7, 0x39, 0xE7, 0x88, 0x73, 0x9C, 0xE3, 0x00, 0x16, 0x80, 0xF7, 0xBC, 0xE7, 0x38, 0xCE, 0x71, 0x8E, 0x73, 0x00, 0x01,
    0xC7, 0x71, 0xCE, 0x39, 0x07, 0x9C, 0xE3, 0x1C, 0xEF, 0x39, 0x1C, 0xC7, 0x39, 0xE7, 0x9D, 0xF3, 0x9E, 0xE3, 0x1C, 0x00, 0x16, 0x7F, 0xFC, 0xE3,
    0xF3, 0xC7, 0x71, 0xFC, 0x71, 0x00, 0x01, 0xC7, 0x71, 0xFE, 0xF9, 0x07, 0x9C, 0xE3, 0x1C, 0xFE, 0x38, 0x1C, 0xC7, 0xF9, 0xC7, 0x8F, 0xE3, 0x8F,
    0xE3, 0x1C, 0x00, 0x16, 0x3E, 0xDC, 0xC1, 0xE3, 0xC3, 0x71, 0xF8, 0x70, 0x00, 0x01, 0xC7, 0x71, 0xBC, 0xF3, 0x03, 0x9C, 0xE3, 0x1C, 0x7C, 0x38,
    0x1C, 0xC7, 0xF1, 0x8E, 0x87, 0xC3, 0x87, 0xE3, 0x1C, 0x00, 0xFF, 0x00, 0xFF, 0x00, 0xFF, 0x00, 0xCB, 0x00,
};
}

namespace HEADER_FatalErrorImage_spa
{
const unsigned char g_ImageData[0x2CD] = {
    0x00, 0xFF, 0x00, 0xFF, 0x00, 0xFF, 0x00, 0xFF, 0x00, 0xFF, 0x00, 0xFF, 0x00, 0xFF, 0x00, 0xFF, 0x00, 0xFF, 0x00, 0xFF, 0x00, 0xFF, 0x00, 0xFF,
    0x00, 0xFF, 0x00, 0xFF, 0x00, 0xF3, 0xE0, 0x00, 0x05, 0x0C, 0x00, 0x03, 0x0E, 0x00, 0x01, 0xCE, 0x01, 0x00, 0x04, 0xE0, 0x00, 0x1F, 0xE0, 0x00,
    0x05, 0x0E, 0x00, 0x03, 0x0E, 0x00, 0x01, 0xCE, 0x01, 0x00, 0x04, 0xE0, 0x00, 0x1F, 0xE0, 0x00, 0x05, 0x0E, 0x00, 0x03, 0x0E, 0x00, 0x01, 0x0E,
    0x00, 0x05, 0xE0, 0x00, 0x1F, 0xE0, 0xDC, 0xC3, 0x0F, 0x3E, 0xDC, 0x3F, 0x3E, 0x00, 0x01, 0x1F, 0x0E, 0xE0, 0xCE, 0xF1, 0x83, 0x07, 0x3E, 0x00,
    0x01, 0xEE, 0xF0, 0x01, 0x00, 0x1D, 0xE0, 0xFC, 0xE7, 0x1F, 0x7F, 0xFC, 0x3F, 0x7F, 0x80, 0x3F, 0x0E, 0xF0, 0xCF, 0xF9, 0xC7, 0x0F, 0x7F, 0x00,
    0x01, 0xFF, 0xF8, 0x03, 0x00, 0x1D, 0xE0, 0x3C, 0xE7, 0x9C, 0xE3, 0x3C, 0x8E, 0x71, 0xC0, 0x71, 0x0E, 0x78, 0xCF, 0x39, 0xE7, 0x9D, 0xF7, 0x80,
    0xF7, 0x1C, 0x07, 0x00, 0x1D, 0xE0, 0x1C, 0xE7, 0x81, 0xE3, 0x1C, 0x0E, 0x78, 0xC0, 0x71, 0x0E, 0x38, 0xCE, 0x79, 0xE0, 0x88, 0xE3, 0x80, 0xE3,
    0x1C, 0x07, 0x00, 0x1D, 0xE0, 0x1C, 0xC7, 0x87, 0xFF, 0x1C, 0x0E, 0x7E, 0xC0, 0x7F, 0x0E, 0x38, 0xCE, 0xF1, 0xE1, 0x80, 0xE3, 0x80, 0xE3, 0xFC,
    0x07, 0x00, 0x1D, 0xE0, 0x1C, 0x87, 0x8F, 0xFF, 0x1C, 0x0E, 0x77, 0xC0, 0x7F, 0x0E, 0x38, 0xCE, 0xE1, 0xE3, 0x80, 0xE3, 0x80, 0xE3, 0xFC, 0x07,
    0x00, 0x1D, 0xE0, 0x1C, 0x07, 0x9E, 0x03, 0x1C, 0x8E, 0x73, 0xC0, 0x01, 0x0E, 0x38, 0xCE, 0x81, 0xE7, 0x88, 0xE3, 0x80, 0xE3, 0x1C, 0x00, 0x1E,
    0xE0, 0x1C, 0xE7, 0x9C, 0xE3, 0x1C, 0x8E, 0x73, 0xC0, 0x71, 0x0E, 0x78, 0xCF, 0x39, 0xE7, 0x9D, 0xF7, 0x80, 0xF7, 0x1C, 0x07, 0x00, 0x1D, 0xE0,
    0x1C, 0xE7, 0x1F, 0x7F, 0x1C, 0xBE, 0x7F, 0x80, 0x3F, 0x0E, 0xF0, 0xCF, 0xF9, 0xC7, 0x0F, 0x7F, 0x00, 0x01, 0xFF, 0xF8, 0x03, 0x00, 0x1D, 0xE0,
    0x1C, 0xC7, 0x0F, 0x3E, 0x1C, 0x3C, 0xEF, 0x00, 0x01, 0x1F, 0x0E, 0xE0, 0xCE, 0xF1, 0x83, 0x07, 0x3E, 0x00, 0x01, 0xEE, 0xF0, 0x01, 0x00, 0xFF,
    0x00, 0xFF, 0x00, 0xFF, 0x00, 0x72, 0xE0, 0xC1, 0x03, 0x00, 0x01, 0xE0, 0x00, 0x02, 0xF0, 0x83, 0x01, 0x38, 0x07, 0x00, 0x04, 0x80, 0x07, 0x07,
    0x00, 0x06, 0x07, 0x00, 0x18, 0xE0, 0xC1, 0x03, 0x00, 0x01, 0xE0, 0x00, 0x02, 0xF8, 0xC7, 0x01, 0x38, 0x07, 0x00, 0x04, 0xE0, 0x1F, 0x07, 0x00,
    0x06, 0x07, 0x00, 0x18, 0xE0, 0xE3, 0x03, 0x00, 0x04, 0xFC, 0xCF, 0x01, 0x00, 0x01, 0x07, 0x00, 0x04, 0xF0, 0x1F, 0x07, 0x00, 0x06, 0x07, 0x00,
    0x18, 0xE0, 0xE3, 0xC3, 0xC7, 0xED, 0xF0, 0x01, 0x1C, 0xEE, 0x77, 0x3B, 0xC7, 0xF1, 0xE1, 0xE6, 0x07, 0x70, 0x3C, 0xF7, 0xE0, 0xE3, 0xC6, 0x1D,
    0x3E, 0x70, 0x07, 0x00, 0x18, 0xE0, 0xE3, 0xE3, 0xCF, 0xEF, 0xF8, 0x03, 0x1C, 0xE0, 0xF7, 0x3B, 0xE7, 0xF8, 0xE3, 0xF7, 0x0F, 0x38, 0x18, 0xFF,
    0xF1, 0xE7, 0xE7, 0x1F, 0x7F, 0xF8, 0x07, 0x00, 0x18, 0xE0, 0xB6, 0x33, 0xCE, 0xE3, 0xBC, 0x07, 0xFC, 0xC1, 0xF1, 0x38, 0x77, 0x1C, 0xE7, 0x71,
    0x0E, 0x38, 0x00, 0x01, 0xCF, 0x19, 0xE7, 0xF1, 0x9E, 0xE3, 0xBC, 0x07, 0x00, 0x18, 0xE0, 0xB6, 0x03, 0xCF, 0xE1, 0x1C, 0x07, 0xF8, 0xC7, 0x71,
    0x38, 0x3F, 0x1C, 0xE7, 0xF0, 0x00, 0x01, 0x38, 0x00, 0x01, 0xC7, 0x81, 0xE7, 0x70, 0x9C, 0xE3, 0x1C, 0x07, 0x00, 0x18, 0xE0, 0xB6, 0xC3, 0xCF,
    0xE1, 0x1C, 0x07, 0xE0, 0xCF, 0x71, 0x38, 0x3F, 0xFC, 0xE7, 0xE0, 0x03, 0x38, 0x00, 0x01, 0xC7, 0xE1, 0xE7, 0x70, 0x9C, 0xFF, 0x1C, 0x07, 0x00,
    0x18, 0xE0, 0xB6, 0xE3, 0xCE, 0xE1, 0x1C, 0x07, 0x00, 0x01, 0xCE, 0x71, 0x38, 0x7F, 0xFC, 0xE7, 0xC0, 0x07, 0x38, 0x18, 0xC7, 0x71, 0xE7, 0x70,
    0x9C, 0xFF, 0x1C, 0x07, 0x00, 0x18, 0xE0, 0x9C, 0x73, 0xCE, 0xE1, 0x1C, 0x07, 0x1C, 0xCE, 0x71, 0x38, 0x77, 0x1C, 0xE0, 0x00, 0x01, 0x0F, 0x70,
    0x3C, 0xC7, 0x39, 0xE7, 0x70, 0x9C, 0x03, 0x1C, 0x07, 0x00, 0x18, 0xE0, 0x9C, 0x73, 0xCE, 0xE1, 0xBC, 0x07, 0xFC, 0xCF, 0x71, 0x38, 0xE7, 0x1C,
    0xE7, 0x70, 0x0E, 0xF0, 0x1F, 0xC7, 0x39, 0xE7, 0xF0, 0x9E, 0xE3, 0xBC, 0xE7, 0x00, 0x18, 0xE0, 0x9C, 0xF3, 0xCF, 0xE1, 0xF8, 0x03, 0xF8, 0xC7,
    0x77, 0x38, 0xE7, 0xF8, 0xE3, 0xF0, 0x0F, 0xE0, 0x1F, 0xC7, 0xF9, 0xE7, 0xE0, 0x1F, 0x7F, 0xF8, 0xE7, 0x00, 0x18, 0xE0, 0x88, 0xE3, 0xDD, 0xE1,
    0xF0, 0x01, 0xF0, 0x83, 0x77, 0x38, 0xC7, 0xF1, 0xE1, 0xE0, 0x07, 0x80, 0x07, 0xC7, 0xF1, 0xEE, 0xC0, 0x1D, 0x3E, 0x70, 0xE7, 0x00, 0x2E, 0x1C,
    0x00, 0x30, 0x70, 0x1C, 0x00, 0x30, 0xF0, 0x0F, 0x00, 0x30, 0xE0, 0x07, 0x00, 0xFF, 0x00, 0xFF, 0x00, 0xFF, 0x00, 0xFF, 0x00, 0xFF, 0x00, 0xFF,
    0x00, 0xFF, 0x00, 0xFF, 0x00, 0xFF, 0x00, 0xFF, 0x00, 0xFF, 0x00, 0xFF, 0x00, 0xFF, 0x00, 0xFF, 0x00, 0xFF, 0x00, 0x26, 0x00,
};
}

namespace HEADER_WrongDiskImage_spa
{
const unsigned char g_ImageData[0x669] = {
    0x00, 0xFF, 0x00, 0xFF, 0x00, 0xFF, 0x00, 0xFF, 0x00, 0xFF, 0x00, 0xFF, 0x00, 0x7D, 0xE0, 0xE0, 0x00, 0x0A, 0x38, 0x00, 0x02, 0x07, 0x00, 0x05,
    0x1C, 0x00, 0x01, 0x9C, 0x03, 0x00, 0x19, 0xE0, 0xE1, 0x00, 0x0A, 0x38, 0x00, 0x02, 0x07, 0x00, 0x05, 0x1C, 0x00, 0x01, 0x9C, 0x03, 0x00, 0x19,
    0xE0, 0xE3, 0x00, 0x0A, 0x38, 0x00, 0x02, 0x07, 0x00, 0x05, 0x1C, 0x00, 0x01, 0x1C, 0x00, 0x1A, 0xE0, 0xE3, 0xF0, 0x01, 0xF8, 0xC1, 0x07, 0x70,
    0x87, 0xE3, 0xF0, 0x81, 0x3B, 0x7C, 0x00, 0x01, 0x87, 0x0F, 0x7C, 0xB8, 0x01, 0x3E, 0x1C, 0xC0, 0x9D, 0xE3, 0x07, 0x0F, 0x7C, 0x00, 0x16, 0xE0,
    0xE7, 0xF8, 0x03, 0xFC, 0xE3, 0x0F, 0xF0, 0x8F, 0xE3, 0xF8, 0xC3, 0x3F, 0xFE, 0x00, 0x01, 0xC7, 0x1F, 0xFE, 0xF8, 0x01, 0x7F, 0x1C, 0xE0, 0x9F,
    0xF3, 0x8F, 0x1F, 0xFE, 0x00, 0x16, 0xE0, 0xE6, 0xBC, 0x07, 0x9C, 0x73, 0x1C, 0xF0, 0x9E, 0xE3, 0x1C, 0xE7, 0x3D, 0xC7, 0x01, 0xE7, 0x38, 0xC7,
    0x79, 0x80, 0xE3, 0x1C, 0xF0, 0x9E, 0x73, 0xCE, 0x3B, 0xEF, 0x01, 0x00, 0x15, 0xE0, 0xEE, 0x1C, 0x07, 0x3C, 0x70, 0x1C, 0x70, 0x9C, 0xE3, 0x1C,
    0xE7, 0x38, 0xC7, 0x01, 0xE7, 0x38, 0xC7, 0x39, 0x80, 0xE3, 0x1C, 0x70, 0x9C, 0xF3, 0xC0, 0x11, 0xC7, 0x01, 0x00, 0x15, 0xE0, 0xEC, 0x1C, 0x07,
    0xF8, 0xF0, 0x1F, 0x70, 0x9C, 0xE3, 0xFC, 0xE7, 0x38, 0xFF, 0x01, 0xE7, 0x3F, 0xFF, 0x39, 0x80, 0xFF, 0x1C, 0x70, 0x9C, 0xE3, 0xC3, 0x01, 0xC7,
    0x01, 0x00, 0x15, 0xE0, 0xFC, 0x1C, 0x07, 0xF0, 0xF1, 0x1F, 0x70, 0x9C, 0xE3, 0xFC, 0xE7, 0x38, 0xFF, 0x01, 0xE7, 0x3F, 0xFF, 0x39, 0x80, 0xFF,
    0x1C, 0x70, 0x9C, 0xC3, 0xC7, 0x01, 0xC7, 0x01, 0x00, 0x15, 0xE0, 0xF8, 0x1C, 0x07, 0xC0, 0x73, 0x00, 0x01, 0x70, 0x9C, 0xE3, 0x1C, 0xE0, 0x38,
    0x07, 0x00, 0x01, 0xE7, 0x00, 0x01, 0x07, 0x38, 0x80, 0x03, 0x1C, 0x70, 0x9C, 0x03, 0xCF, 0x11, 0xC7, 0x01, 0x00, 0x15, 0xE0, 0xF8, 0xBC, 0x07,
    0x9C, 0x73, 0x1C, 0xF0, 0x9E, 0xF3, 0x1C, 0xE7, 0x3D, 0xC7, 0x01, 0xE7, 0x38, 0xC7, 0x39, 0x80, 0xE3, 0x1C, 0xF0, 0x9E, 0x73, 0xCE, 0x3B, 0xEF,
    0x39, 0x00, 0x15, 0xE0, 0xF0, 0xF8, 0x03, 0xFC, 0xE3, 0x0F, 0xF0, 0x8F, 0xFF, 0xF8, 0xC3, 0x3F, 0xFE, 0x00, 0x01, 0xC7, 0x1F, 0xFE, 0x38, 0x00,
    0x01, 0x7F, 0x1C, 0xE0, 0x9F, 0xF3, 0x8F, 0x1F, 0xFE, 0x38, 0x00, 0x15, 0xE0, 0xE0, 0xF0, 0x01, 0xF8, 0xC1, 0x07, 0x70, 0x07, 0xEF, 0xF0, 0x81,
    0x3B, 0x7C, 0x00, 0x01, 0x87, 0x0F, 0x7C, 0x38, 0x00, 0x01, 0x3E, 0x1C, 0xC0, 0x9D, 0xE3, 0x07, 0x0F, 0x7C, 0x38, 0x00, 0x1C, 0x70, 0x00, 0x31,
    0x70, 0x00, 0x31, 0x70, 0x00, 0x31, 0x70, 0x00, 0xFF, 0x00, 0xFF, 0x00, 0xB7, 0x1E, 0x00, 0x05, 0xE0, 0x18, 0x00, 0x03, 0x1C, 0x00, 0x07, 0x80,
    0x03, 0x80, 0x03, 0x00, 0x1A, 0x80, 0x7F, 0x00, 0x05, 0xE0, 0x1C, 0x00, 0x03, 0x1C, 0x00, 0x07, 0x80, 0x03, 0x80, 0x03, 0x00, 0x1A, 0xC0, 0x7F,
    0x00, 0x05, 0xE0, 0x1C, 0x00, 0x03, 0x1C, 0x00, 0x07, 0x80, 0x03, 0x80, 0x03, 0x00, 0x1A, 0xC0, 0xF1, 0xF0, 0xE1, 0x1E, 0x7E, 0x1C, 0xE7, 0x7E,
    0x7C, 0x00, 0x01, 0x3E, 0x1C, 0x70, 0xCF, 0x83, 0x8F, 0x7B, 0x1C, 0x87, 0x8F, 0x03, 0xB8, 0xC3, 0x07, 0x00, 0x19, 0xE0, 0x60, 0xF8, 0xE3, 0x3F,
    0xFF, 0x1C, 0xE7, 0x7E, 0xFE, 0x00, 0x01, 0x7F, 0x1C, 0xF0, 0xFF, 0xC7, 0x9F, 0xFF, 0x1C, 0xC7, 0x9F, 0x03, 0xFC, 0xE3, 0x0F, 0x00, 0x19, 0xE0,
    0x00, 0x01, 0xBC, 0xE7, 0x39, 0xE7, 0x1C, 0xE7, 0x1C, 0xE3, 0x80, 0xE3, 0x1C, 0xF0, 0x3C, 0x67, 0x9C, 0xE7, 0x1C, 0x67, 0x9C, 0x03, 0xDE, 0x73,
    0x1C, 0x00, 0x19, 0xE0, 0x00, 0x01, 0x1C, 0xE7, 0x38, 0x0F, 0x1C, 0xE7, 0x1C, 0xF0, 0x80, 0xE3, 0x1C, 0x70, 0x1C, 0x07, 0x9E, 0xE3, 0x1C, 0x07,
    0x9E, 0x03, 0x8E, 0x73, 0x1C, 0x00, 0x19, 0xE0, 0x00, 0x01, 0x1C, 0xE7, 0x38, 0x3E, 0x1C, 0xE7, 0x1C, 0xFC, 0x80, 0xFF, 0x1C, 0x70, 0x1C, 0x87,
    0x9F, 0xE3, 0x1C, 0x87, 0x9F, 0x03, 0x8E, 0xF3, 0x1F, 0x00, 0x19, 0xE0, 0x60, 0x1C, 0xE7, 0x38, 0x7C, 0x1C, 0xE7, 0x1C, 0xEE, 0x80, 0xFF, 0x1C,
    0x70, 0x1C, 0xC7, 0x9D, 0xE3, 0x1C, 0xC7, 0x9D, 0x03, 0x8E, 0xF3, 0x1F, 0x00, 0x19, 0xC0, 0xF1, 0x1C, 0xE7, 0x38, 0xF0, 0x1C, 0xE7, 0x1C, 0xE7,
    0x80, 0x03, 0x1C, 0x70, 0x1C, 0xE7, 0x9C, 0xE3, 0x1C, 0xE7, 0x9C, 0x03, 0x8E, 0x73, 0x00, 0x1A, 0xC0, 0x7F, 0xBC, 0xE7, 0x38, 0xE7, 0x9C, 0xE7,
    0x1C, 0xE7, 0x80, 0xE3, 0x1C, 0x70, 0x1C, 0xE7, 0x9C, 0xE3, 0x9C, 0xE7, 0x9C, 0x03, 0xDE, 0x73, 0x1C, 0x00, 0x19, 0x80, 0x7F, 0xF8, 0xE3, 0x38,
    0xFF, 0xFC, 0xE7, 0x7C, 0xFF, 0x00, 0x01, 0x7F, 0x1C, 0x70, 0x1C, 0xE7, 0x9F, 0xE3, 0xFC, 0xE7, 0x9F, 0x03, 0xFC, 0xE3, 0x0F, 0x00, 0x1A, 0x1E,
    0xF0, 0xE1, 0x38, 0x7E, 0x78, 0xE7, 0x78, 0xDE, 0x01, 0x3E, 0x1C, 0x70, 0x1C, 0xC7, 0xBB, 0xE3, 0x78, 0xC7, 0xBB, 0x03, 0xB8, 0xC3, 0x07, 0x00,
    0xFF, 0x00, 0xFF, 0x00, 0xFF, 0x00, 0x6E, 0xE0, 0x00, 0x03, 0x03, 0x00, 0x04, 0x38, 0x00, 0x06, 0xC0, 0x01, 0x00, 0x01, 0x38, 0x00, 0x08, 0x70,
    0x00, 0x01, 0x80, 0xC3, 0xE1, 0xCE, 0x01, 0x00, 0x0F, 0xE0, 0x00, 0x02, 0x80, 0x03, 0x00, 0x04, 0x38, 0x00, 0x06, 0xC0, 0x01, 0x00, 0x01, 0x38,
    0x00, 0x08, 0x70, 0x00, 0x01, 0x80, 0xC3, 0xE1, 0xCE, 0x01, 0x00, 0x12, 0x80, 0x03, 0x00, 0x0B, 0xC0, 0x01, 0x00, 0x01, 0x38, 0x00, 0x08, 0x70,
    0x00, 0x01, 0x80, 0xE3, 0xE3, 0x00, 0x11, 0xE0, 0xDC, 0xC3, 0xCF, 0xEF, 0x76, 0x1C, 0x1E, 0x78, 0x38, 0x7C, 0xB8, 0x07, 0x1F, 0xFC, 0x00, 0x01,
    0xDC, 0xE1, 0x03, 0x38, 0x7C, 0x00, 0x01, 0x1E, 0xF8, 0x70, 0x0F, 0x3F, 0xF8, 0x70, 0xF8, 0x00, 0x01, 0x67, 0x73, 0xCE, 0x01, 0x00, 0x0F, 0xE0,
    0xFC, 0xE7, 0xDF, 0xEF, 0x77, 0x1C, 0x3F, 0xFC, 0x38, 0xFE, 0xF8, 0x8F, 0x3F, 0xFE, 0x01, 0xFE, 0xF1, 0x07, 0x38, 0xFE, 0x00, 0x01, 0x3F, 0xFC,
    0xF1, 0x9F, 0x7F, 0xFC, 0x71, 0xFC, 0x01, 0x67, 0x73, 0xCE, 0x01, 0x00, 0x0F, 0xE0, 0x3C, 0xE7, 0x9C, 0xE3, 0x71, 0x9C, 0x77, 0xDE, 0x39, 0xEF,
    0x79, 0xCE, 0x71, 0xCE, 0x01, 0xEF, 0x39, 0x0E, 0x38, 0xE3, 0x80, 0x77, 0xDE, 0xF3, 0x9C, 0x73, 0xDE, 0x73, 0xC6, 0x01, 0x77, 0x77, 0xCE, 0x01,
    0x00, 0x0F, 0xE0, 0x1C, 0xE7, 0x81, 0xE3, 0x70, 0x9C, 0x23, 0x8E, 0x38, 0xC7, 0x39, 0xCE, 0x71, 0x1E, 0x00, 0x01, 0xC7, 0x39, 0x0E, 0x38, 0xF0,
    0x80, 0x23, 0x8E, 0x73, 0x9C, 0x07, 0x8E, 0x73, 0xE0, 0x01, 0x77, 0x77, 0xCE, 0x01, 0x00, 0x0F, 0xE0, 0x1C, 0xC7, 0x87, 0xE3, 0x70, 0x9C, 0x03,
    0x0E, 0x38, 0xC7, 0x39, 0xCE, 0x7F, 0x7C, 0x00, 0x01, 0xC7, 0xF9, 0x0F, 0x38, 0xFC, 0x80, 0x03, 0x8E, 0x73, 0x1C, 0x1F, 0x8E, 0x73, 0xF8, 0x01,
    0x37, 0x76, 0xCE, 0x01, 0x00, 0x0F, 0xE0, 0x1C, 0x87, 0x8F, 0xE3, 0x70, 0x9C, 0x03, 0x0E, 0x38, 0xC7, 0x39, 0xCE, 0x7F, 0xF8, 0x00, 0x01, 0xC7,
    0xF9, 0x0F, 0x38, 0xEE, 0x80, 0x03, 0x8E, 0x73, 0x1C, 0x3E, 0x8E, 0x73, 0xDC, 0x01, 0x37, 0x76, 0xCE, 0x01, 0x00, 0x0F, 0xE0, 0x1C, 0x07, 0x9E,
    0xE3, 0x70, 0x9C, 0x23, 0x8E, 0x38, 0xC7, 0x39, 0xCE, 0x01, 0xE0, 0x01, 0xC7, 0x39, 0x00, 0x01, 0x38, 0xE7, 0x80, 0x23, 0x8E, 0x73, 0x1C, 0x78,
    0x8E, 0x73, 0xCE, 0x01, 0x3E, 0x3E, 0xCE, 0x01, 0x00, 0x0F, 0xE0, 0x1C, 0xE7, 0x9C, 0xE3, 0x70, 0x9E, 0x77, 0xDE, 0x39, 0xEF, 0x39, 0xCE, 0x71,
    0xCE, 0x01, 0xEF, 0x39, 0x0E, 0x38, 0xE7, 0x80, 0x77, 0xDE, 0x73, 0x9C, 0x73, 0xDE, 0x73, 0xCE, 0x01, 0x3E, 0x3E, 0xCE, 0x01, 0x00, 0x0F, 0xE0,
    0x1C, 0xE7, 0x9F, 0xEF, 0xF0, 0x1F, 0x3F, 0xFC, 0x38, 0xFE, 0x38, 0x8E, 0x3F, 0xFE, 0x01, 0xFE, 0xF1, 0x07, 0x38, 0xFF, 0x00, 0x01, 0x3F, 0xFC,
    0x71, 0x9C, 0x7F, 0xFC, 0x71, 0xFE, 0x01, 0x1E, 0x3C, 0xCE, 0x01, 0x00, 0x0F, 0xE0, 0x1C, 0xC7, 0x0F, 0xEF, 0xE0, 0x1D, 0x1E, 0x78, 0x38, 0x7C,
    0x38, 0x0E, 0x1F, 0xFC, 0x00, 0x01, 0xDC, 0xE1, 0x03, 0x38, 0xDE, 0x01, 0x1E, 0xF8, 0x70, 0x1C, 0x3F, 0xF8, 0x70, 0xBC, 0x03, 0x1E, 0x3C, 0xCE,
    0x01, 0x00, 0xFF, 0x00, 0xFF, 0x00, 0xFF, 0x00, 0x43, 0xC0, 0x01, 0x00, 0x0C, 0x0E, 0x00, 0x19, 0x38, 0x80, 0x01, 0x00, 0x07, 0xC0, 0x00, 0x02,
    0x38, 0x00, 0x01, 0xF0, 0x01, 0x00, 0x06, 0x07, 0x06, 0x00, 0x19, 0x38, 0xC0, 0x01, 0x00, 0x07, 0x60, 0x00, 0x02, 0x38, 0x00, 0x01, 0xF8, 0x01,
    0x00, 0x06, 0x07, 0x03, 0x00, 0x19, 0x38, 0xC0, 0x01, 0x00, 0x0C, 0x38, 0x00, 0x1B, 0xE0, 0x0E, 0x7C, 0xDC, 0xF8, 0x00, 0x01, 0x7C, 0xB8, 0xE3,
    0xC7, 0x87, 0x7B, 0xF0, 0xE1, 0x06, 0xEE, 0x79, 0xF0, 0xE1, 0x07, 0x38, 0xF7, 0xFC, 0xF8, 0x70, 0xBB, 0xE7, 0xC1, 0x07, 0x0F, 0x87, 0x0F, 0xF7,
    0x00, 0x11, 0xE0, 0x1F, 0xFE, 0xFC, 0xFC, 0x01, 0xFE, 0xF8, 0xE7, 0xE7, 0x8F, 0xFF, 0xF8, 0xE3, 0x07, 0xFE, 0xFF, 0xF8, 0xF3, 0x0F, 0x38, 0xFF,
    0xFD, 0xFC, 0xF1, 0xFB, 0xFF, 0xE3, 0x8F, 0x1F, 0xC7, 0x1F, 0xFF, 0x01, 0x00, 0x10, 0xE0, 0x3D, 0xE3, 0x3C, 0xC6, 0x01, 0xEF, 0x79, 0xCF, 0x71,
    0x9C, 0xE7, 0x1C, 0xE7, 0x01, 0x9E, 0xE7, 0x8C, 0x73, 0x0E, 0x38, 0xCF, 0x39, 0xDE, 0xF3, 0x78, 0x9E, 0x33, 0xCE, 0x3B, 0xE7, 0x3D, 0xCF, 0x01,
    0x00, 0x10, 0xE0, 0x38, 0xF0, 0x1C, 0xE0, 0x01, 0xC7, 0x39, 0xCE, 0x71, 0x9C, 0xE3, 0x1C, 0xE7, 0x00, 0x01, 0x8E, 0xE3, 0xC0, 0xF3, 0x00, 0x01,
    0x38, 0xC7, 0x39, 0x8E, 0x73, 0x38, 0x8E, 0x03, 0xCF, 0x11, 0xE7, 0x38, 0xC7, 0x01, 0x00, 0x10, 0xE0, 0x38, 0xFC, 0x1C, 0xF8, 0x01, 0xC7, 0x39,
    0xCE, 0xF1, 0x9F, 0xE3, 0xFC, 0xE7, 0x00, 0x01, 0x8E, 0xE3, 0xF0, 0xE3, 0x03, 0x38, 0xC7, 0x39, 0x8E, 0x73, 0x38, 0x8E, 0xC3, 0xCF, 0x01, 0xE7,
    0x38, 0xC7, 0x01, 0x00, 0x10, 0xE0, 0x38, 0xEE, 0x1C, 0xDC, 0x01, 0xC7, 0x39, 0xCE, 0xF1, 0x9F, 0xE3, 0xFC, 0xE7, 0x00, 0x01, 0x8E, 0xE3, 0xB8,
    0xC3, 0x07, 0x38, 0xC7, 0x39, 0x8E, 0x73, 0x38, 0x8E, 0xE3, 0xCE, 0x01, 0xE7, 0x38, 0xC7, 0x01, 0x00, 0x10, 0xE0, 0x38, 0xE7, 0x1C, 0xCE, 0x01,
    0xC7, 0x39, 0xCE, 0x71, 0x80, 0xE3, 0x1C, 0xE0, 0x00, 0x01, 0x8E, 0xE3, 0x9C, 0x03, 0x0F, 0x38, 0xC7, 0x39, 0x8E, 0x73, 0x38, 0x8E, 0x73, 0xCE,
    0x11, 0xE7, 0x38, 0xC7, 0x01, 0x00, 0x10, 0xE0, 0x3D, 0xE7, 0x1C, 0xCE, 0x01, 0xEF, 0x79, 0xCF, 0x71, 0x9C, 0xE3, 0x1C, 0xE7, 0x00, 0x01, 0x8E,
    0xE3, 0x9C, 0x73, 0x0E, 0x38, 0xC7, 0x39, 0xDE, 0x73, 0x38, 0x8E, 0x73, 0xCE, 0x3B, 0xE7, 0x3D, 0xC7, 0x39, 0x00, 0x10, 0xE0, 0x1F, 0xFF, 0x1C,
    0xFE, 0x01, 0xFE, 0xF8, 0xC7, 0xE7, 0x8F, 0xE3, 0xF8, 0xE3, 0x00, 0x01, 0x8E, 0xE3, 0xFC, 0xF3, 0x0F, 0x38, 0xC7, 0x39, 0xFC, 0x71, 0x38, 0x8E,
    0xF3, 0x8F, 0x1F, 0xC7, 0x1F, 0xC7, 0x39, 0x00, 0x10, 0xE0, 0x0E, 0xDE, 0x1D, 0xBC, 0x03, 0x7C, 0xB8, 0x83, 0xC7, 0x87, 0xE3, 0xF0, 0xE1, 0x00,
    0x01, 0x8E, 0xE3, 0x78, 0xE7, 0x07, 0x38, 0xC7, 0x39, 0xF8, 0x70, 0x38, 0x8E, 0xE3, 0x1D, 0x0F, 0x87, 0x0F, 0xC7, 0x39, 0x00, 0x10, 0xE0, 0x00,
    0x31, 0xE0, 0x00, 0x31, 0xE0, 0x00, 0x31, 0xE0, 0x00, 0xFF, 0x00, 0xFF, 0x00, 0xFF, 0x00, 0xFF, 0x00, 0xFF, 0x00, 0xFF, 0x00, 0xFF, 0x00, 0xFF,
    0x00, 0xFF, 0x00, 0xFF, 0x00, 0xFF, 0x00, 0xEE, 0x00,
};
}

namespace HEADER_RetryImage_spa
{
const unsigned char g_ImageData[0x2CD] = {
    0x00, 0xFF, 0x00, 0xFF, 0x00, 0xFF, 0x00, 0xFF, 0x00, 0xFF, 0x00, 0xFF, 0x00, 0xFF, 0x00, 0xFF, 0x00, 0xFF, 0x00, 0xFF, 0x00, 0xFF, 0x00, 0xFF,
    0x00, 0xFF, 0x00, 0xFF, 0x00, 0xF3, 0xE0, 0x00, 0x05, 0x0C, 0x00, 0x03, 0x0E, 0x00, 0x01, 0xCE, 0x01, 0x00, 0x04, 0xE0, 0x00, 0x1F, 0xE0, 0x00,
    0x05, 0x0E, 0x00, 0x03, 0x0E, 0x00, 0x01, 0xCE, 0x01, 0x00, 0x04, 0xE0, 0x00, 0x1F, 0xE0, 0x00, 0x05, 0x0E, 0x00, 0x03, 0x0E, 0x00, 0x01, 0x0E,
    0x00, 0x05, 0xE0, 0x00, 0x1F, 0xE0, 0xDC, 0xC3, 0x0F, 0x3E, 0xDC, 0x3F, 0x3E, 0x00, 0x01, 0x1F, 0x0E, 0xE0, 0xCE, 0xF1, 0x83, 0x07, 0x3E, 0x00,
    0x01, 0xEE, 0xF0, 0x01, 0x00, 0x1D, 0xE0, 0xFC, 0xE7, 0x1F, 0x7F, 0xFC, 0x3F, 0x7F, 0x80, 0x3F, 0x0E, 0xF0, 0xCF, 0xF9, 0xC7, 0x0F, 0x7F, 0x00,
    0x01, 0xFF, 0xF8, 0x03, 0x00, 0x1D, 0xE0, 0x3C, 0xE7, 0x9C, 0xE3, 0x3C, 0x8E, 0x71, 0xC0, 0x71, 0x0E, 0x78, 0xCF, 0x39, 0xE7, 0x9D, 0xF7, 0x80,
    0xF7, 0x1C, 0x07, 0x00, 0x1D, 0xE0, 0x1C, 0xE7, 0x81, 0xE3, 0x1C, 0x0E, 0x78, 0xC0, 0x71, 0x0E, 0x38, 0xCE, 0x79, 0xE0, 0x88, 0xE3, 0x80, 0xE3,
    0x1C, 0x07, 0x00, 0x1D, 0xE0, 0x1C, 0xC7, 0x87, 0xFF, 0x1C, 0x0E, 0x7E, 0xC0, 0x7F, 0x0E, 0x38, 0xCE, 0xF1, 0xE1, 0x80, 0xE3, 0x80, 0xE3, 0xFC,
    0x07, 0x00, 0x1D, 0xE0, 0x1C, 0x87, 0x8F, 0xFF, 0x1C, 0x0E, 0x77, 0xC0, 0x7F, 0x0E, 0x38, 0xCE, 0xE1, 0xE3, 0x80, 0xE3, 0x80, 0xE3, 0xFC, 0x07,
    0x00, 0x1D, 0xE0, 0x1C, 0x07, 0x9E, 0x03, 0x1C, 0x8E, 0x73, 0xC0, 0x01, 0x0E, 0x38, 0xCE, 0x81, 0xE7, 0x88, 0xE3, 0x80, 0xE3, 0x1C, 0x00, 0x1E,
    0xE0, 0x1C, 0xE7, 0x9C, 0xE3, 0x1C, 0x8E, 0x73, 0xC0, 0x71, 0x0E, 0x78, 0xCF, 0x39, 0xE7, 0x9D, 0xF7, 0x80, 0xF7, 0x1C, 0x07, 0x00, 0x1D, 0xE0,
    0x1C, 0xE7, 0x1F, 0x7F, 0x1C, 0xBE, 0x7F, 0x80, 0x3F, 0x0E, 0xF0, 0xCF, 0xF9, 0xC7, 0x0F, 0x7F, 0x00, 0x01, 0xFF, 0xF8, 0x03, 0x00, 0x1D, 0xE0,
    0x1C, 0xC7, 0x0F, 0x3E, 0x1C, 0x3C, 0xEF, 0x00, 0x01, 0x1F, 0x0E, 0xE0, 0xCE, 0xF1, 0x83, 0x07, 0x3E, 0x00, 0x01, 0xEE, 0xF0, 0x01, 0x00, 0xFF,
    0x00, 0xFF, 0x00, 0xFF, 0x00, 0x72, 0xE0, 0xC1, 0x03, 0x00, 0x01, 0xE0, 0x00, 0x02, 0xF0, 0x83, 0x01, 0x38, 0x07, 0x00, 0x04, 0x80, 0x07, 0x07,
    0x00, 0x06, 0x07, 0x00, 0x18, 0xE0, 0xC1, 0x03, 0x00, 0x01, 0xE0, 0x00, 0x02, 0xF8, 0xC7, 0x01, 0x38, 0x07, 0x00, 0x04, 0xE0, 0x1F, 0x07, 0x00,
    0x06, 0x07, 0x00, 0x18, 0xE0, 0xE3, 0x03, 0x00, 0x04, 0xFC, 0xCF, 0x01, 0x00, 0x01, 0x07, 0x00, 0x04, 0xF0, 0x1F, 0x07, 0x00, 0x06, 0x07, 0x00,
    0x18, 0xE0, 0xE3, 0xC3, 0xC7, 0xED, 0xF0, 0x01, 0x1C, 0xEE, 0x77, 0x3B, 0xC7, 0xF1, 0xE1, 0xE6, 0x07, 0x70, 0x3C, 0xF7, 0xE0, 0xE3, 0xC6, 0x1D,
    0x3E, 0x70, 0x07, 0x00, 0x18, 0xE0, 0xE3, 0xE3, 0xCF, 0xEF, 0xF8, 0x03, 0x1C, 0xE0, 0xF7, 0x3B, 0xE7, 0xF8, 0xE3, 0xF7, 0x0F, 0x38, 0x18, 0xFF,
    0xF1, 0xE7, 0xE7, 0x1F, 0x7F, 0xF8, 0x07, 0x00, 0x18, 0xE0, 0xB6, 0x33, 0xCE, 0xE3, 0xBC, 0x07, 0xFC, 0xC1, 0xF1, 0x38, 0x77, 0x1C, 0xE7, 0x71,
    0x0E, 0x38, 0x00, 0x01, 0xCF, 0x19, 0xE7, 0xF1, 0x9E, 0xE3, 0xBC, 0x07, 0x00, 0x18, 0xE0, 0xB6, 0x03, 0xCF, 0xE1, 0x1C, 0x07, 0xF8, 0xC7, 0x71,
    0x38, 0x3F, 0x1C, 0xE7, 0xF0, 0x00, 0x01, 0x38, 0x00, 0x01, 0xC7, 0x81, 0xE7, 0x70, 0x9C, 0xE3, 0x1C, 0x07, 0x00, 0x18, 0xE0, 0xB6, 0xC3, 0xCF,
    0xE1, 0x1C, 0x07, 0xE0, 0xCF, 0x71, 0x38, 0x3F, 0xFC, 0xE7, 0xE0, 0x03, 0x38, 0x00, 0x01, 0xC7, 0xE1, 0xE7, 0x70, 0x9C, 0xFF, 0x1C, 0x07, 0x00,
    0x18, 0xE0, 0xB6, 0xE3, 0xCE, 0xE1, 0x1C, 0x07, 0x00, 0x01, 0xCE, 0x71, 0x38, 0x7F, 0xFC, 0xE7, 0xC0, 0x07, 0x38, 0x18, 0xC7, 0x71, 0xE7, 0x70,
    0x9C, 0xFF, 0x1C, 0x07, 0x00, 0x18, 0xE0, 0x9C, 0x73, 0xCE, 0xE1, 0x1C, 0x07, 0x1C, 0xCE, 0x71, 0x38, 0x77, 0x1C, 0xE0, 0x00, 0x01, 0x0F, 0x70,
    0x3C, 0xC7, 0x39, 0xE7, 0x70, 0x9C, 0x03, 0x1C, 0x07, 0x00, 0x18, 0xE0, 0x9C, 0x73, 0xCE, 0xE1, 0xBC, 0x07, 0xFC, 0xCF, 0x71, 0x38, 0xE7, 0x1C,
    0xE7, 0x70, 0x0E, 0xF0, 0x1F, 0xC7, 0x39, 0xE7, 0xF0, 0x9E, 0xE3, 0xBC, 0xE7, 0x00, 0x18, 0xE0, 0x9C, 0xF3, 0xCF, 0xE1, 0xF8, 0x03, 0xF8, 0xC7,
    0x77, 0x38, 0xE7, 0xF8, 0xE3, 0xF0, 0x0F, 0xE0, 0x1F, 0xC7, 0xF9, 0xE7, 0xE0, 0x1F, 0x7F, 0xF8, 0xE7, 0x00, 0x18, 0xE0, 0x88, 0xE3, 0xDD, 0xE1,
    0xF0, 0x01, 0xF0, 0x83, 0x77, 0x38, 0xC7, 0xF1, 0xE1, 0xE0, 0x07, 0x80, 0x07, 0xC7, 0xF1, 0xEE, 0xC0, 0x1D, 0x3E, 0x70, 0xE7, 0x00, 0x2E, 0x1C,
    0x00, 0x30, 0x70, 0x1C, 0x00, 0x30, 0xF0, 0x0F, 0x00, 0x30, 0xE0, 0x07, 0x00, 0xFF, 0x00, 0xFF, 0x00, 0xFF, 0x00, 0xFF, 0x00, 0xFF, 0x00, 0xFF,
    0x00, 0xFF, 0x00, 0xFF, 0x00, 0xFF, 0x00, 0xFF, 0x00, 0xFF, 0x00, 0xFF, 0x00, 0xFF, 0x00, 0xFF, 0x00, 0xFF, 0x00, 0x26, 0x00,
};
}

namespace HEADER_Loading_spa
{
const unsigned char g_ImageData[0xD0] = {
    0x00, 0xA1, 0x3C, 0xC0, 0x07, 0xFF, 0x01, 0x3E, 0xC0, 0x07, 0x07, 0xE7, 0x1F, 0xC0, 0x03, 0x00, 0x03, 0xFF, 0xC0, 0x07, 0xFF, 0x83, 0xFF, 0xC0,
    0x07, 0x0F, 0xE7, 0x7F, 0xF0, 0x0F, 0x00, 0x02, 0x80, 0xFF, 0xC0, 0x07, 0xFF, 0xC7, 0xFF, 0xC0, 0x07, 0x1F, 0xE7, 0x7F, 0xF8, 0x1F, 0x00, 0x02,
    0x80, 0xE3, 0xE1, 0x0E, 0x07, 0xC7, 0xE1, 0xE1, 0x0E, 0x1F, 0xE7, 0xF0, 0x38, 0x1C, 0x00, 0x02, 0xC0, 0xC1, 0xE0, 0x0E, 0x07, 0xE7, 0xC0, 0xE0,
    0x0E, 0x3F, 0xE7, 0xE0, 0x1C, 0x38, 0x00, 0x02, 0xC0, 0x01, 0xE0, 0x0E, 0xFF, 0xE7, 0x00, 0x01, 0xE0, 0x0E, 0x37, 0xE7, 0xE0, 0x1C, 0x38, 0x00,
    0x02, 0xC0, 0x01, 0x70, 0x1C, 0xFF, 0xE3, 0xF8, 0x71, 0x1C, 0x77, 0xE7, 0xE0, 0x1C, 0x38, 0x00, 0x02, 0xC0, 0x01, 0xF0, 0x1F, 0xFF, 0xE0, 0xF8,
    0xF1, 0x1F, 0x67, 0xE7, 0xE0, 0x1C, 0x38, 0x00, 0x02, 0xC0, 0xC1, 0xF0, 0x1F, 0xE7, 0xE1, 0xF8, 0xF1, 0x1F, 0xE7, 0xE7, 0xE0, 0x1C, 0x38, 0x00,
    0x02, 0x80, 0xE3, 0xF9, 0x3F, 0xC7, 0xC3, 0xC1, 0xF9, 0x3F, 0xC7, 0xE7, 0xF0, 0x38, 0x1C, 0x00, 0x02, 0x80, 0xFF, 0x38, 0x38, 0x87, 0xC3, 0xFF,
    0x39, 0x38, 0xC7, 0xE7, 0x7F, 0xF8, 0x1F, 0x00, 0x03, 0xFF, 0x38, 0x38, 0x87, 0x87, 0xFF, 0x38, 0x38, 0x87, 0xE7, 0x7F, 0xF0, 0x0F, 0x00, 0x03,
    0x3C, 0x1C, 0x70, 0x07, 0x0F, 0x3E, 0x1C, 0x70, 0x07, 0xE7, 0x1F, 0xC0, 0x03, 0x00, 0x91, 0x00,
};
}

namespace HEADER_NoDiskImage_ita
{
const unsigned char g_ImageData[0x924] = {
    0x00, 0xFF, 0x00, 0xFF, 0x00, 0xFF, 0x00, 0x2A, 0xE0, 0x00, 0x2E, 0xC0, 0x0F, 0x07, 0xC0, 0x00, 0x04, 0xC0, 0xF1, 0x0F, 0x00, 0x02, 0x18, 0x00,
    0x24, 0xE0, 0x1F, 0x07, 0x80, 0x01, 0x00, 0x03, 0xC0, 0xF9, 0x0F, 0x00, 0x02, 0x1C, 0x00, 0x24, 0xF0, 0x3F, 0x00, 0x07, 0x38, 0x00, 0x03, 0x1C,
    0x00, 0x24, 0x70, 0x38, 0x07, 0xF0, 0x01, 0x8E, 0xC3, 0x87, 0xDB, 0xFD, 0x0E, 0x0F, 0x7C, 0x7E, 0x7C, 0x00, 0x01, 0xC7, 0xB9, 0x07, 0xE0, 0xC3,
    0xED, 0xC6, 0x87, 0x1B, 0x1F, 0x00, 0x18, 0x70, 0x00, 0x01, 0x07, 0xF8, 0x03, 0x8E, 0xE3, 0x8F, 0xDF, 0xFD, 0x8E, 0x1F, 0xFE, 0x7E, 0xFE, 0x00,
    0x01, 0xC7, 0xF9, 0x0F, 0xF0, 0xC7, 0xEF, 0xE7, 0x8F, 0x9F, 0x3F, 0x00, 0x18, 0xF0, 0x07, 0x07, 0x1C, 0x07, 0x8E, 0x73, 0x9C, 0xC7, 0x39, 0xCE,
    0x3B, 0xE3, 0x1C, 0xEF, 0x01, 0xC7, 0x79, 0x0E, 0x38, 0xCE, 0xE3, 0xF1, 0x9E, 0xC7, 0x71, 0x00, 0x18, 0xE0, 0x1F, 0x07, 0x1C, 0x07, 0xDC, 0x71,
    0x9C, 0xC3, 0x39, 0xCE, 0x11, 0xF0, 0x1C, 0xC7, 0x01, 0xC7, 0x39, 0x0E, 0x38, 0xCE, 0xE1, 0x70, 0x9C, 0xC3, 0x71, 0x00, 0x18, 0x80, 0x3F, 0x07,
    0xFC, 0x07, 0xDC, 0xF1, 0x9F, 0xC3, 0x39, 0xCE, 0x01, 0xFC, 0x1C, 0xC7, 0x01, 0xC7, 0x39, 0x0E, 0xF8, 0xCF, 0xE1, 0x70, 0x9C, 0xC3, 0x7F, 0x00,
    0x19, 0x38, 0x07, 0xFC, 0x07, 0xD8, 0xF0, 0x9F, 0xC3, 0x39, 0xCE, 0x01, 0xEE, 0x1C, 0xC7, 0x01, 0xC7, 0x39, 0x0E, 0xF8, 0xCF, 0xE1, 0x70, 0x9C,
    0xC3, 0x7F, 0x00, 0x18, 0x70, 0x38, 0x07, 0x1C, 0x00, 0x01, 0xF8, 0x70, 0x80, 0xC3, 0x39, 0xCE, 0x11, 0xE7, 0x1C, 0xC7, 0x01, 0xC7, 0x39, 0x0E,
    0x38, 0xC0, 0xE1, 0x70, 0x9C, 0xC3, 0x01, 0x00, 0x18, 0xF0, 0x3F, 0x07, 0x1C, 0x07, 0xF8, 0x70, 0x9C, 0xC3, 0x39, 0xCE, 0x3B, 0xE7, 0x1C, 0xEF,
    0x01, 0xE7, 0x39, 0x0E, 0x38, 0xCE, 0xE1, 0xF0, 0x9E, 0xC3, 0x71, 0x0E, 0x00, 0x17, 0xE0, 0x1F, 0x07, 0xF8, 0x03, 0x70, 0xE0, 0x8F, 0xC3, 0x39,
    0x8E, 0x1F, 0xFF, 0x7C, 0xFE, 0x00, 0x01, 0xFF, 0x39, 0x0E, 0xF0, 0xC7, 0xE1, 0xE0, 0x8F, 0x83, 0x3F, 0x0E, 0x00, 0x17, 0xC0, 0x0F, 0x07, 0xF0,
    0x01, 0x70, 0xC0, 0x87, 0xC3, 0x39, 0x0E, 0x0F, 0xDE, 0x79, 0x7C, 0x00, 0x01, 0xDE, 0x39, 0x0E, 0xE0, 0xC3, 0xE1, 0xC0, 0x87, 0x03, 0x1F, 0x0E,
    0x00, 0xFF, 0x00, 0xFF, 0x00, 0xFF, 0x00, 0xFF, 0x00, 0xFF, 0x00, 0xFF, 0x00, 0xFF, 0x00, 0xFF, 0x00, 0xFF, 0x00, 0x4E, 0xF0, 0x0F, 0x00, 0x04,
    0x38, 0xE0, 0x1C, 0x00, 0x03, 0x1C, 0x00, 0x03, 0x80, 0x01, 0x00, 0x01, 0xF0, 0x3F, 0xE0, 0xFC, 0x0F, 0x3C, 0xFC, 0x1F, 0x00, 0x03, 0x30, 0x00,
    0x02, 0x1C, 0x70, 0x0E, 0x00, 0x01, 0xCE, 0x01, 0x00, 0x0B, 0xF0, 0x1F, 0x00, 0x04, 0x38, 0xE0, 0x1C, 0x00, 0x03, 0x1C, 0x00, 0x03, 0xC0, 0x01,
    0x00, 0x01, 0xF0, 0x3F, 0xE0, 0xFC, 0x0F, 0xFF, 0xFC, 0x1F, 0x00, 0x03, 0x38, 0x00, 0x02, 0x1C, 0x70, 0x0E, 0x00, 0x01, 0xCE, 0x01, 0x00, 0x0B,
    0xF0, 0x3F, 0x00, 0x06, 0x1C, 0x00, 0x03, 0x1C, 0x00, 0x03, 0xC0, 0x01, 0x00, 0x01, 0xF0, 0x3F, 0xE0, 0xFC, 0x8F, 0xFF, 0xFC, 0x1F, 0x00, 0x03,
    0x38, 0x00, 0x04, 0x0E, 0x00, 0x01, 0x0E, 0x00, 0x0C, 0x70, 0x38, 0x37, 0x3E, 0xDC, 0xF3, 0x38, 0xE0, 0x1C, 0x70, 0x87, 0xE3, 0x1C, 0x3F, 0xF8,
    0xB8, 0xE7, 0xC7, 0x07, 0x70, 0x00, 0x01, 0xE0, 0x1C, 0x80, 0xE3, 0xC1, 0x01, 0x00, 0x01, 0x1F, 0xFC, 0xFC, 0x6E, 0x7C, 0x1C, 0x70, 0x0E, 0xE0,
    0xCE, 0xF1, 0x83, 0x07, 0x3E, 0x00, 0x08, 0x70, 0x38, 0x3F, 0x7F, 0xFC, 0xFF, 0x39, 0xE0, 0x1C, 0xF0, 0x8F, 0xE3, 0x9C, 0x7F, 0xFC, 0xF9, 0xEF,
    0xE7, 0x0F, 0x70, 0x00, 0x01, 0xE0, 0x1C, 0xC0, 0xC1, 0xC0, 0x01, 0x80, 0x3F, 0xFE, 0xFD, 0x7E, 0xFE, 0x1C, 0x70, 0x0E, 0xF0, 0xCF, 0xF9, 0xC7,
    0x0F, 0x7F, 0x00, 0x08, 0xF0, 0x3F, 0x8F, 0xE3, 0x3C, 0xCF, 0x39, 0xE0, 0x1C, 0xF0, 0x9E, 0xE3, 0x9C, 0x73, 0xC6, 0x79, 0xCE, 0x71, 0x1C, 0xF0,
    0x3F, 0xE0, 0xFC, 0xCF, 0x01, 0xC0, 0x01, 0xC0, 0x71, 0xCE, 0x39, 0x1E, 0xE3, 0x1C, 0x70, 0x0E, 0x78, 0xCF, 0x39, 0xE7, 0x9D, 0xF7, 0x00, 0x08,
    0xF0, 0x1F, 0x87, 0xE3, 0x1C, 0xC7, 0x39, 0xE0, 0x1C, 0x70, 0x9C, 0xE3, 0x9C, 0x07, 0xE0, 0x39, 0xCE, 0x71, 0x1C, 0xF0, 0x3F, 0xE0, 0xFC, 0xCF,
    0x01, 0xC0, 0x01, 0xC0, 0x71, 0x1E, 0x38, 0x0E, 0xF0, 0x1C, 0x70, 0x0E, 0x38, 0xCE, 0x79, 0xE0, 0x88, 0xE3, 0x00, 0x08, 0xF0, 0x0F, 0x87, 0xFF,
    0x1C, 0xC7, 0x39, 0xE0, 0x1C, 0x70, 0x9C, 0xE3, 0x1C, 0x1F, 0xF8, 0x39, 0xCE, 0xF1, 0x1F, 0xF0, 0x3F, 0xE0, 0xFC, 0xCF, 0x01, 0xC0, 0x01, 0xC0,
    0x7F, 0x7C, 0x38, 0x0E, 0xFC, 0x1C, 0x70, 0x0E, 0x38, 0xCE, 0xF1, 0xE1, 0x80, 0xE3, 0x00, 0x08, 0x70, 0x00, 0x01, 0x87, 0xFF, 0x1C, 0xC7, 0x39,
    0xE0, 0x1C, 0x70, 0x9C, 0xE3, 0x1C, 0x3E, 0xDC, 0x39, 0xCE, 0xF1, 0x1F, 0x70, 0x80, 0xE3, 0x1C, 0xC0, 0xC1, 0xC0, 0x01, 0xC0, 0x7F, 0xF8, 0x38,
    0x0E, 0xEE, 0x1C, 0x70, 0x0E, 0x38, 0xCE, 0xE1, 0xE3, 0x80, 0xE3, 0x00, 0x08, 0x70, 0x00, 0x01, 0x87, 0x03, 0x1C, 0xC7, 0x39, 0xE0, 0x1C, 0x70,
    0x9C, 0xE3, 0x1C, 0x78, 0xCE, 0x39, 0xCE, 0x71, 0x00, 0x01, 0x70, 0x80, 0xE3, 0x1C, 0x80, 0xE3, 0xC1, 0x01, 0xC0, 0x01, 0xE0, 0x39, 0x0E, 0xE7,
    0x1C, 0x70, 0x0E, 0x38, 0xCE, 0x81, 0xE7, 0x88, 0xE3, 0x00, 0x08, 0x70, 0x00, 0x01, 0x87, 0xE3, 0x1C, 0xC7, 0x39, 0xE0, 0x1C, 0xF0, 0x9E, 0xF3,
    0x9C, 0x73, 0xCE, 0x39, 0xCE, 0x71, 0x1C, 0xF0, 0xBF, 0xFF, 0xFC, 0x8F, 0xFF, 0xC0, 0x71, 0xC0, 0x71, 0xCE, 0x39, 0x0E, 0xE7, 0x1C, 0x70, 0x0E,
    0x78, 0xCF, 0x39, 0xE7, 0x9D, 0xF7, 0x00, 0x08, 0x70, 0x00, 0x01, 0x07, 0x7F, 0x1C, 0xC7, 0x39, 0xE0, 0x1C, 0xF0, 0x8F, 0xFF, 0x9C, 0x7F, 0xFE,
    0x39, 0xCE, 0xE7, 0x0F, 0xF0, 0x3F, 0x7F, 0xFC, 0x0F, 0xFF, 0xC0, 0x71, 0x80, 0x3F, 0xFE, 0xF9, 0x0E, 0xFF, 0x1C, 0x70, 0x0E, 0xF0, 0xCF, 0xF9,
    0xC7, 0x0F, 0x7F, 0x00, 0x08, 0x70, 0x00, 0x01, 0x07, 0x3E, 0x1C, 0xC7, 0x39, 0xE0, 0x1C, 0x70, 0x07, 0xEF, 0x1C, 0x3F, 0xBC, 0x3B, 0x8E, 0xC7,
    0x07, 0xF0, 0x3F, 0x3E, 0xFC, 0x0F, 0x3C, 0xC0, 0x71, 0x00, 0x01, 0x1F, 0xFC, 0xF0, 0x0E, 0xDE, 0x1D, 0x70, 0x0E, 0xE0, 0xCE, 0xF1, 0x83, 0x07,
    0x3E, 0x00, 0x11, 0x70, 0x00, 0x10, 0x40, 0x00, 0x20, 0x70, 0x00, 0x10, 0x60, 0x00, 0x20, 0x70, 0x00, 0x10, 0x30, 0x00, 0x20, 0x70, 0x00, 0xFF,
    0x00, 0xFF, 0x00, 0xBD, 0x1C, 0x70, 0x00, 0x08, 0xE0, 0x00, 0x02, 0x80, 0x7F, 0x00, 0x09, 0x38, 0x00, 0x02, 0x1C, 0x00, 0x16, 0x1C, 0x70, 0x00,
    0x08, 0xE0, 0x00, 0x02, 0x80, 0xFF, 0x00, 0x09, 0x38, 0x00, 0x02, 0x1C, 0x00, 0x17, 0x70, 0x00, 0x08, 0xE0, 0x00, 0x02, 0x80, 0xFF, 0x01, 0x00,
    0x19, 0xC0, 0x07, 0xE0, 0xC7, 0x1D, 0xF8, 0xC0, 0x9D, 0x7B, 0x1C, 0x70, 0xF8, 0x00, 0x01, 0x3C, 0xF0, 0xE1, 0x1E, 0x7E, 0xF0, 0xE1, 0xF0, 0x01,
    0x80, 0xC3, 0xE1, 0xC3, 0x0D, 0xDC, 0xF3, 0xE0, 0x83, 0x3B, 0xDC, 0x39, 0x7C, 0xB8, 0x1D, 0x00, 0x0D, 0xE0, 0x0F, 0xF0, 0xCF, 0x3F, 0xFC, 0xE1,
    0x9F, 0xFF, 0x1C, 0x70, 0xFC, 0x01, 0x7E, 0xF8, 0xE3, 0x3F, 0xFF, 0xF8, 0xE3, 0xF8, 0x03, 0x80, 0xC3, 0xF1, 0xC7, 0x0F, 0xFC, 0xFF, 0xF1, 0xC7,
    0x3F, 0xFE, 0x39, 0xFE, 0xF8, 0x1D, 0x00, 0x0D, 0x70, 0x1C, 0x70, 0xCE, 0x7B, 0x8E, 0xF3, 0x9E, 0xE7, 0x1C, 0x70, 0xC6, 0x01, 0xEF, 0xBC, 0xE7,
    0x39, 0xE7, 0xBC, 0xE7, 0x1C, 0x07, 0x80, 0xFF, 0x39, 0xCE, 0x03, 0x3C, 0xCF, 0x19, 0xE7, 0x3D, 0xEF, 0x39, 0xEF, 0x79, 0x1C, 0x00, 0x0D, 0x70,
    0x1C, 0xF0, 0xC0, 0x71, 0x8E, 0x73, 0x9C, 0xE3, 0x1C, 0x70, 0xE0, 0x01, 0x47, 0x1C, 0xE7, 0x38, 0x0F, 0x1C, 0xE7, 0x1C, 0x07, 0x80, 0xFF, 0x38,
    0xCE, 0x01, 0x1C, 0xC7, 0x81, 0xE7, 0x38, 0xC7, 0x39, 0xC7, 0x39, 0x1C, 0x00, 0x0D, 0xF0, 0x1F, 0xE0, 0xC3, 0x71, 0xFE, 0x73, 0x9C, 0xE3, 0x1C,
    0x70, 0xF8, 0x01, 0x07, 0x1C, 0xE7, 0x38, 0x3E, 0x1C, 0xE7, 0xFC, 0x07, 0x80, 0x7F, 0xF8, 0xCF, 0x01, 0x1C, 0xC7, 0xE1, 0xE7, 0x38, 0xC7, 0x39,
    0xC7, 0x39, 0x1C, 0x00, 0x0D, 0xF0, 0x1F, 0xC0, 0xC7, 0x71, 0xFE, 0x73, 0x9C, 0xE3, 0x1C, 0x70, 0xDC, 0x01, 0x07, 0x1C, 0xE7, 0x38, 0x7C, 0x1C,
    0xE7, 0xFC, 0x07, 0x80, 0x03, 0xF8, 0xCF, 0x01, 0x1C, 0xC7, 0x71, 0xE7, 0x38, 0xC7, 0x39, 0xC7, 0x39, 0x1C, 0x00, 0x0D, 0x70, 0x00, 0x02, 0xCF,
    0x71, 0x0E, 0x70, 0x9C, 0xE3, 0x1C, 0x70, 0xCE, 0x01, 0x47, 0x1C, 0xE7, 0x38, 0xF0, 0x1C, 0xE7, 0x1C, 0x00, 0x01, 0x80, 0x03, 0x38, 0xC0, 0x01,
    0x1C, 0xC7, 0x39, 0xE7, 0x38, 0xC7, 0x39, 0xC7, 0x39, 0x1C, 0x00, 0x0D, 0x70, 0x1C, 0x70, 0xCE, 0x7B, 0x8E, 0xF3, 0x9E, 0xE3, 0x1C, 0x70, 0xCE,
    0x01, 0xEF, 0xBC, 0xE7, 0x38, 0xE7, 0xBC, 0xE7, 0x1C, 0xE7, 0x80, 0x03, 0x38, 0xCE, 0x01, 0x1C, 0xC7, 0x39, 0xE7, 0x3D, 0xEF, 0x39, 0xEF, 0x39,
    0x1C, 0x00, 0x0D, 0xE0, 0x0F, 0xF0, 0xCF, 0x3F, 0xFC, 0xE1, 0x9F, 0xE3, 0x1C, 0x70, 0xFE, 0x01, 0x7E, 0xF8, 0xE3, 0x38, 0xFF, 0xF8, 0xE3, 0xF8,
    0xE3, 0x80, 0x03, 0xF0, 0xC7, 0x01, 0x1C, 0xC7, 0xF9, 0xC7, 0x3F, 0xFE, 0x39, 0xFE, 0x38, 0x1C, 0x00, 0x0D, 0xC0, 0x07, 0xE0, 0xC7, 0x1D, 0xF8,
    0xC0, 0x9D, 0xE3, 0x1C, 0x70, 0xBC, 0x03, 0x3C, 0xF0, 0xE1, 0x38, 0x7E, 0xF0, 0xE1, 0xF0, 0xE1, 0x80, 0x03, 0xE0, 0xC3, 0x01, 0x1C, 0xC7, 0xF1,
    0x8E, 0x3B, 0xDC, 0x39, 0x7C, 0x38, 0x1C, 0x00, 0x10, 0xC0, 0x01, 0x00, 0x02, 0x1C, 0x00, 0x17, 0x38, 0xC0, 0x01, 0x00, 0x13, 0xC0, 0x01, 0x00,
    0x01, 0x70, 0x1C, 0x00, 0x16, 0xE0, 0x38, 0xC7, 0x01, 0x00, 0x13, 0xC0, 0x01, 0x00, 0x01, 0xF0, 0x0F, 0x00, 0x16, 0xE0, 0x1F, 0xFF, 0x00, 0x14,
    0xC0, 0x01, 0x00, 0x01, 0xE0, 0x07, 0x00, 0x16, 0xC0, 0x0F, 0x7E, 0x00, 0xFF, 0x00, 0xFF, 0x00, 0x9D, 0x70, 0x00, 0x01, 0xE0, 0x03, 0x00, 0x06,
    0x07, 0x00, 0x02, 0x38, 0x00, 0x07, 0x80, 0x63, 0x00, 0x02, 0xCE, 0x01, 0x00, 0x07, 0x38, 0x00, 0x02, 0xC0, 0x39, 0x00, 0x0B, 0x70, 0x00, 0x01,
    0xF0, 0x03, 0x00, 0x06, 0x07, 0x00, 0x02, 0x38, 0x00, 0x07, 0x80, 0x73, 0x00, 0x02, 0xCE, 0x01, 0x00, 0x07, 0x38, 0x00, 0x02, 0xC0, 0x39, 0x00,
    0x0D, 0x70, 0x00, 0x12, 0x80, 0x73, 0x00, 0x02, 0xC0, 0x01, 0x00, 0x07, 0x38, 0x00, 0x02, 0xC0, 0x01, 0x00, 0x0B, 0x70, 0xEE, 0xF9, 0xF1, 0xE1,
    0x76, 0xCF, 0x83, 0x8F, 0x3F, 0x87, 0x0F, 0xF7, 0x38, 0x00, 0x01, 0xF0, 0xC0, 0x87, 0x7B, 0xF8, 0x71, 0x9C, 0xFB, 0xF1, 0x01, 0xCE, 0x01, 0xF7,
    0x3C, 0xF8, 0xB8, 0xC7, 0x71, 0xF8, 0x38, 0x7C, 0x00, 0x01, 0xDC, 0x39, 0x00, 0x0B, 0x70, 0xFE, 0xFB, 0xF9, 0xE3, 0xF7, 0xFF, 0xC7, 0x9F, 0x3F,
    0xC7, 0x1F, 0xFF, 0x39, 0x00, 0x01, 0xF8, 0xE1, 0x8F, 0xFF, 0xFC, 0x73, 0x9C, 0xFB, 0xF9, 0x03, 0xCE, 0x01, 0xFF, 0x7F, 0xFC, 0xF9, 0xCF, 0x71,
    0xFC, 0x39, 0xFE, 0x00, 0x01, 0xFE, 0x39, 0x00, 0x0B, 0x70, 0x9E, 0x73, 0xBC, 0xE7, 0xF1, 0x3C, 0x67, 0x1C, 0x38, 0xE7, 0x3D, 0xCF, 0x39, 0x00,
    0x01, 0xBC, 0xF3, 0x9E, 0xE7, 0x9C, 0x73, 0x9C, 0x73, 0x8C, 0x03, 0xCE, 0x01, 0xCF, 0x73, 0xC6, 0x79, 0xCE, 0x71, 0xC6, 0x39, 0xC7, 0x01, 0xEF,
    0x39, 0x00, 0x0B, 0x70, 0x8E, 0x73, 0x1C, 0xE7, 0x70, 0x1C, 0x07, 0x1E, 0x1C, 0xE7, 0x38, 0xC7, 0x39, 0x00, 0x01, 0x1C, 0x71, 0x9C, 0xE3, 0x3C,
    0x70, 0x9C, 0x73, 0xC0, 0x03, 0xCE, 0x01, 0xC7, 0x71, 0xE0, 0x39, 0xCE, 0x71, 0xE0, 0x39, 0xC7, 0x01, 0xC7, 0x39, 0x00, 0x0B, 0x70, 0x8E, 0x73,
    0x1C, 0xE7, 0x70, 0x1C, 0x87, 0x1F, 0x0E, 0xE7, 0x38, 0xC7, 0x39, 0x00, 0x01, 0x1C, 0x70, 0x9C, 0xE3, 0xF8, 0x70, 0x9C, 0x73, 0xF0, 0x03, 0xCE,
    0x01, 0xC7, 0x71, 0xF8, 0x39, 0xCE, 0x71, 0xF8, 0x39, 0xFF, 0x01, 0xC7, 0x39, 0x00, 0x0B, 0x70, 0x8E, 0x73, 0x1C, 0xE7, 0x70, 0x1C, 0xC7, 0x1D,
    0x0E, 0xE7, 0x38, 0xC7, 0x39, 0x00, 0x01, 0x1C, 0x70, 0x9C, 0xE3, 0xF0, 0x71, 0x9C, 0x73, 0xB8, 0x03, 0xCE, 0x01, 0xC7, 0x71, 0xDC, 0x39, 0xCE,
    0x71, 0xDC, 0x39, 0xFF, 0x01, 0xC7, 0x39, 0x00, 0x0B, 0x70, 0x8E, 0x73, 0x1C, 0xE7, 0x70, 0x1C, 0xE7, 0x1C, 0x07, 0xE7, 0x38, 0xC7, 0x39, 0x00,
    0x01, 0x1C, 0x71, 0x9C, 0xE3, 0xC0, 0x73, 0x9C, 0x73, 0x9C, 0x03, 0xCE, 0x01, 0xC7, 0x71, 0xCE, 0x39, 0xCE, 0x71, 0xCE, 0x39, 0x07, 0x00, 0x01,
    0xC7, 0x39, 0x00, 0x0B, 0x70, 0x8E, 0x73, 0xBC, 0xE7, 0x70, 0x1C, 0xE7, 0x9C, 0x03, 0xE7, 0x3D, 0xC7, 0x39, 0x07, 0xBC, 0xF3, 0x9E, 0xE3, 0x9C,
    0x73, 0x9E, 0x73, 0x9C, 0x03, 0xCE, 0x01, 0xC7, 0x71, 0xCE, 0x39, 0xCE, 0x79, 0xCE, 0x39, 0xC7, 0x01, 0xEF, 0x39, 0x00, 0x0B, 0x70, 0x8E, 0x73,
    0xF8, 0xE3, 0x70, 0x1C, 0xE7, 0x9F, 0x3F, 0xC7, 0x1F, 0xC7, 0x39, 0x07, 0xF8, 0xE1, 0x8F, 0xE3, 0xFC, 0xF3, 0x9F, 0xF3, 0xFD, 0x03, 0xCE, 0x01,
    0xC7, 0x71, 0xFE, 0x39, 0xCE, 0x7F, 0xFE, 0x39, 0xFE, 0x00, 0x01, 0xFE, 0x39, 0x00, 0x0B, 0x70, 0x8E, 0x73, 0xF0, 0xE1, 0x70, 0x1C, 0xC7, 0xBB,
    0x3F, 0x87, 0x0F, 0xC7, 0x39, 0x07, 0xF0, 0xC0, 0x87, 0xE3, 0xF8, 0xE1, 0x9D, 0xE3, 0x79, 0x07, 0xCE, 0x01, 0xC7, 0x71, 0xBC, 0x3B, 0x8E, 0x77,
    0xBC, 0x3B, 0x7C, 0x00, 0x01, 0xDC, 0x39, 0x00, 0x19, 0x04, 0x00, 0x31, 0x06, 0x00, 0x31, 0x03, 0x00, 0xFF, 0x00, 0xFF, 0x00, 0xE1, 0x70, 0x00,
    0x01, 0x30, 0x00, 0x03, 0x70, 0x00, 0x02, 0x80, 0x03, 0x80, 0x03, 0x80, 0x73, 0x00, 0x08, 0xE0, 0x00, 0x02, 0x0E, 0x87, 0x3B, 0x07, 0x00, 0x14,
    0x70, 0x00, 0x01, 0x38, 0x00, 0x03, 0x70, 0x00, 0x02, 0x80, 0x03, 0x80, 0x03, 0x80, 0x73, 0x00, 0x08, 0xE0, 0x00, 0x02, 0x0E, 0x87, 0x3B, 0x07,
    0x00, 0x16, 0x38, 0x00, 0x08, 0x80, 0x03, 0x80, 0x73, 0x00, 0x08, 0xE0, 0x00, 0x02, 0x8E, 0x8F, 0x03, 0x00, 0x15, 0x70, 0xFC, 0xFC, 0x6E, 0xC7,
    0xF9, 0x73, 0xF8, 0x70, 0x8F, 0x03, 0xB8, 0xC3, 0x87, 0x73, 0xF8, 0x00, 0x01, 0x3C, 0xF0, 0xE1, 0x1E, 0x7E, 0xF0, 0xE1, 0xF0, 0x01, 0x9C, 0xCD,
    0x39, 0x07, 0x00, 0x14, 0x70, 0xFE, 0xFD, 0x7E, 0xC7, 0xF9, 0x73, 0xFC, 0xF1, 0x9F, 0x03, 0xFC, 0xE3, 0x8F, 0x73, 0xFC, 0x01, 0x7E, 0xF8, 0xE3,
    0x3F, 0xFF, 0xF8, 0xE3, 0xF8, 0x03, 0x9C, 0xCD, 0x39, 0x07, 0x00, 0x14, 0x70, 0xCE, 0x39, 0x1E, 0xC7, 0x81, 0x73, 0xDE, 0xF3, 0x9C, 0x03, 0xDE,
    0x73, 0x9C, 0x73, 0xC6, 0x01, 0xEF, 0xBC, 0xE7, 0x39, 0xE7, 0xBC, 0xE7, 0x1C, 0x07, 0xDC, 0xDD, 0x39, 0x07, 0x00, 0x14, 0x70, 0x1E, 0x38, 0x0E,
    0xC7, 0xC1, 0x71, 0x8E, 0x73, 0x9C, 0x03, 0x8E, 0x73, 0x9C, 0x73, 0xE0, 0x01, 0x47, 0x1C, 0xE7, 0x38, 0x0F, 0x1C, 0xE7, 0x1C, 0x07, 0xDC, 0xDD,
    0x39, 0x07, 0x00, 0x14, 0x70, 0x7C, 0x38, 0x0E, 0xC7, 0xE1, 0x70, 0x8E, 0x73, 0x9C, 0x03, 0x8E, 0xF3, 0x9F, 0x73, 0xF8, 0x01, 0x07, 0x1C, 0xE7,
    0x38, 0x3E, 0x1C, 0xE7, 0xFC, 0x07, 0xDC, 0xD8, 0x39, 0x07, 0x00, 0x14, 0x70, 0xF8, 0x38, 0x0E, 0xC7, 0xE1, 0x70, 0x8E, 0x73, 0x9C, 0x03, 0x8E,
    0xF3, 0x9F, 0x73, 0xDC, 0x01, 0x07, 0x1C, 0xE7, 0x38, 0x7C, 0x1C, 0xE7, 0xFC, 0x07, 0xDC, 0xD8, 0x39, 0x07, 0x00, 0x14, 0x70, 0xE0, 0x39, 0x0E,
    0xC7, 0x71, 0x70, 0x8E, 0x73, 0x9C, 0x03, 0x8E, 0x73, 0x80, 0x73, 0xCE, 0x01, 0x47, 0x1C, 0xE7, 0x38, 0xF0, 0x1C, 0xE7, 0x1C, 0x00, 0x01, 0xF8,
    0xF8, 0x38, 0x07, 0x00, 0x14, 0x70, 0xCE, 0x39, 0x0E, 0xE7, 0x39, 0x70, 0xDE, 0x73, 0x9C, 0x03, 0xDE, 0x73, 0x9C, 0x73, 0xCE, 0x01, 0xEF, 0xBC,
    0xE7, 0x38, 0xE7, 0xBC, 0xE7, 0x1C, 0x07, 0xF8, 0xF8, 0x38, 0xE7, 0x00, 0x14, 0x70, 0xFE, 0xF9, 0x0E, 0xFF, 0xF9, 0x73, 0xFC, 0x71, 0x9C, 0x03,
    0xFC, 0xE3, 0x8F, 0x73, 0xFE, 0x01, 0x7E, 0xF8, 0xE3, 0x38, 0xFF, 0xF8, 0xE3, 0xF8, 0x03, 0x78, 0xF0, 0x38, 0xE7, 0x00, 0x14, 0x70, 0xFC, 0xF0,
    0x0E, 0xDE, 0xF9, 0x73, 0xF8, 0x70, 0x9C, 0x03, 0xB8, 0xC3, 0x87, 0x73, 0xBC, 0x03, 0x3C, 0xF0, 0xE1, 0x38, 0x7E, 0xF0, 0xE1, 0xF0, 0x01, 0x78,
    0xF0, 0x38, 0xE7, 0x00, 0xFF, 0x00, 0xFF, 0x00, 0xFF, 0x00, 0xFA, 0x00,
};
}

namespace HEADER_FatalErrorImage_ita
{
const unsigned char g_ImageData[0x34A] = {
    0x00, 0xFF, 0x00, 0xFF, 0x00, 0xFF, 0x00, 0xFF, 0x00, 0xFF, 0x00, 0xFF, 0x00, 0xFF, 0x00, 0xFF, 0x00, 0xFF, 0x00, 0xFF, 0x00, 0xFF, 0x00, 0xFF,
    0x00, 0xFF, 0x00, 0xFF, 0x00, 0xEA, 0xE0, 0x00, 0x05, 0x0E, 0x00, 0x02, 0x1C, 0x70, 0x0E, 0x00, 0x01, 0xCE, 0x01, 0x00, 0x04, 0xE0, 0x1C, 0x00,
    0x1D, 0xE0, 0x00, 0x05, 0x0E, 0x00, 0x02, 0x1C, 0x70, 0x0E, 0x00, 0x01, 0xCE, 0x01, 0x00, 0x04, 0xE0, 0x1C, 0x00, 0x1D, 0xE0, 0x00, 0x0A, 0x0E,
    0x00, 0x01, 0x0E, 0x00, 0x05, 0xE0, 0x00, 0x1E, 0xE0, 0xDC, 0xC3, 0x0F, 0x3E, 0xDC, 0x8E, 0x1F, 0x3C, 0x1C, 0x70, 0x0E, 0xE0, 0xCE, 0xF1, 0x83,
    0x07, 0x3E, 0x00, 0x01, 0xEE, 0x1C, 0x00, 0x1D, 0xE0, 0xFC, 0xE7, 0x1F, 0x7F, 0xFC, 0xCE, 0x3F, 0x7E, 0x1C, 0x70, 0x0E, 0xF0, 0xCF, 0xF9, 0xC7,
    0x0F, 0x7F, 0x00, 0x01, 0xFF, 0x1C, 0x00, 0x1D, 0xE0, 0x3C, 0xE7, 0x9C, 0xE3, 0x3C, 0xCE, 0x39, 0xEF, 0x1C, 0x70, 0x0E, 0x78, 0xCF, 0x39, 0xE7,
    0x9D, 0xF7, 0x80, 0xF7, 0x1C, 0x00, 0x1D, 0xE0, 0x1C, 0xE7, 0x81, 0xE3, 0x1C, 0xCE, 0x03, 0x47, 0x1C, 0x70, 0x0E, 0x38, 0xCE, 0x79, 0xE0, 0x88,
    0xE3, 0x80, 0xE3, 0x1C, 0x00, 0x1D, 0xE0, 0x1C, 0xC7, 0x87, 0xFF, 0x1C, 0x8E, 0x0F, 0x07, 0x1C, 0x70, 0x0E, 0x38, 0xCE, 0xF1, 0xE1, 0x80, 0xE3,
    0x80, 0xE3, 0x1C, 0x00, 0x1D, 0xE0, 0x1C, 0x87, 0x8F, 0xFF, 0x1C, 0x0E, 0x1F, 0x07, 0x1C, 0x70, 0x0E, 0x38, 0xCE, 0xE1, 0xE3, 0x80, 0xE3, 0x80,
    0xE3, 0x1C, 0x00, 0x1D, 0xE0, 0x1C, 0x07, 0x9E, 0x03, 0x1C, 0x0E, 0x3C, 0x47, 0x1C, 0x70, 0x0E, 0x38, 0xCE, 0x81, 0xE7, 0x88, 0xE3, 0x80, 0xE3,
    0x1C, 0x00, 0x1D, 0xE0, 0x1C, 0xE7, 0x9C, 0xE3, 0x1C, 0xCE, 0x39, 0xEF, 0x1C, 0x70, 0x0E, 0x78, 0xCF, 0x39, 0xE7, 0x9D, 0xF7, 0x80, 0xF7, 0x1C,
    0x00, 0x1D, 0xE0, 0x1C, 0xE7, 0x1F, 0x7F, 0x1C, 0xCE, 0x3F, 0x7E, 0x1C, 0x70, 0x0E, 0xF0, 0xCF, 0xF9, 0xC7, 0x0F, 0x7F, 0x00, 0x01, 0xFF, 0x1C,
    0x00, 0x1D, 0xE0, 0x1C, 0xC7, 0x0F, 0x3E, 0x1C, 0x8E, 0x1F, 0x3C, 0x1C, 0x70, 0x0E, 0xE0, 0xCE, 0xF1, 0x83, 0x07, 0x3E, 0x00, 0x01, 0xEE, 0x1C,
    0x00, 0xFF, 0x00, 0xFF, 0x00, 0xFF, 0x00, 0x72, 0xE0, 0xC1, 0x03, 0x00, 0x01, 0xE0, 0x00, 0x02, 0xF0, 0x83, 0x01, 0x38, 0x07, 0x00, 0x04, 0x80,
    0x07, 0x07, 0x00, 0x06, 0x07, 0xFC, 0x07, 0x00, 0x02, 0x30, 0x0E, 0x00, 0x01, 0xC0, 0x39, 0x00, 0x0F, 0xE0, 0xC1, 0x03, 0x00, 0x01, 0xE0, 0x00,
    0x02, 0xF8, 0xC7, 0x01, 0x38, 0x07, 0x00, 0x04, 0xE0, 0x1F, 0x07, 0x00, 0x06, 0x07, 0xFC, 0x07, 0x00, 0x02, 0x38, 0x0E, 0x00, 0x01, 0xC0, 0x39,
    0x00, 0x0F, 0xE0, 0xE3, 0x03, 0x00, 0x04, 0xFC, 0xCF, 0x01, 0x00, 0x01, 0x07, 0x00, 0x04, 0xF0, 0x1F, 0x07, 0x00, 0x06, 0x07, 0xFC, 0x07, 0x00,
    0x02, 0x38, 0x0E, 0x00, 0x01, 0xC0, 0x39, 0x00, 0x0F, 0xE0, 0xE3, 0xC3, 0xC7, 0xED, 0xF0, 0x01, 0x1C, 0xEE, 0x77, 0x3B, 0xC7, 0xF1, 0xE1, 0xE6,
    0x07, 0x70, 0x3C, 0xF7, 0xE0, 0xE3, 0xC6, 0x1D, 0x3E, 0x70, 0x07, 0x1C, 0x80, 0x0F, 0x7C, 0xFC, 0xEE, 0xC0, 0xC7, 0x39, 0x00, 0x0F, 0xE0, 0xE3,
    0xE3, 0xCF, 0xEF, 0xF8, 0x03, 0x1C, 0xE0, 0xF7, 0x3B, 0xE7, 0xF8, 0xE3, 0xF7, 0x0F, 0x38, 0x18, 0xFF, 0xF1, 0xE7, 0xE7, 0x1F, 0x7F, 0xF8, 0x07,
    0x1C, 0xC0, 0x1F, 0xFE, 0xFC, 0xFE, 0xE1, 0xCF, 0x39, 0x00, 0x0F, 0xE0, 0xB6, 0x33, 0xCE, 0xE3, 0xBC, 0x07, 0xFC, 0xC1, 0xF1, 0x38, 0x77, 0x1C,
    0xE7, 0x71, 0x0E, 0x38, 0x00, 0x01, 0xCF, 0x19, 0xE7, 0xF1, 0x9E, 0xE3, 0xBC, 0x07, 0xFC, 0xE3, 0x3D, 0xEF, 0x39, 0xDE, 0x33, 0xCE, 0x39, 0x00,
    0x0F, 0xE0, 0xB6, 0x03, 0xCF, 0xE1, 0x1C, 0x07, 0xF8, 0xC7, 0x71, 0x38, 0x3F, 0x1C, 0xE7, 0xF0, 0x00, 0x01, 0x38, 0x00, 0x01, 0xC7, 0x81, 0xE7,
    0x70, 0x9C, 0xE3, 0x1C, 0x07, 0xFC, 0xE3, 0x38, 0xC7, 0x39, 0x8E, 0x03, 0xCF, 0x39, 0x00, 0x0F, 0xE0, 0xB6, 0xC3, 0xCF, 0xE1, 0x1C, 0x07, 0xE0,
    0xCF, 0x71, 0x38, 0x3F, 0xFC, 0xE7, 0xE0, 0x03, 0x38, 0x00, 0x01, 0xC7, 0xE1, 0xE7, 0x70, 0x9C, 0xFF, 0x1C, 0x07, 0xFC, 0xE3, 0x38, 0xC7, 0x39,
    0x8E, 0xC3, 0xCF, 0x39, 0x00, 0x0F, 0xE0, 0xB6, 0xE3, 0xCE, 0xE1, 0x1C, 0x07, 0x00, 0x01, 0xCE, 0x71, 0x38, 0x7F, 0xFC, 0xE7, 0xC0, 0x07, 0x38,
    0x18, 0xC7, 0x71, 0xE7, 0x70, 0x9C, 0xFF, 0x1C, 0x07, 0x1C, 0xE0, 0x38, 0xC7, 0x39, 0x8E, 0xE3, 0xCE, 0x39, 0x00, 0x0F, 0xE0, 0x9C, 0x73, 0xCE,
    0xE1, 0x1C, 0x07, 0x1C, 0xCE, 0x71, 0x38, 0x77, 0x1C, 0xE0, 0x00, 0x01, 0x0F, 0x70, 0x3C, 0xC7, 0x39, 0xE7, 0x70, 0x9C, 0x03, 0x1C, 0x07, 0x1C,
    0xE0, 0x38, 0xC7, 0x39, 0x8E, 0x73, 0xCE, 0x39, 0x00, 0x0F, 0xE0, 0x9C, 0x73, 0xCE, 0xE1, 0xBC, 0x07, 0xFC, 0xCF, 0x71, 0x38, 0xE7, 0x1C, 0xE7,
    0x70, 0x0E, 0xF0, 0x1F, 0xC7, 0x39, 0xE7, 0xF0, 0x9E, 0xE3, 0xBC, 0x07, 0x1C, 0xE0, 0x3D, 0xEF, 0x39, 0xDE, 0x73, 0xCE, 0x39, 0x07, 0x00, 0x0E,
    0xE0, 0x9C, 0xF3, 0xCF, 0xE1, 0xF8, 0x03, 0xF8, 0xC7, 0x77, 0x38, 0xE7, 0xF8, 0xE3, 0xF0, 0x0F, 0xE0, 0x1F, 0xC7, 0xF9, 0xE7, 0xE0, 0x1F, 0x7F,
    0xF8, 0x07, 0x1C, 0xC0, 0x1F, 0xFE, 0xF8, 0xFE, 0xF1, 0xCF, 0x39, 0x07, 0x00, 0x0E, 0xE0, 0x88, 0xE3, 0xDD, 0xE1, 0xF0, 0x01, 0xF0, 0x83, 0x77,
    0x38, 0xC7, 0xF1, 0xE1, 0xE0, 0x07, 0x80, 0x07, 0xC7, 0xF1, 0xEE, 0xC0, 0x1D, 0x3E, 0x70, 0x07, 0x1C, 0x80, 0x0F, 0x7C, 0xF0, 0xEE, 0xE0, 0xDD,
    0x39, 0x07, 0x00, 0x24, 0x1C, 0x00, 0x30, 0x70, 0x1C, 0x00, 0x30, 0xF0, 0x0F, 0x00, 0x30, 0xE0, 0x07, 0x00, 0xFF, 0x00, 0xFF, 0x00, 0xFF, 0x00,
    0xFF, 0x00, 0xFF, 0x00, 0xFF, 0x00, 0xFF, 0x00, 0xFF, 0x00, 0xFF, 0x00, 0xFF, 0x00, 0xFF, 0x00, 0xFF, 0x00, 0xFF, 0x00, 0xFF, 0x00, 0xFF, 0x00,
    0x2F, 0x00,
};
}

namespace HEADER_WrongDiskImage_ita
{
const unsigned char g_ImageData[0x610] = {
    0x00, 0xFF, 0x00, 0xFF, 0x00, 0xFF, 0x00, 0xFF, 0x00, 0xFF, 0x00, 0xFF, 0x00, 0xFF, 0x00, 0xFF, 0x00, 0xFF, 0x00, 0xFF, 0x00, 0x05, 0x0E, 0x00,
    0x07, 0xCE, 0x01, 0xCE, 0x01, 0x00, 0x01, 0x38, 0x00, 0x08, 0x38, 0x07, 0x00, 0x01, 0xE7, 0x00, 0x18, 0x0E, 0x00, 0x07, 0xCE, 0x01, 0xCE, 0x01,
    0x00, 0x01, 0x38, 0x00, 0x08, 0x38, 0x07, 0x00, 0x01, 0xE7, 0x00, 0x18, 0x0E, 0x00, 0x07, 0xC0, 0x01, 0xC0, 0x01, 0x00, 0x01, 0x38, 0x00, 0x09,
    0x07, 0x00, 0x01, 0x07, 0x00, 0x18, 0xCE, 0x3D, 0x8F, 0x3B, 0xF0, 0xC1, 0x0F, 0x3F, 0xCE, 0x1D, 0xCE, 0xE1, 0x03, 0x38, 0x7C, 0xE0, 0x0E, 0x77,
    0xF8, 0x70, 0xE3, 0x03, 0x38, 0x07, 0x70, 0xE7, 0xF8, 0xC1, 0x03, 0x1F, 0x00, 0x14, 0xCE, 0xFF, 0x9F, 0x7F, 0xF8, 0xE3, 0x9F, 0x7F, 0xCE, 0x3F,
    0xCE, 0xF1, 0x07, 0x38, 0xFE, 0xF0, 0x8F, 0x7F, 0xFC, 0xF1, 0xF3, 0x07, 0x38, 0x07, 0xF8, 0xE7, 0xFC, 0xE3, 0x87, 0x3F, 0x00, 0x14, 0xCE, 0xF3,
    0x9C, 0xF7, 0xBC, 0xE7, 0x9C, 0x73, 0xCE, 0x7B, 0xCE, 0x39, 0x0E, 0x38, 0xC7, 0x79, 0xCF, 0x7B, 0x8E, 0xF3, 0x38, 0x0E, 0x38, 0x07, 0xBC, 0xE7,
    0x9C, 0xF3, 0xCE, 0x7B, 0x00, 0x14, 0xCE, 0x71, 0x9C, 0xE3, 0x1C, 0xE7, 0x81, 0x07, 0xCE, 0x71, 0xCE, 0x39, 0x0E, 0x38, 0xC7, 0x39, 0xCE, 0x71,
    0x8E, 0x73, 0x38, 0x0E, 0x38, 0x07, 0x1C, 0xE7, 0x3C, 0x70, 0xC4, 0x71, 0x00, 0x14, 0xCE, 0x71, 0x9C, 0xE3, 0x1C, 0xC7, 0x07, 0x1F, 0xCE, 0x71,
    0xCE, 0xF9, 0x0F, 0x38, 0xFF, 0x39, 0xCE, 0x71, 0xFE, 0x73, 0xF8, 0x0F, 0x38, 0x07, 0x1C, 0xE7, 0xF8, 0x70, 0xC0, 0x71, 0x00, 0x14, 0xCE, 0x71,
    0x9C, 0xE3, 0x1C, 0x87, 0x0F, 0x3E, 0xCE, 0x71, 0xCE, 0xF9, 0x0F, 0x38, 0xFF, 0x39, 0xCE, 0x71, 0xFE, 0x73, 0xF8, 0x0F, 0x38, 0x07, 0x1C, 0xE7,
    0xF0, 0x71, 0xC0, 0x71, 0x00, 0x14, 0xCE, 0x71, 0x9C, 0xE3, 0x1C, 0x07, 0x1E, 0x78, 0xCE, 0x71, 0xCE, 0x39, 0x00, 0x01, 0x38, 0x07, 0x38, 0xCE,
    0x71, 0x0E, 0x70, 0x38, 0x00, 0x01, 0x38, 0x07, 0x1C, 0xE7, 0xC0, 0x73, 0xC4, 0x71, 0x00, 0x14, 0xCE, 0x71, 0x9C, 0xF7, 0xBC, 0xE7, 0x9C, 0x73,
    0xCE, 0x7B, 0xCE, 0x39, 0x0E, 0x38, 0xC7, 0x79, 0xCF, 0x7B, 0x8E, 0x73, 0x38, 0x0E, 0x38, 0x07, 0xBC, 0xE7, 0x9C, 0xF3, 0xCE, 0x7B, 0x0E, 0x00,
    0x13, 0xCE, 0x71, 0x9C, 0x7F, 0xF8, 0xE3, 0x9F, 0x7F, 0xCE, 0x3F, 0xCE, 0xF1, 0x07, 0x38, 0xFE, 0xF0, 0x8F, 0x7F, 0xFC, 0x71, 0xF0, 0x07, 0x38,
    0x07, 0xF8, 0xE7, 0xFC, 0xE3, 0x87, 0x3F, 0x0E, 0x00, 0x13, 0xCE, 0x71, 0x9C, 0x3B, 0xF0, 0xC1, 0x0F, 0x3F, 0xCE, 0x1D, 0xCE, 0xE1, 0x03, 0x38,
    0x7C, 0xE0, 0x0E, 0x77, 0xF8, 0x70, 0xE0, 0x03, 0x38, 0x07, 0x70, 0xE7, 0xF8, 0xC1, 0x03, 0x1F, 0x0E, 0x00, 0x15, 0x80, 0x03, 0x00, 0x0C, 0x0E,
    0x70, 0x00, 0x22, 0x80, 0x03, 0x00, 0x0B, 0x38, 0xCE, 0x71, 0x00, 0x22, 0x80, 0x03, 0x00, 0x0B, 0xF8, 0xC7, 0x3F, 0x00, 0x22, 0x80, 0x03, 0x00,
    0x0B, 0xF0, 0x83, 0x1F, 0x00, 0xFF, 0x00, 0xFF, 0x00, 0xAC, 0xFE, 0x01, 0x00, 0x08, 0xE0, 0x00, 0x02, 0x70, 0xC0, 0x01, 0x80, 0x0F, 0x00, 0x06,
    0x1C, 0x00, 0x02, 0xE0, 0x00, 0x16, 0xFE, 0x03, 0x00, 0x08, 0xE0, 0x00, 0x02, 0x70, 0xC0, 0x01, 0xC0, 0x0F, 0x00, 0x06, 0x1C, 0x00, 0x02, 0xE0,
    0x00, 0x16, 0xFE, 0x07, 0x00, 0x0E, 0xC0, 0x01, 0x00, 0x20, 0x0E, 0x87, 0x0F, 0x37, 0x70, 0xCF, 0x83, 0x0F, 0xEE, 0x70, 0xE7, 0xF0, 0xE1, 0x76,
    0xC0, 0xB9, 0xE7, 0xC7, 0x87, 0xDB, 0x3D, 0x0F, 0x3E, 0xFE, 0x1C, 0x3E, 0xDC, 0xE3, 0x00, 0x16, 0x0E, 0xC7, 0x1F, 0x3F, 0xF0, 0xFF, 0xC7, 0x1F,
    0xFF, 0xF8, 0xE7, 0xF8, 0xE3, 0x77, 0xC0, 0xF9, 0xEF, 0xE7, 0x8F, 0xDF, 0xFF, 0x1F, 0x7F, 0xFE, 0x1C, 0x7F, 0xFC, 0xE7, 0x00, 0x16, 0xFE, 0xE7,
    0x38, 0x0F, 0xF0, 0x3C, 0x67, 0x9C, 0xF7, 0xBC, 0xE7, 0xBC, 0xE7, 0x71, 0xC0, 0x79, 0xCE, 0xF1, 0x9E, 0xC7, 0xF3, 0x9C, 0x71, 0xE0, 0x9C, 0xF7,
    0x3C, 0xE7, 0x00, 0x16, 0xFE, 0xE3, 0x38, 0x07, 0x70, 0x1C, 0x07, 0x9E, 0xE3, 0x1C, 0xE7, 0x1C, 0xE7, 0x70, 0xC0, 0x39, 0xCE, 0x71, 0x9C, 0xC3,
    0x71, 0x1C, 0x78, 0x70, 0x9C, 0xE3, 0x1C, 0xE7, 0x00, 0x16, 0xFE, 0xE1, 0x3F, 0x07, 0x70, 0x1C, 0x87, 0x9F, 0xE3, 0x1C, 0xE7, 0x1C, 0xE7, 0x70,
    0xC0, 0x39, 0xCE, 0x71, 0x9C, 0xC3, 0x71, 0x1C, 0x7E, 0x38, 0x9C, 0xE3, 0x1C, 0xE7, 0x00, 0x16, 0x0E, 0xE0, 0x3F, 0x07, 0x70, 0x1C, 0xC7, 0x9D,
    0xE3, 0x1C, 0xE7, 0x1C, 0xE7, 0x70, 0xC0, 0x39, 0xCE, 0x71, 0x9C, 0xC3, 0x71, 0x1C, 0x77, 0x38, 0x9C, 0xE3, 0x1C, 0xE7, 0x00, 0x16, 0x0E, 0xE0,
    0x00, 0x01, 0x07, 0x70, 0x1C, 0xE7, 0x9C, 0xE3, 0x1C, 0xE7, 0x1C, 0xE7, 0x70, 0xC0, 0x39, 0xCE, 0x71, 0x9C, 0xC3, 0x71, 0x9C, 0x73, 0x1C, 0x9C,
    0xE3, 0x1C, 0xE7, 0x00, 0x16, 0x0E, 0xE0, 0x38, 0x07, 0x70, 0x1C, 0xE7, 0x9C, 0xF7, 0xBC, 0xE7, 0xBC, 0xE7, 0x70, 0xC0, 0x39, 0xCE, 0xF1, 0x9E,
    0xC3, 0x71, 0x9C, 0x73, 0x0E, 0x9C, 0xF7, 0x1C, 0xE7, 0x1C, 0x00, 0x15, 0x0E, 0xC0, 0x1F, 0x07, 0x70, 0x1C, 0xE7, 0x1F, 0xFF, 0xF8, 0xE7, 0xF8,
    0xE3, 0x70, 0xC0, 0x39, 0xCE, 0xE1, 0x8F, 0xC3, 0x71, 0x9C, 0x7F, 0xFE, 0x1C, 0x7F, 0x1C, 0xE7, 0x1C, 0x00, 0x15, 0x0E, 0x80, 0x0F, 0x07, 0x70,
    0x1C, 0xC7, 0x3B, 0xEE, 0x70, 0xE7, 0xF0, 0xE1, 0x70, 0xC0, 0x39, 0xCE, 0xC1, 0x87, 0xC3, 0x71, 0x1C, 0xEF, 0xFE, 0x1C, 0x3E, 0x1C, 0xE7, 0x1C,
    0x00, 0x1D, 0xE0, 0x00, 0x01, 0x07, 0x00, 0x11, 0x10, 0x00, 0x1C, 0x80, 0xE3, 0x1C, 0x07, 0x00, 0x11, 0x18, 0x00, 0x1C, 0x80, 0x7F, 0xFC, 0x03,
    0x00, 0x11, 0x0C, 0x00, 0x1D, 0x3F, 0xF8, 0x01, 0x00, 0xFF, 0x00, 0xFF, 0x00, 0xB9, 0xC0, 0x31, 0x00, 0x02, 0xE7, 0x00, 0x08, 0x1C, 0x00, 0x02,
    0xE0, 0x1C, 0x70, 0x00, 0x01, 0x30, 0x00, 0x03, 0x70, 0x00, 0x02, 0x80, 0x03, 0x80, 0x03, 0x80, 0x73, 0x00, 0x11, 0xC0, 0x39, 0x00, 0x02, 0xE7,
    0x00, 0x08, 0x1C, 0x00, 0x02, 0xE0, 0x1C, 0x70, 0x00, 0x01, 0x38, 0x00, 0x03, 0x70, 0x00, 0x02, 0x80, 0x03, 0x80, 0x03, 0x80, 0x73, 0x00, 0x11,
    0xC0, 0x39, 0x00, 0x02, 0xE0, 0x00, 0x08, 0x1C, 0x00, 0x02, 0xE0, 0x00, 0x03, 0x38, 0x00, 0x08, 0x80, 0x03, 0x80, 0x73, 0x00, 0x0B, 0x78, 0xE0,
    0xC3, 0x3D, 0xFC, 0x38, 0xCE, 0xFD, 0xF8, 0x00, 0x01, 0xE7, 0x80, 0x7B, 0x1E, 0x7C, 0xDC, 0xE3, 0x38, 0x7C, 0x1C, 0x3E, 0x00, 0x01, 0xEE, 0x1C,
    0x70, 0xFC, 0xFC, 0x6E, 0xC7, 0xF9, 0x73, 0xF8, 0x70, 0x8F, 0x03, 0xB8, 0xC3, 0x87, 0x73, 0xF8, 0x00, 0x0A, 0xFC, 0xF0, 0xC7, 0x7F, 0xFE, 0x39,
    0xCE, 0xFD, 0xFC, 0x01, 0xE7, 0x80, 0xFF, 0x3F, 0xFE, 0xFC, 0xE7, 0x38, 0xFE, 0x1C, 0x7F, 0x00, 0x01, 0xFF, 0x1C, 0x70, 0xFE, 0xFD, 0x7E, 0xC7,
    0xF9, 0x73, 0xFC, 0xF1, 0x9F, 0x03, 0xFC, 0xE3, 0x8F, 0x73, 0xFC, 0x01, 0x00, 0x09, 0xDE, 0x79, 0xCF, 0x73, 0xCE, 0x39, 0xCE, 0x39, 0xC6, 0x01,
    0xE7, 0x80, 0xE7, 0x39, 0xE3, 0x3C, 0xE7, 0x38, 0xE3, 0x9C, 0xE3, 0x80, 0xF7, 0x1C, 0x70, 0xCE, 0x39, 0x1E, 0xC7, 0x81, 0x73, 0xDE, 0xF3, 0x9C,
    0x03, 0xDE, 0x73, 0x9C, 0x73, 0xC6, 0x01, 0x00, 0x09, 0x8E, 0x38, 0xCE, 0x71, 0x1E, 0x38, 0xCE, 0x39, 0xE0, 0x01, 0xE7, 0x80, 0xE3, 0x38, 0xF0,
    0x1C, 0xE7, 0x38, 0xF0, 0x9C, 0xE3, 0x80, 0xE3, 0x1C, 0x70, 0x1E, 0x38, 0x0E, 0xC7, 0xC1, 0x71, 0x8E, 0x73, 0x9C, 0x03, 0x8E, 0x73, 0x9C, 0x73,
    0xE0, 0x01, 0x00, 0x09, 0x0E, 0x38, 0xCE, 0x71, 0x7C, 0x38, 0xCE, 0x39, 0xF8, 0x01, 0xE7, 0x80, 0xE3, 0x38, 0xFC, 0x1C, 0xE7, 0x38, 0xFC, 0x9C,
    0xFF, 0x80, 0xE3, 0x1C, 0x70, 0x7C, 0x38, 0x0E, 0xC7, 0xE1, 0x70, 0x8E, 0x73, 0x9C, 0x03, 0x8E, 0xF3, 0x9F, 0x73, 0xF8, 0x01, 0x00, 0x09, 0x0E,
    0x38, 0xCE, 0x71, 0xF8, 0x38, 0xCE, 0x39, 0xDC, 0x01, 0xE7, 0x80, 0xE3, 0x38, 0xEE, 0x1C, 0xE7, 0x38, 0xEE, 0x9C, 0xFF, 0x80, 0xE3, 0x1C, 0x70,
    0xF8, 0x38, 0x0E, 0xC7, 0xE1, 0x70, 0x8E, 0x73, 0x9C, 0x03, 0x8E, 0xF3, 0x9F, 0x73, 0xDC, 0x01, 0x00, 0x09, 0x8E, 0x38, 0xCE, 0x71, 0xE0, 0x39,
    0xCE, 0x39, 0xCE, 0x01, 0xE7, 0x80, 0xE3, 0x38, 0xE7, 0x1C, 0xE7, 0x38, 0xE7, 0x9C, 0x03, 0x80, 0xE3, 0x1C, 0x70, 0xE0, 0x39, 0x0E, 0xC7, 0x71,
    0x70, 0x8E, 0x73, 0x9C, 0x03, 0x8E, 0x73, 0x80, 0x73, 0xCE, 0x01, 0x00, 0x09, 0xDE, 0x79, 0xCF, 0x71, 0xCE, 0x39, 0xCF, 0x39, 0xCE, 0x01, 0xE7,
    0x80, 0xE3, 0x38, 0xE7, 0x1C, 0xE7, 0x3C, 0xE7, 0x9C, 0xE3, 0x80, 0xF7, 0x1C, 0x70, 0xCE, 0x39, 0x0E, 0xE7, 0x39, 0x70, 0xDE, 0x73, 0x9C, 0x03,
    0xDE, 0x73, 0x9C, 0x73, 0xCE, 0x01, 0x00, 0x09, 0xFC, 0xF0, 0xC7, 0x71, 0xFE, 0xF9, 0xCF, 0xF9, 0xFE, 0x01, 0xE7, 0x80, 0xE3, 0x38, 0xFF, 0x1C,
    0xE7, 0x3F, 0xFF, 0x1C, 0x7F, 0x00, 0x01, 0xFF, 0x1C, 0x70, 0xFE, 0xF9, 0x0E, 0xFF, 0xF9, 0x73, 0xFC, 0x71, 0x9C, 0x03, 0xFC, 0xE3, 0x8F, 0x73,
    0xFE, 0x01, 0x00, 0x09, 0x78, 0xE0, 0xC3, 0x71, 0xFC, 0xF0, 0xCE, 0xF1, 0xBC, 0x03, 0xE7, 0x80, 0xE3, 0x38, 0xDE, 0x1D, 0xC7, 0x3B, 0xDE, 0x1D,
    0x3E, 0x00, 0x01, 0xEE, 0x1C, 0x70, 0xFC, 0xF0, 0x0E, 0xDE, 0xF9, 0x73, 0xF8, 0x70, 0x9C, 0x03, 0xB8, 0xC3, 0x87, 0x73, 0xBC, 0x03, 0x00, 0xFF,
    0x00, 0xFF, 0x00, 0xFF, 0x00, 0x64, 0xC0, 0x01, 0x00, 0x01, 0x1C, 0x0E, 0x77, 0x0E, 0x00, 0x2B, 0xC0, 0x01, 0x00, 0x01, 0x1C, 0x0E, 0x77, 0x0E,
    0x00, 0x2B, 0xC0, 0x01, 0x00, 0x01, 0x1C, 0x1F, 0x07, 0x00, 0x26, 0x78, 0xE0, 0xC3, 0x3D, 0xFC, 0xE0, 0xC3, 0xE1, 0x03, 0x38, 0x9B, 0x73, 0x0E,
    0x00, 0x25, 0xFC, 0xF0, 0xC7, 0x7F, 0xFE, 0xF1, 0xC7, 0xF1, 0x07, 0x38, 0x9B, 0x73, 0x0E, 0x00, 0x25, 0xDE, 0x79, 0xCF, 0x73, 0xCE, 0x79, 0xCF,
    0x39, 0x0E, 0xB8, 0xBB, 0x73, 0x0E, 0x00, 0x25, 0x8E, 0x38, 0xCE, 0x71, 0x1E, 0x38, 0xCE, 0x39, 0x0E, 0xB8, 0xBB, 0x73, 0x0E, 0x00, 0x25, 0x0E,
    0x38, 0xCE, 0x71, 0x7C, 0x38, 0xCE, 0xF9, 0x0F, 0xB8, 0xB1, 0x73, 0x0E, 0x00, 0x25, 0x0E, 0x38, 0xCE, 0x71, 0xF8, 0x38, 0xCE, 0xF9, 0x0F, 0xB8,
    0xB1, 0x73, 0x0E, 0x00, 0x25, 0x8E, 0x38, 0xCE, 0x71, 0xE0, 0x39, 0xCE, 0x39, 0x00, 0x01, 0xF0, 0xF1, 0x71, 0x0E, 0x00, 0x25, 0xDE, 0x79, 0xCF,
    0x71, 0xCE, 0x79, 0xCF, 0x39, 0x0E, 0xF0, 0xF1, 0x71, 0xCE, 0x01, 0x00, 0x24, 0xFC, 0xF0, 0xC7, 0x71, 0xFE, 0xF1, 0xC7, 0xF1, 0x07, 0xF0, 0xE0,
    0x71, 0xCE, 0x01, 0x00, 0x24, 0x78, 0xE0, 0xC3, 0x71, 0xFC, 0xE0, 0xC3, 0xE1, 0x03, 0xF0, 0xE0, 0x71, 0xCE, 0x01, 0x00, 0xFF, 0x00, 0xFF, 0x00,
    0xFF, 0x00, 0xFF, 0x00, 0xFF, 0x00, 0xFF, 0x00, 0xFF, 0x00, 0xFF, 0x00, 0xFF, 0x00, 0x23, 0x00,
};
}

namespace HEADER_RetryImage_ita
{
const unsigned char g_ImageData[0x34A] = {
    0x00, 0xFF, 0x00, 0xFF, 0x00, 0xFF, 0x00, 0xFF, 0x00, 0xFF, 0x00, 0xFF, 0x00, 0xFF, 0x00, 0xFF, 0x00, 0xFF, 0x00, 0xFF, 0x00, 0xFF, 0x00, 0xFF,
    0x00, 0xFF, 0x00, 0xFF, 0x00, 0xEA, 0xE0, 0x00, 0x05, 0x0E, 0x00, 0x02, 0x1C, 0x70, 0x0E, 0x00, 0x01, 0xCE, 0x01, 0x00, 0x04, 0xE0, 0x1C, 0x00,
    0x1D, 0xE0, 0x00, 0x05, 0x0E, 0x00, 0x02, 0x1C, 0x70, 0x0E, 0x00, 0x01, 0xCE, 0x01, 0x00, 0x04, 0xE0, 0x1C, 0x00, 0x1D, 0xE0, 0x00, 0x0A, 0x0E,
    0x00, 0x01, 0x0E, 0x00, 0x05, 0xE0, 0x00, 0x1E, 0xE0, 0xDC, 0xC3, 0x0F, 0x3E, 0xDC, 0x8E, 0x1F, 0x3C, 0x1C, 0x70, 0x0E, 0xE0, 0xCE, 0xF1, 0x83,
    0x07, 0x3E, 0x00, 0x01, 0xEE, 0x1C, 0x00, 0x1D, 0xE0, 0xFC, 0xE7, 0x1F, 0x7F, 0xFC, 0xCE, 0x3F, 0x7E, 0x1C, 0x70, 0x0E, 0xF0, 0xCF, 0xF9, 0xC7,
    0x0F, 0x7F, 0x00, 0x01, 0xFF, 0x1C, 0x00, 0x1D, 0xE0, 0x3C, 0xE7, 0x9C, 0xE3, 0x3C, 0xCE, 0x39, 0xEF, 0x1C, 0x70, 0x0E, 0x78, 0xCF, 0x39, 0xE7,
    0x9D, 0xF7, 0x80, 0xF7, 0x1C, 0x00, 0x1D, 0xE0, 0x1C, 0xE7, 0x81, 0xE3, 0x1C, 0xCE, 0x03, 0x47, 0x1C, 0x70, 0x0E, 0x38, 0xCE, 0x79, 0xE0, 0x88,
    0xE3, 0x80, 0xE3, 0x1C, 0x00, 0x1D, 0xE0, 0x1C, 0xC7, 0x87, 0xFF, 0x1C, 0x8E, 0x0F, 0x07, 0x1C, 0x70, 0x0E, 0x38, 0xCE, 0xF1, 0xE1, 0x80, 0xE3,
    0x80, 0xE3, 0x1C, 0x00, 0x1D, 0xE0, 0x1C, 0x87, 0x8F, 0xFF, 0x1C, 0x0E, 0x1F, 0x07, 0x1C, 0x70, 0x0E, 0x38, 0xCE, 0xE1, 0xE3, 0x80, 0xE3, 0x80,
    0xE3, 0x1C, 0x00, 0x1D, 0xE0, 0x1C, 0x07, 0x9E, 0x03, 0x1C, 0x0E, 0x3C, 0x47, 0x1C, 0x70, 0x0E, 0x38, 0xCE, 0x81, 0xE7, 0x88, 0xE3, 0x80, 0xE3,
    0x1C, 0x00, 0x1D, 0xE0, 0x1C, 0xE7, 0x9C, 0xE3, 0x1C, 0xCE, 0x39, 0xEF, 0x1C, 0x70, 0x0E, 0x78, 0xCF, 0x39, 0xE7, 0x9D, 0xF7, 0x80, 0xF7, 0x1C,
    0x00, 0x1D, 0xE0, 0x1C, 0xE7, 0x1F, 0x7F, 0x1C, 0xCE, 0x3F, 0x7E, 0x1C, 0x70, 0x0E, 0xF0, 0xCF, 0xF9, 0xC7, 0x0F, 0x7F, 0x00, 0x01, 0xFF, 0x1C,
    0x00, 0x1D, 0xE0, 0x1C, 0xC7, 0x0F, 0x3E, 0x1C, 0x8E, 0x1F, 0x3C, 0x1C, 0x70, 0x0E, 0xE0, 0xCE, 0xF1, 0x83, 0x07, 0x3E, 0x00, 0x01, 0xEE, 0x1C,
    0x00, 0xFF, 0x00, 0xFF, 0x00, 0xFF, 0x00, 0x72, 0xE0, 0xC1, 0x03, 0x00, 0x01, 0xE0, 0x00, 0x02, 0xF0, 0x83, 0x01, 0x38, 0x07, 0x00, 0x04, 0x80,
    0x07, 0x07, 0x00, 0x06, 0x07, 0xFC, 0x07, 0x00, 0x02, 0x30, 0x0E, 0x00, 0x01, 0xC0, 0x39, 0x00, 0x0F, 0xE0, 0xC1, 0x03, 0x00, 0x01, 0xE0, 0x00,
    0x02, 0xF8, 0xC7, 0x01, 0x38, 0x07, 0x00, 0x04, 0xE0, 0x1F, 0x07, 0x00, 0x06, 0x07, 0xFC, 0x07, 0x00, 0x02, 0x38, 0x0E, 0x00, 0x01, 0xC0, 0x39,
    0x00, 0x0F, 0xE0, 0xE3, 0x03, 0x00, 0x04, 0xFC, 0xCF, 0x01, 0x00, 0x01, 0x07, 0x00, 0x04, 0xF0, 0x1F, 0x07, 0x00, 0x06, 0x07, 0xFC, 0x07, 0x00,
    0x02, 0x38, 0x0E, 0x00, 0x01, 0xC0, 0x39, 0x00, 0x0F, 0xE0, 0xE3, 0xC3, 0xC7, 0xED, 0xF0, 0x01, 0x1C, 0xEE, 0x77, 0x3B, 0xC7, 0xF1, 0xE1, 0xE6,
    0x07, 0x70, 0x3C, 0xF7, 0xE0, 0xE3, 0xC6, 0x1D, 0x3E, 0x70, 0x07, 0x1C, 0x80, 0x0F, 0x7C, 0xFC, 0xEE, 0xC0, 0xC7, 0x39, 0x00, 0x0F, 0xE0, 0xE3,
    0xE3, 0xCF, 0xEF, 0xF8, 0x03, 0x1C, 0xE0, 0xF7, 0x3B, 0xE7, 0xF8, 0xE3, 0xF7, 0x0F, 0x38, 0x18, 0xFF, 0xF1, 0xE7, 0xE7, 0x1F, 0x7F, 0xF8, 0x07,
    0x1C, 0xC0, 0x1F, 0xFE, 0xFC, 0xFE, 0xE1, 0xCF, 0x39, 0x00, 0x0F, 0xE0, 0xB6, 0x33, 0xCE, 0xE3, 0xBC, 0x07, 0xFC, 0xC1, 0xF1, 0x38, 0x77, 0x1C,
    0xE7, 0x71, 0x0E, 0x38, 0x00, 0x01, 0xCF, 0x19, 0xE7, 0xF1, 0x9E, 0xE3, 0xBC, 0x07, 0xFC, 0xE3, 0x3D, 0xEF, 0x39, 0xDE, 0x33, 0xCE, 0x39, 0x00,
    0x0F, 0xE0, 0xB6, 0x03, 0xCF, 0xE1, 0x1C, 0x07, 0xF8, 0xC7, 0x71, 0x38, 0x3F, 0x1C, 0xE7, 0xF0, 0x00, 0x01, 0x38, 0x00, 0x01, 0xC7, 0x81, 0xE7,
    0x70, 0x9C, 0xE3, 0x1C, 0x07, 0xFC, 0xE3, 0x38, 0xC7, 0x39, 0x8E, 0x03, 0xCF, 0x39, 0x00, 0x0F, 0xE0, 0xB6, 0xC3, 0xCF, 0xE1, 0x1C, 0x07, 0xE0,
    0xCF, 0x71, 0x38, 0x3F, 0xFC, 0xE7, 0xE0, 0x03, 0x38, 0x00, 0x01, 0xC7, 0xE1, 0xE7, 0x70, 0x9C, 0xFF, 0x1C, 0x07, 0xFC, 0xE3, 0x38, 0xC7, 0x39,
    0x8E, 0xC3, 0xCF, 0x39, 0x00, 0x0F, 0xE0, 0xB6, 0xE3, 0xCE, 0xE1, 0x1C, 0x07, 0x00, 0x01, 0xCE, 0x71, 0x38, 0x7F, 0xFC, 0xE7, 0xC0, 0x07, 0x38,
    0x18, 0xC7, 0x71, 0xE7, 0x70, 0x9C, 0xFF, 0x1C, 0x07, 0x1C, 0xE0, 0x38, 0xC7, 0x39, 0x8E, 0xE3, 0xCE, 0x39, 0x00, 0x0F, 0xE0, 0x9C, 0x73, 0xCE,
    0xE1, 0x1C, 0x07, 0x1C, 0xCE, 0x71, 0x38, 0x77, 0x1C, 0xE0, 0x00, 0x01, 0x0F, 0x70, 0x3C, 0xC7, 0x39, 0xE7, 0x70, 0x9C, 0x03, 0x1C, 0x07, 0x1C,
    0xE0, 0x38, 0xC7, 0x39, 0x8E, 0x73, 0xCE, 0x39, 0x00, 0x0F, 0xE0, 0x9C, 0x73, 0xCE, 0xE1, 0xBC, 0x07, 0xFC, 0xCF, 0x71, 0x38, 0xE7, 0x1C, 0xE7,
    0x70, 0x0E, 0xF0, 0x1F, 0xC7, 0x39, 0xE7, 0xF0, 0x9E, 0xE3, 0xBC, 0x07, 0x1C, 0xE0, 0x3D, 0xEF, 0x39, 0xDE, 0x73, 0xCE, 0x39, 0x07, 0x00, 0x0E,
    0xE0, 0x9C, 0xF3, 0xCF, 0xE1, 0xF8, 0x03, 0xF8, 0xC7, 0x77, 0x38, 0xE7, 0xF8, 0xE3, 0xF0, 0x0F, 0xE0, 0x1F, 0xC7, 0xF9, 0xE7, 0xE0, 0x1F, 0x7F,
    0xF8, 0x07, 0x1C, 0xC0, 0x1F, 0xFE, 0xF8, 0xFE, 0xF1, 0xCF, 0x39, 0x07, 0x00, 0x0E, 0xE0, 0x88, 0xE3, 0xDD, 0xE1, 0xF0, 0x01, 0xF0, 0x83, 0x77,
    0x38, 0xC7, 0xF1, 0xE1, 0xE0, 0x07, 0x80, 0x07, 0xC7, 0xF1, 0xEE, 0xC0, 0x1D, 0x3E, 0x70, 0x07, 0x1C, 0x80, 0x0F, 0x7C, 0xF0, 0xEE, 0xE0, 0xDD,
    0x39, 0x07, 0x00, 0x24, 0x1C, 0x00, 0x30, 0x70, 0x1C, 0x00, 0x30, 0xF0, 0x0F, 0x00, 0x30, 0xE0, 0x07, 0x00, 0xFF, 0x00, 0xFF, 0x00, 0xFF, 0x00,
    0xFF, 0x00, 0xFF, 0x00, 0xFF, 0x00, 0xFF, 0x00, 0xFF, 0x00, 0xFF, 0x00, 0xFF, 0x00, 0xFF, 0x00, 0xFF, 0x00, 0xFF, 0x00, 0xFF, 0x00, 0xFF, 0x00,
    0x2F, 0x00,
};
}

namespace HEADER_Loading_ita
{
const unsigned char g_ImageData[0x101] = {
    0x00, 0xFF, 0x00, 0x4F, 0xC0, 0x03, 0x7C, 0xF0, 0x1F, 0x0E, 0x3C, 0xC0, 0x07, 0x0F, 0x9E, 0xFF, 0x39, 0xB8, 0xFF, 0x83, 0x07, 0x00, 0x13, 0xF0,
    0x0F, 0x7C, 0xF0, 0x3F, 0x0E, 0xFF, 0xC0, 0x07, 0x0F, 0x9E, 0xFF, 0x79, 0xB8, 0xFF, 0xE3, 0x1F, 0x00, 0x13, 0xF8, 0x0F, 0x7C, 0xF0, 0x7F, 0x8E,
    0xFF, 0xC0, 0x07, 0x1F, 0x9F, 0xFF, 0xF9, 0xB8, 0xFF, 0xF3, 0x3F, 0x00, 0x13, 0x38, 0x1E, 0xEE, 0x70, 0x70, 0x8E, 0xE3, 0xE1, 0x0E, 0x1F, 0x9F,
    0x03, 0xF8, 0x38, 0x38, 0x70, 0x38, 0x00, 0x13, 0x1C, 0x0C, 0xEE, 0x70, 0x70, 0xCE, 0xC1, 0xE0, 0x0E, 0x1F, 0x9F, 0x03, 0xF8, 0x39, 0x38, 0x38,
    0x70, 0x00, 0x13, 0x1C, 0x00, 0x01, 0xEE, 0xF0, 0x7F, 0xCE, 0x01, 0xE0, 0x0E, 0xB7, 0x9D, 0xFF, 0xB9, 0x39, 0x38, 0x38, 0x70, 0x00, 0x13, 0x1C,
    0x00, 0x01, 0xC7, 0xF1, 0x3F, 0xCE, 0x01, 0x70, 0x1C, 0xB7, 0x9D, 0xFF, 0xB9, 0x3B, 0x38, 0x38, 0x70, 0x00, 0x13, 0x1C, 0x00, 0x01, 0xFF, 0xF1,
    0x0F, 0xCE, 0x01, 0xF0, 0x1F, 0xB7, 0x9D, 0xFF, 0x39, 0x3B, 0x38, 0x38, 0x70, 0x00, 0x13, 0x1C, 0x0C, 0xFF, 0x71, 0x1E, 0xCE, 0xC1, 0xF0, 0x1F,
    0xB7, 0x9D, 0x03, 0x38, 0x3F, 0x38, 0x38, 0x70, 0x00, 0x13, 0x38, 0x9E, 0xFF, 0x73, 0x3C, 0x8E, 0xE3, 0xF9, 0x3F, 0xE7, 0x9C, 0x03, 0x38, 0x3E,
    0x38, 0x70, 0x38, 0x00, 0x13, 0xF8, 0x8F, 0x83, 0x73, 0x38, 0x8E, 0xFF, 0x38, 0x38, 0xE7, 0x9C, 0xFF, 0x39, 0x3E, 0x38, 0xF0, 0x3F, 0x00, 0x13,
    0xF0, 0x8F, 0x83, 0x73, 0x78, 0x0E, 0xFF, 0x38, 0x38, 0xE7, 0x9C, 0xFF, 0x39, 0x3C, 0x38, 0xE0, 0x1F, 0x00, 0x13, 0xC0, 0xC3, 0x01, 0x77, 0xF0,
    0x0E, 0x3C, 0x1C, 0x70, 0x47, 0x9C, 0xFF, 0x39, 0x38, 0x38, 0x80, 0x07, 0x00, 0xFF, 0x00, 0x71, 0x00,
};
}

namespace HEADER_NoDiskImage_uke
{
const unsigned char g_ImageData[0x88F] = {
    0x00, 0xFF, 0x00, 0xFF, 0x00, 0xFF, 0x00, 0x57, 0xF0, 0x01, 0x00, 0x07, 0xC0, 0x01, 0x00, 0x0C, 0x38, 0x00, 0x1A, 0xF0, 0x01, 0x00, 0x07, 0xC0,
    0x01, 0x00, 0x0C, 0x38, 0x00, 0x1A, 0xF0, 0x01, 0x00, 0x07, 0xC0, 0x01, 0x00, 0x0C, 0x38, 0x00, 0x1A, 0xB8, 0xC3, 0x3D, 0x00, 0x01, 0x1F, 0x6E,
    0x37, 0x3E, 0xDC, 0xC0, 0x3D, 0xF8, 0xF0, 0x03, 0xF0, 0x81, 0x07, 0x1E, 0x8E, 0x73, 0xBB, 0xF1, 0x81, 0x3B, 0x00, 0x1A, 0xB8, 0xC3, 0x7F, 0x80,
    0x3F, 0x7E, 0x3F, 0x7F, 0xFC, 0xC0, 0x7F, 0xFC, 0xF9, 0x07, 0xF8, 0xC3, 0x0F, 0x3F, 0x8E, 0xF3, 0xFB, 0xF9, 0xC3, 0x3F, 0x00, 0x1A, 0xB8, 0xC3,
    0x73, 0xC0, 0x71, 0x1E, 0x8F, 0xF7, 0x3C, 0xC0, 0x73, 0xC6, 0x39, 0x07, 0xBC, 0xE7, 0x9D, 0x77, 0x8E, 0xF3, 0x78, 0x1C, 0xE7, 0x3D, 0x00, 0x1A,
    0x1C, 0xC7, 0x71, 0xC0, 0x71, 0x0E, 0x87, 0xE3, 0x1C, 0xC0, 0x71, 0xE0, 0x79, 0x00, 0x01, 0x1C, 0xE7, 0x88, 0x23, 0x8E, 0x73, 0x38, 0x1C, 0xE7,
    0x38, 0x00, 0x1A, 0xFC, 0xC7, 0x71, 0xC0, 0x7F, 0x0E, 0x87, 0xE3, 0x1C, 0xC0, 0x71, 0xF8, 0xF1, 0x01, 0x1C, 0xE7, 0x80, 0x03, 0x8E, 0x73, 0x38,
    0xFC, 0xE7, 0x38, 0x00, 0x1A, 0xFC, 0xC7, 0x71, 0xC0, 0x7F, 0x0E, 0x87, 0xE3, 0x1C, 0xC0, 0x71, 0xDC, 0xE1, 0x03, 0x1C, 0xE7, 0x80, 0x03, 0x8E,
    0x73, 0x38, 0xFC, 0xE7, 0x38, 0x00, 0x1A, 0xFE, 0xCF, 0x71, 0xC0, 0x01, 0x0E, 0x87, 0xE3, 0x1C, 0xC0, 0x71, 0xCE, 0x81, 0x07, 0x1C, 0xE7, 0x88,
    0x23, 0x8E, 0x73, 0x38, 0x1C, 0xE0, 0x38, 0x00, 0x1A, 0x0E, 0xCE, 0x71, 0xC0, 0x71, 0x0E, 0x87, 0xF7, 0x1C, 0xC0, 0x71, 0xCE, 0x39, 0x07, 0xBC,
    0xE7, 0x9D, 0x77, 0xCE, 0x73, 0x38, 0x1C, 0xE7, 0x3D, 0x07, 0x00, 0x19, 0x0E, 0xCE, 0x71, 0x80, 0x3F, 0x0E, 0x07, 0x7F, 0x1C, 0xC0, 0x71, 0xFE,
    0xF9, 0x07, 0xF8, 0xC3, 0x0F, 0x3F, 0xFE, 0x73, 0x38, 0xF8, 0xC3, 0x3F, 0x07, 0x00, 0x19, 0x07, 0xDC, 0x71, 0x00, 0x01, 0x1F, 0x0E, 0x07, 0x3E,
    0x1C, 0xC0, 0x71, 0xBC, 0xF3, 0x03, 0xF0, 0x81, 0x07, 0x1E, 0xBC, 0x73, 0x38, 0xF0, 0x81, 0x3B, 0x07, 0x00, 0xFF, 0x00, 0xFF, 0x00, 0xFF, 0x00,
    0xFF, 0x00, 0xFF, 0x00, 0xFF, 0x00, 0xFF, 0x00, 0xFF, 0x00, 0xFF, 0x00, 0x50, 0xFE, 0x01, 0x00, 0x05, 0xC6, 0x01, 0x00, 0x02, 0xFE, 0xE7, 0x00,
    0x03, 0x03, 0xFC, 0x07, 0x00, 0x01, 0x18, 0x06, 0x00, 0x0D, 0xE3, 0x00, 0x0E, 0xFE, 0x03, 0x00, 0x05, 0xC7, 0x01, 0x00, 0x02, 0xFE, 0xE7, 0x00,
    0x02, 0x80, 0x03, 0xFC, 0x0F, 0x00, 0x01, 0x1C, 0x07, 0x00, 0x0C, 0x80, 0xE3, 0x00, 0x0E, 0xFE, 0x07, 0x00, 0x05, 0xC7, 0x01, 0x00, 0x02, 0xFE,
    0x07, 0x00, 0x02, 0x80, 0x03, 0xFC, 0x1F, 0x00, 0x01, 0x1C, 0x07, 0x00, 0x0C, 0x80, 0xE3, 0x00, 0x0E, 0x0E, 0xE7, 0xC6, 0x07, 0x3F, 0xFC, 0x80,
    0xDF, 0x3D, 0xF8, 0x00, 0x01, 0x0E, 0xE0, 0xF0, 0x81, 0xC7, 0x0F, 0x1C, 0x9C, 0xE3, 0xFE, 0x1F, 0x1F, 0xEE, 0x01, 0xC0, 0x8D, 0x0F, 0xF7, 0x3C,
    0xF8, 0x70, 0x1C, 0x3E, 0xC0, 0xEF, 0x1E, 0x7C, 0x00, 0x0C, 0x0E, 0xE7, 0xE7, 0x8F, 0x7F, 0xFE, 0x81, 0xDF, 0x7F, 0xFC, 0x01, 0x0E, 0xE0, 0xF8,
    0xC3, 0xCF, 0x0F, 0x1C, 0x9C, 0xE3, 0xFE, 0x9F, 0x3F, 0xFE, 0x03, 0xC0, 0xCF, 0x1F, 0xFF, 0x7F, 0xFC, 0x71, 0x1C, 0x7F, 0xC0, 0xEF, 0x3F, 0xFE,
    0x00, 0x0C, 0xFE, 0xE7, 0x71, 0x9C, 0x73, 0xCE, 0x01, 0xC7, 0x73, 0x8E, 0x03, 0xFE, 0xE7, 0x1C, 0xE7, 0x9D, 0x03, 0xFC, 0x8F, 0xE3, 0x1C, 0xC7,
    0x7B, 0x9E, 0x03, 0xC0, 0xE3, 0x38, 0xCF, 0x73, 0xDE, 0x73, 0x9C, 0xE3, 0x80, 0xE3, 0x39, 0xC7, 0x01, 0x00, 0x0B, 0xFE, 0xE3, 0x70, 0x9C, 0x07,
    0x1E, 0x00, 0x01, 0xC7, 0x71, 0x8E, 0x03, 0xFE, 0xE7, 0x1C, 0xE7, 0x88, 0x03, 0xFC, 0x87, 0xE3, 0x1C, 0xC7, 0x71, 0x8E, 0x03, 0xC0, 0xE1, 0x38,
    0xC7, 0x71, 0x8E, 0xE3, 0x8E, 0xE3, 0x80, 0xE3, 0x38, 0xC7, 0x01, 0x00, 0x0B, 0xFE, 0xE1, 0xF0, 0x1F, 0x1F, 0x7C, 0x00, 0x01, 0xC7, 0x71, 0xFE,
    0x03, 0xFE, 0xE7, 0xFC, 0xE7, 0x80, 0x03, 0xFC, 0x8F, 0xE3, 0x1C, 0xC7, 0x71, 0x8E, 0x03, 0xC0, 0xE1, 0x3F, 0xC7, 0x71, 0x8E, 0xE3, 0x8E, 0xFF,
    0x80, 0xE3, 0x38, 0xFF, 0x01, 0x00, 0x0B, 0x0E, 0xE0, 0xF0, 0x1F, 0x3E, 0xF8, 0x00, 0x01, 0xC7, 0x71, 0xFE, 0x03, 0x0E, 0xE0, 0xFC, 0xE7, 0x80,
    0x03, 0x1C, 0x9C, 0xE3, 0x1C, 0xC7, 0x71, 0x8E, 0x03, 0xC0, 0xE1, 0x3F, 0xC7, 0x71, 0x8E, 0xC3, 0x86, 0xFF, 0x80, 0xE3, 0x38, 0xFF, 0x01, 0x00,
    0x0B, 0x0E, 0xE0, 0x70, 0x00, 0x01, 0x78, 0xE0, 0x01, 0xC7, 0x71, 0x0E, 0x00, 0x01, 0x0E, 0xE0, 0x1C, 0xE0, 0x88, 0x03, 0x1C, 0x9C, 0xE3, 0x1C,
    0xC7, 0x71, 0x8E, 0x03, 0xC0, 0xE1, 0x00, 0x01, 0xC7, 0x71, 0x8E, 0xC3, 0x87, 0x03, 0x80, 0xE3, 0x38, 0x07, 0x00, 0x0C, 0x0E, 0xE0, 0x70, 0x9C,
    0x73, 0xCE, 0x01, 0xC7, 0x71, 0x8E, 0x03, 0xFE, 0xE7, 0x1C, 0xE7, 0x9D, 0x03, 0xFC, 0x9F, 0xF3, 0x1C, 0xC7, 0x7B, 0x8E, 0x73, 0xC0, 0xE1, 0x38,
    0xC7, 0x71, 0xDE, 0xC3, 0x87, 0xE3, 0x80, 0xE3, 0x38, 0xC7, 0x01, 0x00, 0x0B, 0x0E, 0xE0, 0xE0, 0x8F, 0x7F, 0xFE, 0x01, 0xDF, 0x71, 0xFC, 0x01,
    0xFE, 0xE7, 0xF8, 0xC3, 0x8F, 0x0F, 0xFC, 0x8F, 0xFF, 0x7C, 0x9F, 0x3F, 0x8E, 0x73, 0xC0, 0xC1, 0x1F, 0xC7, 0x71, 0xFC, 0x81, 0x03, 0x7F, 0x80,
    0xEF, 0x38, 0xFE, 0x00, 0x0C, 0x0E, 0xE0, 0xC0, 0x07, 0x3F, 0xFC, 0x00, 0x01, 0xDE, 0x71, 0xF8, 0x00, 0x01, 0xFE, 0xE7, 0xF0, 0x81, 0x07, 0x0F,
    0xFC, 0x07, 0xEF, 0x78, 0x1E, 0x1F, 0x8E, 0x73, 0xC0, 0x81, 0x0F, 0xC7, 0x71, 0xF8, 0x80, 0x03, 0x3E, 0x00, 0x01, 0xEF, 0x38, 0x7C, 0x00, 0x18,
    0xE0, 0x00, 0x0B, 0x40, 0x00, 0x25, 0xE0, 0x00, 0x0B, 0x60, 0x00, 0x25, 0xF8, 0x00, 0x0B, 0x30, 0x00, 0x25, 0x78, 0x00, 0xFF, 0x00, 0xFF, 0x00,
    0xB1, 0xE0, 0x03, 0x00, 0x05, 0xFC, 0x83, 0x03, 0x00, 0x06, 0xE0, 0x00, 0x01, 0x03, 0x00, 0x04, 0xE3, 0x00, 0x0B, 0x0F, 0xFC, 0xE7, 0x3F, 0x00,
    0x0B, 0xF8, 0x0F, 0x00, 0x05, 0xFC, 0x8F, 0x03, 0x00, 0x06, 0xE0, 0x80, 0x03, 0x00, 0x03, 0x80, 0xE3, 0x00, 0x0A, 0xC0, 0x3F, 0xFC, 0xE7, 0x3F,
    0x00, 0x0B, 0xFC, 0x0F, 0x00, 0x05, 0xFC, 0x0F, 0x00, 0x07, 0xE0, 0x80, 0x03, 0x00, 0x03, 0x80, 0xE3, 0x00, 0x0A, 0xE0, 0x7F, 0xFC, 0xE7, 0x3F,
    0x00, 0x0B, 0x1C, 0x1E, 0x3E, 0xEE, 0x79, 0xF0, 0x01, 0x1C, 0x9E, 0xE3, 0x07, 0x0F, 0x00, 0x01, 0xF0, 0x71, 0x0F, 0xEE, 0xC0, 0xEF, 0x38, 0xB7,
    0x7B, 0xC0, 0xEF, 0x1E, 0x7C, 0x00, 0x01, 0x77, 0xE0, 0xE3, 0x38, 0x8E, 0x0F, 0x37, 0xE0, 0x70, 0x1C, 0xE0, 0x00, 0x0C, 0x0E, 0x0C, 0x7F, 0xFE,
    0xFF, 0xF8, 0x03, 0x1C, 0x9C, 0xF3, 0x8F, 0x1F, 0x00, 0x01, 0xF8, 0xF3, 0x1F, 0xFF, 0xC0, 0xEF, 0x38, 0xBF, 0xFF, 0xC0, 0xEF, 0x3F, 0xFE, 0x00,
    0x01, 0xFF, 0xF0, 0xE7, 0x38, 0xCE, 0x1F, 0x3F, 0x70, 0xE0, 0x1C, 0xE0, 0x00, 0x0C, 0x0E, 0x80, 0x71, 0x9E, 0xE7, 0x1C, 0x07, 0x1C, 0x9C, 0x73,
    0xCE, 0x3B, 0x00, 0x01, 0x8C, 0xF3, 0x9C, 0xF7, 0x80, 0xE3, 0x38, 0x8F, 0xE7, 0x80, 0xE3, 0x39, 0xC7, 0x01, 0xEF, 0x79, 0xCF, 0x38, 0xE6, 0x38,
    0x0F, 0x70, 0xE0, 0xFC, 0xE3, 0x1F, 0x00, 0x0B, 0x8E, 0x1F, 0x78, 0x8E, 0xE3, 0x1C, 0x07, 0x1C, 0x9C, 0xF3, 0xC0, 0x11, 0x00, 0x01, 0xC0, 0x73,
    0x9C, 0xE3, 0x80, 0xE3, 0x38, 0x87, 0xE3, 0x80, 0xE3, 0x38, 0xC7, 0x01, 0xC7, 0x39, 0xCE, 0x7D, 0xE7, 0x38, 0x07, 0x70, 0xE0, 0xFC, 0xE3, 0x1F,
    0x00, 0x0B, 0x8E, 0x1F, 0x7E, 0x8E, 0xE3, 0xFC, 0x07, 0x1C, 0x9C, 0xE3, 0xC3, 0x01, 0x00, 0x01, 0xF0, 0x73, 0x9C, 0xE3, 0x80, 0xE3, 0x38, 0x87,
    0xE3, 0x80, 0xE3, 0x38, 0xFF, 0x01, 0xC7, 0x39, 0xCE, 0x6D, 0xE7, 0x3F, 0x07, 0x70, 0xE0, 0xFC, 0xE3, 0x1F, 0x00, 0x0B, 0x8E, 0x1F, 0x77, 0x8E,
    0xE3, 0xFC, 0x07, 0x1C, 0x9C, 0xC3, 0xC7, 0x01, 0x00, 0x01, 0xB8, 0x73, 0x9C, 0xE3, 0x80, 0xE3, 0x38, 0x87, 0xE3, 0x80, 0xE3, 0x38, 0xFF, 0x01,
    0xC7, 0x39, 0x8E, 0x6D, 0xE3, 0x3F, 0x07, 0x70, 0xE0, 0x1C, 0xE0, 0x00, 0x0C, 0x1C, 0x9C, 0x73, 0x8E, 0xE3, 0x1C, 0x00, 0x01, 0x1C, 0x9E, 0x03,
    0xCF, 0x11, 0x00, 0x01, 0x9C, 0x73, 0x9C, 0xE3, 0x80, 0xE3, 0x38, 0x87, 0xE3, 0x80, 0xE3, 0x38, 0x07, 0x00, 0x01, 0xC7, 0x39, 0x8E, 0xEF, 0xE3,
    0x00, 0x01, 0x07, 0xE0, 0x70, 0x1C, 0xE0, 0x00, 0x0C, 0xFC, 0x9F, 0x73, 0x8E, 0xE3, 0x1C, 0x07, 0xFC, 0x8F, 0x73, 0xCE, 0x3B, 0x07, 0x9C, 0x73,
    0x9C, 0xF7, 0x80, 0xE3, 0x3C, 0x87, 0xE3, 0x80, 0xE3, 0x38, 0xC7, 0x01, 0xEF, 0x79, 0x8F, 0xC7, 0xE3, 0x38, 0x07, 0xE0, 0x7F, 0x1C, 0xE0, 0xC0,
    0x01, 0x00, 0x0A, 0xF8, 0x8F, 0x7F, 0x8E, 0xE3, 0xF8, 0x03, 0xFC, 0x8F, 0xF3, 0x8F, 0x1F, 0x07, 0xFC, 0x73, 0x1C, 0xFF, 0x80, 0xEF, 0x3F, 0x87,
    0xE3, 0x80, 0xEF, 0x38, 0xFE, 0x00, 0x01, 0xFF, 0xF0, 0x07, 0xC7, 0xC1, 0x1F, 0x07, 0xC0, 0x3F, 0x1C, 0xE0, 0xC0, 0x01, 0x00, 0x0A, 0xE0, 0x03,
    0xEF, 0x8E, 0xE3, 0xF0, 0x01, 0xFC, 0x83, 0xE3, 0x07, 0x0F, 0x07, 0x78, 0x77, 0x1C, 0xEE, 0x00, 0x01, 0xCF, 0x3B, 0x87, 0xE3, 0x00, 0x01, 0xEF,
    0x38, 0x7C, 0x00, 0x01, 0x77, 0xE0, 0x03, 0xC7, 0x81, 0x0F, 0x07, 0x00, 0x01, 0x0F, 0x1C, 0xE0, 0xC0, 0x01, 0x00, 0x16, 0x04, 0x00, 0x0E, 0x07,
    0x00, 0x22, 0x06, 0x00, 0x0E, 0x07, 0x00, 0x22, 0x03, 0x00, 0x0E, 0x07, 0x00, 0x31, 0x07, 0x00, 0xFF, 0x00, 0xFF, 0x00, 0xA2, 0xFE, 0xE1, 0x00,
    0x0A, 0x38, 0xC0, 0x38, 0x00, 0x02, 0xE0, 0x70, 0xB8, 0x73, 0x00, 0x07, 0xC6, 0x01, 0x00, 0x0B, 0x38, 0xC0, 0x07, 0x00, 0x06, 0xFE, 0xE3, 0x00,
    0x0A, 0x38, 0xE0, 0x38, 0x00, 0x02, 0xE0, 0x70, 0xB8, 0x73, 0x00, 0x07, 0xC7, 0x01, 0x00, 0x0B, 0x38, 0xE0, 0x07, 0x00, 0x06, 0xFE, 0xE7, 0x00,
    0x0A, 0x38, 0xE0, 0x38, 0x00, 0x02, 0xE0, 0xF8, 0x38, 0x00, 0x08, 0x07, 0x00, 0x0C, 0x38, 0xE0, 0x00, 0x07, 0x0E, 0xE7, 0xF0, 0x81, 0x0F, 0x3F,
    0xF8, 0x00, 0x01, 0x6E, 0x7C, 0xE0, 0x83, 0x3B, 0xF0, 0xBB, 0x07, 0x1F, 0xC0, 0xD9, 0x9C, 0x73, 0x00, 0x01, 0x1F, 0xEE, 0xC0, 0x87, 0x1B, 0x9F,
    0xDF, 0xE1, 0xC3, 0x3D, 0xFC, 0x00, 0x01, 0xF7, 0x3C, 0xF8, 0xB8, 0xC7, 0x71, 0xF8, 0x38, 0xF0, 0xE3, 0xC3, 0x0D, 0x00, 0x04, 0x0E, 0xE7, 0xF8,
    0xC3, 0x9F, 0x7F, 0xFC, 0x01, 0x7E, 0xFE, 0xF0, 0xC7, 0x3F, 0xF0, 0xFB, 0x8F, 0x3F, 0xC0, 0xD9, 0x9C, 0x73, 0x80, 0x3F, 0xFE, 0xE1, 0x8F, 0x9F,
    0xBF, 0xDF, 0xF1, 0xC7, 0x7F, 0xFE, 0x01, 0xFF, 0x7F, 0xFC, 0xF9, 0xCF, 0x71, 0xFC, 0x39, 0xF0, 0xF3, 0xC7, 0x0F, 0x00, 0x04, 0xFE, 0xE7, 0x1C,
    0x67, 0x9C, 0x73, 0x8E, 0x03, 0x1E, 0xC7, 0x19, 0xE7, 0x3D, 0xE0, 0x78, 0xCE, 0x71, 0xC0, 0xDD, 0x9D, 0x73, 0xC0, 0x7B, 0xDE, 0x73, 0x9C, 0xC7,
    0x38, 0xC7, 0x79, 0xCF, 0x73, 0xCE, 0x01, 0xCF, 0x73, 0xC6, 0x79, 0xCE, 0x71, 0xC6, 0x39, 0xE0, 0x78, 0xCF, 0x03, 0x00, 0x04, 0xFE, 0xE3, 0x1C,
    0x07, 0x9E, 0x07, 0x8E, 0x03, 0x0E, 0xC7, 0x81, 0xE7, 0x38, 0xE0, 0x38, 0xCE, 0x71, 0xC0, 0xDD, 0x9D, 0x73, 0xC0, 0x71, 0x8E, 0x73, 0x9C, 0x03,
    0x3C, 0xC7, 0x39, 0xCE, 0x71, 0x1E, 0x00, 0x01, 0xC7, 0x71, 0xE0, 0x39, 0xCE, 0x71, 0xE0, 0x39, 0xE0, 0x38, 0xCE, 0x01, 0x00, 0x04, 0xFE, 0xE1,
    0xFC, 0x87, 0x1F, 0x1F, 0xFE, 0x03, 0x0E, 0xFF, 0xE1, 0xE7, 0x38, 0xE0, 0x38, 0xCE, 0x7F, 0xC0, 0x8D, 0x9D, 0x73, 0xC0, 0x71, 0x8E, 0xF3, 0x9F,
    0x03, 0x3F, 0xC7, 0x39, 0xCE, 0x71, 0x7C, 0x00, 0x01, 0xC7, 0x71, 0xF8, 0x39, 0xCE, 0x71, 0xF8, 0x39, 0xE0, 0x38, 0xCE, 0x01, 0x00, 0x04, 0x0E,
    0xE0, 0xFC, 0xC7, 0x1D, 0x3E, 0xFE, 0x03, 0x0E, 0xFF, 0x71, 0xE7, 0x38, 0xE0, 0x38, 0xCE, 0x7F, 0xC0, 0x8D, 0x9D, 0x73, 0xC0, 0x71, 0x8E, 0xF3,
    0x9F, 0x83, 0x3B, 0xC7, 0x39, 0xCE, 0x71, 0xF8, 0x00, 0x01, 0xC7, 0x71, 0xDC, 0x39, 0xCE, 0x71, 0xDC, 0x39, 0xE0, 0x38, 0xCE, 0x01, 0x00, 0x04,
    0x0E, 0xE0, 0x1C, 0xE0, 0x1C, 0x78, 0x0E, 0x00, 0x01, 0x0E, 0x07, 0x38, 0xE7, 0x38, 0xE0, 0x38, 0xCE, 0x01, 0x80, 0x8F, 0x8F, 0x73, 0xC0, 0x71,
    0x8E, 0x73, 0x80, 0xC3, 0x39, 0xC7, 0x39, 0xCE, 0x71, 0xE0, 0x01, 0xC7, 0x71, 0xCE, 0x39, 0xCE, 0x71, 0xCE, 0x39, 0xE0, 0x38, 0xCE, 0x01, 0x00,
    0x04, 0x0E, 0xE0, 0x1C, 0xE7, 0x9C, 0x73, 0x8E, 0x03, 0x0E, 0xC7, 0x39, 0xE7, 0x3D, 0xE0, 0x38, 0xCE, 0x71, 0x80, 0x8F, 0x8F, 0x73, 0xC0, 0x7B,
    0xDE, 0x73, 0x9C, 0xC3, 0x39, 0xC7, 0x79, 0xCF, 0x71, 0xCE, 0x01, 0xC7, 0x71, 0xCE, 0x39, 0xCE, 0x79, 0xCE, 0x39, 0xE0, 0x78, 0xCF, 0x01, 0x00,
    0x04, 0x0E, 0xE0, 0xF8, 0xE3, 0x9F, 0x7F, 0xFC, 0x01, 0x0E, 0xFE, 0xF8, 0xC7, 0x3F, 0xE0, 0x3B, 0x8E, 0x3F, 0x80, 0x07, 0x8F, 0x73, 0x80, 0x3F,
    0xFE, 0xE1, 0x8F, 0xC3, 0x3F, 0xDF, 0xF1, 0xC7, 0x71, 0xFE, 0x01, 0xC7, 0x71, 0xFE, 0x39, 0xCE, 0x7F, 0xFE, 0x39, 0xE0, 0xF0, 0xC7, 0x01, 0x00,
    0x04, 0x0E, 0xE0, 0xF0, 0xC1, 0x3B, 0x3F, 0xF8, 0x00, 0x01, 0x0E, 0x7C, 0xF0, 0x8E, 0x3B, 0xC0, 0x3B, 0x0E, 0x1F, 0x80, 0x07, 0x8F, 0x73, 0x00,
    0x01, 0x1F, 0xEE, 0xC0, 0x87, 0x83, 0x77, 0xDE, 0xE1, 0xC3, 0x71, 0xFC, 0x00, 0x01, 0xC7, 0x71, 0xBC, 0x3B, 0x8E, 0x77, 0xBC, 0x3B, 0xE0, 0xE0,
    0xC3, 0x01, 0x00, 0x1B, 0x0E, 0x00, 0x31, 0x0E, 0x00, 0x31, 0x0E, 0x00, 0x31, 0x0E, 0x00, 0xFF, 0x00, 0xFF, 0x00, 0xAC, 0x70, 0x00, 0x01, 0xE0,
    0x03, 0x00, 0x05, 0xE3, 0x00, 0x28, 0x70, 0x00, 0x01, 0xF0, 0x03, 0x00, 0x04, 0x80, 0xE3, 0x00, 0x2A, 0x70, 0x00, 0x05, 0x80, 0x03, 0x00, 0x22,
    0xEE, 0x79, 0xF0, 0xE1, 0xC6, 0x07, 0x70, 0xEE, 0xF9, 0xF1, 0xE1, 0x76, 0xCF, 0x83, 0xCF, 0xEF, 0xF0, 0xE1, 0x1E, 0x00, 0x1F, 0xFE, 0xFF, 0xF8,
    0xE3, 0xE7, 0x0F, 0x70, 0xFE, 0xFB, 0xF9, 0xE3, 0xF7, 0xFF, 0xC7, 0xDF, 0xEF, 0xF8, 0xE3, 0x3F, 0x00, 0x1F, 0x9E, 0xE7, 0xBC, 0xE7, 0x71, 0x1C,
    0x70, 0x9E, 0x73, 0xBC, 0xE7, 0xF1, 0x3C, 0x67, 0x9C, 0xE3, 0xBC, 0xE7, 0x39, 0x00, 0x1F, 0x8E, 0xE3, 0x1C, 0xE7, 0x70, 0x1C, 0x70, 0x8E, 0x73,
    0x1C, 0xE7, 0x70, 0x1C, 0x07, 0x9E, 0xE3, 0x1C, 0xE7, 0x38, 0x00, 0x1F, 0x8E, 0xE3, 0x1C, 0xE7, 0xF0, 0x1F, 0x70, 0x8E, 0x73, 0x1C, 0xE7, 0x70,
    0x1C, 0x87, 0x9F, 0xE3, 0x1C, 0xE7, 0x38, 0x00, 0x1F, 0x8E, 0xE3, 0x1C, 0xE7, 0xF0, 0x1F, 0x70, 0x8E, 0x73, 0x1C, 0xE7, 0x70, 0x1C, 0xC7, 0x9D,
    0xE3, 0x1C, 0xE7, 0x38, 0x00, 0x1F, 0x8E, 0xE3, 0x1C, 0xE7, 0x70, 0x00, 0x01, 0x70, 0x8E, 0x73, 0x1C, 0xE7, 0x70, 0x1C, 0xE7, 0x9C, 0xE3, 0x1C,
    0xE7, 0x38, 0x00, 0x1F, 0x8E, 0xE3, 0xBC, 0xE7, 0x70, 0x1C, 0x70, 0x8E, 0x73, 0xBC, 0xE7, 0x70, 0x1C, 0xE7, 0x9C, 0xE3, 0xBC, 0xE7, 0x38, 0x07,
    0x00, 0x1E, 0x8E, 0xE3, 0xF8, 0xE3, 0xE0, 0x0F, 0x70, 0x8E, 0x73, 0xF8, 0xE3, 0x70, 0x1C, 0xE7, 0x9F, 0xEF, 0xF8, 0xE3, 0x38, 0x07, 0x00, 0x1E,
    0x8E, 0xE3, 0xF0, 0xE1, 0xC0, 0x07, 0x70, 0x8E, 0x73, 0xF0, 0xE1, 0x70, 0x1C, 0xC7, 0x3B, 0xEF, 0xF0, 0xE1, 0x38, 0x07, 0x00, 0xFF, 0x00, 0xFF,
    0x00, 0xFF, 0x00, 0xFF, 0x00, 0x07, 0x00,
};
}

namespace HEADER_FatalErrorImage_uke
{
const unsigned char g_ImageData[0x3CC] = {
    0x00, 0xFF, 0x00, 0xFF, 0x00, 0xFF, 0x00, 0xFF, 0x00, 0xFF, 0x00, 0xFF, 0x00, 0xFF, 0x00, 0xFF, 0x00, 0xFF, 0x00, 0xFF, 0x00, 0xFF, 0x00, 0xFF,
    0x00, 0xFF, 0x00, 0xFF, 0x00, 0xEA, 0xE0, 0x1F, 0x0E, 0x00, 0x05, 0xE0, 0x00, 0x05, 0x0C, 0x60, 0x1C, 0x00, 0x21, 0xE0, 0x3F, 0x0E, 0x00, 0x05,
    0xE0, 0x00, 0x05, 0x0E, 0x70, 0x1C, 0x00, 0x21, 0xE0, 0x7F, 0x0E, 0x00, 0x0B, 0x0E, 0x70, 0x1C, 0x00, 0x21, 0xE0, 0x70, 0x0E, 0x1F, 0xF8, 0xF0,
    0x83, 0x0F, 0xE0, 0xDC, 0xC3, 0x0F, 0x3E, 0xDC, 0x3F, 0xF8, 0xDD, 0x83, 0x0F, 0x00, 0x1F, 0xE0, 0x70, 0x8E, 0x3F, 0xFC, 0xF9, 0xC7, 0x1F, 0xE0,
    0xFC, 0xE7, 0x1F, 0x7F, 0xFC, 0x3F, 0xF8, 0xFD, 0xC7, 0x1F, 0x00, 0x1F, 0xE0, 0x7F, 0xCE, 0x71, 0xC6, 0x39, 0xE7, 0x38, 0xE0, 0x3C, 0xE7, 0x9C,
    0xE3, 0x3C, 0x0E, 0x70, 0x3C, 0xE7, 0x38, 0x00, 0x1F, 0xE0, 0x3F, 0xCE, 0x71, 0xE0, 0x79, 0xE0, 0x38, 0xE0, 0x1C, 0xE7, 0x81, 0xE3, 0x1C, 0x0E,
    0x70, 0x1C, 0xE7, 0x38, 0x00, 0x1F, 0xE0, 0x1F, 0xCE, 0x7F, 0xF8, 0xF1, 0xE1, 0x3F, 0xE0, 0x1C, 0xC7, 0x87, 0xFF, 0x1C, 0x0E, 0x70, 0x1C, 0xE7,
    0x3F, 0x00, 0x1F, 0xE0, 0x00, 0x01, 0xCE, 0x7F, 0xDC, 0xE1, 0xE3, 0x3F, 0xE0, 0x1C, 0x87, 0x8F, 0xFF, 0x1C, 0x0E, 0x70, 0x1C, 0xE7, 0x3F, 0x00,
    0x1F, 0xE0, 0x00, 0x01, 0xCE, 0x01, 0xCE, 0x81, 0xE7, 0x00, 0x01, 0xE0, 0x1C, 0x07, 0x9E, 0x03, 0x1C, 0x0E, 0x70, 0x1C, 0xE7, 0x00, 0x20, 0xE0,
    0x00, 0x01, 0xCE, 0x71, 0xCE, 0x39, 0xE7, 0x38, 0xE0, 0x1C, 0xE7, 0x9C, 0xE3, 0x1C, 0x0E, 0x70, 0x1C, 0xE7, 0x38, 0x00, 0x1F, 0xE0, 0x00, 0x01,
    0x8E, 0x3F, 0xFE, 0xF9, 0xC7, 0x1F, 0xE0, 0x1C, 0xE7, 0x1F, 0x7F, 0x1C, 0x3E, 0xF0, 0x1D, 0xC7, 0x1F, 0x00, 0x1F, 0xE0, 0x00, 0x01, 0x0E, 0x1F,
    0xBC, 0xF3, 0x83, 0x0F, 0xE0, 0x1C, 0xC7, 0x0F, 0x3E, 0x1C, 0x3C, 0xE0, 0x1D, 0x87, 0x0F, 0x00, 0xFF, 0x00, 0xFF, 0x00, 0xFF, 0x00, 0x74, 0xE0,
    0xC1, 0x03, 0x00, 0x01, 0xE0, 0x00, 0x02, 0xF0, 0x83, 0x01, 0x38, 0x07, 0x00, 0x04, 0x80, 0x07, 0x07, 0x00, 0x06, 0x07, 0xFC, 0x07, 0x00, 0x02,
    0x30, 0x0E, 0x00, 0x01, 0xC0, 0x39, 0x00, 0x0F, 0xE0, 0xC1, 0x03, 0x00, 0x01, 0xE0, 0x00, 0x02, 0xF8, 0xC7, 0x01, 0x38, 0x07, 0x00, 0x04, 0xE0,
    0x1F, 0x07, 0x00, 0x06, 0x07, 0xFC, 0x07, 0x00, 0x02, 0x38, 0x0E, 0x00, 0x01, 0xC0, 0x39, 0x00, 0x0F, 0xE0, 0xE3, 0x03, 0x00, 0x04, 0xFC, 0xCF,
    0x01, 0x00, 0x01, 0x07, 0x00, 0x04, 0xF0, 0x1F, 0x07, 0x00, 0x06, 0x07, 0xFC, 0x07, 0x00, 0x02, 0x38, 0x0E, 0x00, 0x01, 0xC0, 0x39, 0x00, 0x0F,
    0xE0, 0xE3, 0xC3, 0xC7, 0xED, 0xF0, 0x01, 0x1C, 0xEE, 0x77, 0x3B, 0xC7, 0xF1, 0xE1, 0xE6, 0x07, 0x70, 0x3C, 0xF7, 0xE0, 0xE3, 0xC6, 0x1D, 0x3E,
    0x70, 0x07, 0x1C, 0x80, 0x0F, 0x7C, 0xFC, 0xEE, 0xC0, 0xC7, 0x39, 0x00, 0x0F, 0xE0, 0xE3, 0xE3, 0xCF, 0xEF, 0xF8, 0x03, 0x1C, 0xE0, 0xF7, 0x3B,
    0xE7, 0xF8, 0xE3, 0xF7, 0x0F, 0x38, 0x18, 0xFF, 0xF1, 0xE7, 0xE7, 0x1F, 0x7F, 0xF8, 0x07, 0x1C, 0xC0, 0x1F, 0xFE, 0xFC, 0xFE, 0xE1, 0xCF, 0x39,
    0x00, 0x0F, 0xE0, 0xB6, 0x33, 0xCE, 0xE3, 0xBC, 0x07, 0xFC, 0xC1, 0xF1, 0x38, 0x77, 0x1C, 0xE7, 0x71, 0x0E, 0x38, 0x00, 0x01, 0xCF, 0x19, 0xE7,
    0xF1, 0x9E, 0xE3, 0xBC, 0x07, 0xFC, 0xE3, 0x3D, 0xEF, 0x39, 0xDE, 0x33, 0xCE, 0x39, 0x00, 0x0F, 0xE0, 0xB6, 0x03, 0xCF, 0xE1, 0x1C, 0x07, 0xF8,
    0xC7, 0x71, 0x38, 0x3F, 0x1C, 0xE7, 0xF0, 0x00, 0x01, 0x38, 0x00, 0x01, 0xC7, 0x81, 0xE7, 0x70, 0x9C, 0xE3, 0x1C, 0x07, 0xFC, 0xE3, 0x38, 0xC7,
    0x39, 0x8E, 0x03, 0xCF, 0x39, 0x00, 0x0F, 0xE0, 0xB6, 0xC3, 0xCF, 0xE1, 0x1C, 0x07, 0xE0, 0xCF, 0x71, 0x38, 0x3F, 0xFC, 0xE7, 0xE0, 0x03, 0x38,
    0x00, 0x01, 0xC7, 0xE1, 0xE7, 0x70, 0x9C, 0xFF, 0x1C, 0x07, 0xFC, 0xE3, 0x38, 0xC7, 0x39, 0x8E, 0xC3, 0xCF, 0x39, 0x00, 0x0F, 0xE0, 0xB6, 0xE3,
    0xCE, 0xE1, 0x1C, 0x07, 0x00, 0x01, 0xCE, 0x71, 0x38, 0x7F, 0xFC, 0xE7, 0xC0, 0x07, 0x38, 0x18, 0xC7, 0x71, 0xE7, 0x70, 0x9C, 0xFF, 0x1C, 0x07,
    0x1C, 0xE0, 0x38, 0xC7, 0x39, 0x8E, 0xE3, 0xCE, 0x39, 0x00, 0x0F, 0xE0, 0x9C, 0x73, 0xCE, 0xE1, 0x1C, 0x07, 0x1C, 0xCE, 0x71, 0x38, 0x77, 0x1C,
    0xE0, 0x00, 0x01, 0x0F, 0x70, 0x3C, 0xC7, 0x39, 0xE7, 0x70, 0x9C, 0x03, 0x1C, 0x07, 0x1C, 0xE0, 0x38, 0xC7, 0x39, 0x8E, 0x73, 0xCE, 0x39, 0x00,
    0x0F, 0xE0, 0x9C, 0x73, 0xCE, 0xE1, 0xBC, 0x07, 0xFC, 0xCF, 0x71, 0x38, 0xE7, 0x1C, 0xE7, 0x70, 0x0E, 0xF0, 0x1F, 0xC7, 0x39, 0xE7, 0xF0, 0x9E,
    0xE3, 0xBC, 0x07, 0x1C, 0xE0, 0x3D, 0xEF, 0x39, 0xDE, 0x73, 0xCE, 0x39, 0x00, 0x0F, 0xE0, 0x9C, 0xF3, 0xCF, 0xE1, 0xF8, 0x03, 0xF8, 0xC7, 0x77,
    0x38, 0xE7, 0xF8, 0xE3, 0xF0, 0x0F, 0xE0, 0x1F, 0xC7, 0xF9, 0xE7, 0xE0, 0x1F, 0x7F, 0xF8, 0x07, 0x1C, 0xC0, 0x1F, 0xFE, 0xF8, 0xFE, 0xF1, 0xCF,
    0x39, 0x00, 0x0F, 0xE0, 0x88, 0xE3, 0xDD, 0xE1, 0xF0, 0x01, 0xF0, 0x83, 0x77, 0x38, 0xC7, 0xF1, 0xE1, 0xE0, 0x07, 0x80, 0x07, 0xC7, 0xF1, 0xEE,
    0xC0, 0x1D, 0x3E, 0x70, 0x07, 0x1C, 0x80, 0x0F, 0x7C, 0xF0, 0xEE, 0xE0, 0xDD, 0x39, 0x00, 0x25, 0x1C, 0x00, 0x30, 0x70, 0x1C, 0x00, 0x30, 0xF0,
    0x0F, 0x00, 0x30, 0xE0, 0x07, 0x00, 0xFF, 0x00, 0xFF, 0x00, 0xA8, 0x3E, 0x00, 0x05, 0xC0, 0x3F, 0x38, 0x00, 0x28, 0x80, 0xFF, 0x00, 0x05, 0xC0,
    0xFF, 0x38, 0x00, 0x28, 0xC0, 0xFF, 0x00, 0x05, 0xC0, 0xFF, 0x00, 0x29, 0xC0, 0xE1, 0xE1, 0xE3, 0x9E, 0x07, 0x1F, 0xC0, 0xE1, 0x39, 0x7E, 0xF0,
    0x00, 0x26, 0xE0, 0xC0, 0xF0, 0xE7, 0xFF, 0x8F, 0x3F, 0xC0, 0xC1, 0x39, 0xFF, 0xF8, 0x01, 0x00, 0x25, 0xE0, 0x00, 0x01, 0x18, 0xE7, 0x79, 0xCE,
    0x71, 0xC0, 0xC1, 0x39, 0xE7, 0xBC, 0x03, 0x00, 0x25, 0xE0, 0xF8, 0x81, 0xE7, 0x38, 0xCE, 0x71, 0xC0, 0xC1, 0x39, 0x0F, 0x1C, 0x01, 0x00, 0x25,
    0xE0, 0xF8, 0xE1, 0xE7, 0x38, 0xCE, 0x7F, 0xC0, 0xC1, 0x39, 0x3E, 0x1C, 0x00, 0x26, 0xE0, 0xF8, 0x71, 0xE7, 0x38, 0xCE, 0x7F, 0xC0, 0xC1, 0x39,
    0x7C, 0x1C, 0x00, 0x26, 0xC0, 0xC1, 0x39, 0xE7, 0x38, 0xCE, 0x01, 0xC0, 0xE1, 0x39, 0xF0, 0x1C, 0x01, 0x00, 0x25, 0xC0, 0xFF, 0x39, 0xE7, 0x38,
    0xCE, 0x71, 0xC0, 0xFF, 0x38, 0xE7, 0xBC, 0x73, 0x00, 0x25, 0x80, 0xFF, 0xF8, 0xE7, 0x38, 0x8E, 0x3F, 0xC0, 0xFF, 0x38, 0xFF, 0xF8, 0x71, 0x00,
    0x26, 0x3E, 0xF0, 0xEE, 0x38, 0x0E, 0x1F, 0xC0, 0x3F, 0x38, 0x7E, 0xF0, 0x70, 0x00, 0xFF, 0x00, 0xFF, 0x00, 0xFF, 0x00, 0xFF, 0x00, 0xFF, 0x00,
    0xFF, 0x00, 0xFF, 0x00, 0xFF, 0x00, 0xFF, 0x00, 0xFF, 0x00, 0x20, 0x00,
};
}

namespace HEADER_WrongDiskImage_uke
{
const unsigned char g_ImageData[0x54B] = {
    0x00, 0xFF, 0x00, 0xFF, 0x00, 0xFF, 0x00, 0xFF, 0x00, 0xFF, 0x00, 0xFF, 0x00, 0xFF, 0x00, 0xFF, 0x00, 0xFF, 0x00, 0xFF, 0x00, 0x05, 0xFF, 0x77,
    0x00, 0x03, 0xF8, 0x00, 0x06, 0xFF, 0xE0, 0x00, 0x07, 0x38, 0xC0, 0x01, 0x00, 0x02, 0x80, 0x01, 0x0E, 0x00, 0x06, 0xC0, 0x01, 0x00, 0x0D, 0xFF,
    0x77, 0x00, 0x03, 0xFE, 0x03, 0x00, 0x05, 0xFF, 0xE3, 0x00, 0x07, 0x38, 0xC0, 0x01, 0x00, 0x02, 0xC0, 0x01, 0x0E, 0x00, 0x06, 0xC0, 0x01, 0x00,
    0x0D, 0xFF, 0x77, 0x00, 0x03, 0xFF, 0x03, 0x00, 0x05, 0xFF, 0x03, 0x00, 0x07, 0x38, 0xC0, 0x01, 0x00, 0x02, 0xC0, 0x01, 0x0E, 0x00, 0x06, 0xC0,
    0x01, 0x00, 0x0D, 0x70, 0x70, 0x0F, 0x3E, 0x00, 0x01, 0x87, 0x87, 0x8F, 0x7B, 0x1E, 0x7C, 0x00, 0x01, 0x87, 0xE7, 0xF8, 0xC1, 0x03, 0xE0, 0x81,
    0x0F, 0xC7, 0x39, 0xDC, 0x01, 0xF7, 0xE0, 0xE3, 0x07, 0xEE, 0xC0, 0x07, 0x70, 0xE3, 0x03, 0x1F, 0xDC, 0x01, 0x00, 0x0D, 0x70, 0xF0, 0x1F, 0x7F,
    0x80, 0x03, 0xC3, 0x9F, 0xFF, 0x3F, 0xFE, 0x00, 0x01, 0x07, 0xE7, 0xFC, 0xE3, 0x07, 0xF0, 0xC3, 0x1F, 0xC7, 0x39, 0xFE, 0x01, 0xFF, 0xF1, 0xE7,
    0x07, 0xFE, 0xE1, 0x0F, 0xF0, 0xF3, 0x87, 0x3F, 0xFE, 0x01, 0x00, 0x0D, 0x70, 0xF0, 0x9C, 0xE3, 0x80, 0x03, 0x60, 0x9C, 0xE7, 0x39, 0xC7, 0x01,
    0x07, 0xE7, 0x9C, 0xF3, 0x0E, 0x78, 0xE7, 0x3D, 0xC7, 0x39, 0xEF, 0x01, 0xCF, 0x79, 0xCF, 0x01, 0xDE, 0x73, 0x1C, 0xF0, 0x38, 0xCE, 0x38, 0xEF,
    0x01, 0x00, 0x0D, 0x70, 0x70, 0x9C, 0xE3, 0x80, 0xE3, 0x07, 0x9E, 0xE3, 0x38, 0xC7, 0x01, 0x07, 0xE7, 0x3C, 0x70, 0x04, 0x38, 0xE2, 0x38, 0xC7,
    0x39, 0xC7, 0x01, 0xC7, 0x39, 0xCE, 0x01, 0x8E, 0x73, 0x1C, 0x70, 0x38, 0x0E, 0x3C, 0xC7, 0x01, 0x00, 0x0D, 0x70, 0x70, 0x9C, 0xFF, 0x80, 0xE3,
    0x87, 0x9F, 0xE3, 0x38, 0xFF, 0x01, 0x07, 0xE7, 0xF8, 0x70, 0x00, 0x01, 0x38, 0xE0, 0x38, 0xC7, 0x39, 0xC7, 0x01, 0xC7, 0x39, 0xCE, 0x01, 0x8E,
    0xF3, 0x1F, 0x70, 0xF8, 0x0F, 0x3F, 0xC7, 0x01, 0x00, 0x0D, 0x70, 0x70, 0x9C, 0xFF, 0x80, 0xE3, 0xC7, 0x9D, 0xE3, 0x38, 0xFF, 0x01, 0x07, 0xE7,
    0xF0, 0x71, 0x00, 0x01, 0x38, 0xE0, 0x38, 0xC7, 0x39, 0xC7, 0x01, 0xC7, 0x39, 0xCE, 0x01, 0x8E, 0xF3, 0x1F, 0x70, 0xF8, 0x8F, 0x3B, 0xC7, 0x01,
    0x00, 0x0D, 0x70, 0x70, 0x9C, 0x03, 0x00, 0x01, 0x07, 0xE7, 0x9C, 0xE3, 0x38, 0x07, 0x00, 0x01, 0x87, 0xE7, 0xC0, 0x73, 0x04, 0x38, 0xE2, 0x38,
    0xC7, 0x39, 0xC7, 0x01, 0xC7, 0x39, 0xCE, 0x01, 0x8E, 0x73, 0x00, 0x01, 0x70, 0x38, 0xC0, 0x39, 0xC7, 0x01, 0x00, 0x0D, 0x70, 0x70, 0x9C, 0xE3,
    0x00, 0x01, 0xFF, 0xE7, 0x9C, 0xE3, 0x38, 0xC7, 0x01, 0xFF, 0xE3, 0x9C, 0xF3, 0x0E, 0x78, 0xE7, 0x3D, 0xE7, 0x39, 0xEF, 0x01, 0xC7, 0x79, 0xCF,
    0x01, 0xDE, 0x73, 0x1C, 0x70, 0x38, 0xCE, 0x39, 0xEF, 0x39, 0x00, 0x0D, 0x70, 0x70, 0x1C, 0x7F, 0x00, 0x01, 0xFE, 0xE3, 0x9F, 0xE3, 0x38, 0xFE,
    0x00, 0x01, 0xFF, 0xE3, 0xFC, 0xE3, 0x07, 0xF0, 0xC3, 0x1F, 0xFF, 0x39, 0xFE, 0x01, 0xC7, 0xF1, 0xC7, 0x07, 0xFE, 0xE1, 0x0F, 0x70, 0xF0, 0xC7,
    0x3F, 0xFE, 0x39, 0x00, 0x0D, 0x70, 0x70, 0x1C, 0x3E, 0x00, 0x01, 0xF8, 0xC0, 0xBB, 0xE3, 0x38, 0x7C, 0x00, 0x01, 0xFF, 0xE0, 0xF8, 0xC1, 0x03,
    0xE0, 0x81, 0x0F, 0xDE, 0x39, 0xDC, 0x01, 0xC7, 0xE1, 0x83, 0x07, 0xEE, 0xC0, 0x07, 0x70, 0xE0, 0x83, 0x77, 0xDC, 0x39, 0x00, 0xFF, 0x00, 0xFF,
    0x00, 0xFF, 0x00, 0x62, 0xFE, 0xE1, 0x00, 0x0A, 0x38, 0xC0, 0x38, 0x00, 0x23, 0xFE, 0xE3, 0x00, 0x0A, 0x38, 0xE0, 0x38, 0x00, 0x23, 0xFE, 0xE7,
    0x00, 0x0A, 0x38, 0xE0, 0x38, 0x00, 0x23, 0x0E, 0xE7, 0xF0, 0x81, 0x0F, 0x3F, 0xF8, 0x00, 0x01, 0x6E, 0x7C, 0xE0, 0x83, 0x3B, 0xF0, 0xBB, 0x07,
    0x1F, 0x00, 0x21, 0x0E, 0xE7, 0xF8, 0xC3, 0x9F, 0x7F, 0xFC, 0x01, 0x7E, 0xFE, 0xF0, 0xC7, 0x3F, 0xF0, 0xFB, 0x8F, 0x3F, 0x00, 0x21, 0xFE, 0xE7,
    0x1C, 0x67, 0x9C, 0x73, 0x8E, 0x03, 0x1E, 0xC7, 0x19, 0xE7, 0x3D, 0xE0, 0x78, 0xCE, 0x71, 0x00, 0x21, 0xFE, 0xE3, 0x1C, 0x07, 0x9E, 0x07, 0x8E,
    0x03, 0x0E, 0xC7, 0x81, 0xE7, 0x38, 0xE0, 0x38, 0xCE, 0x71, 0x00, 0x21, 0xFE, 0xE1, 0xFC, 0x87, 0x1F, 0x1F, 0xFE, 0x03, 0x0E, 0xFF, 0xE1, 0xE7,
    0x38, 0xE0, 0x38, 0xCE, 0x7F, 0x00, 0x21, 0x0E, 0xE0, 0xFC, 0xC7, 0x1D, 0x3E, 0xFE, 0x03, 0x0E, 0xFF, 0x71, 0xE7, 0x38, 0xE0, 0x38, 0xCE, 0x7F,
    0x00, 0x21, 0x0E, 0xE0, 0x1C, 0xE0, 0x1C, 0x78, 0x0E, 0x00, 0x01, 0x0E, 0x07, 0x38, 0xE7, 0x38, 0xE0, 0x38, 0xCE, 0x01, 0x00, 0x21, 0x0E, 0xE0,
    0x1C, 0xE7, 0x9C, 0x73, 0x8E, 0x03, 0x0E, 0xC7, 0x39, 0xE7, 0x3D, 0xE0, 0x38, 0xCE, 0x71, 0x00, 0x21, 0x0E, 0xE0, 0xF8, 0xE3, 0x9F, 0x7F, 0xFC,
    0x01, 0x0E, 0xFE, 0xF8, 0xC7, 0x3F, 0xE0, 0x3B, 0x8E, 0x3F, 0x00, 0x21, 0x0E, 0xE0, 0xF0, 0xC1, 0x3B, 0x3F, 0xF8, 0x00, 0x01, 0x0E, 0x7C, 0xF0,
    0x8E, 0x3B, 0xC0, 0x3B, 0x0E, 0x1F, 0x00, 0xFF, 0x00, 0xFF, 0x00, 0xFF, 0x00, 0x76, 0x87, 0xC3, 0x9D, 0x03, 0x00, 0x06, 0x30, 0x0E, 0x00, 0x0B,
    0xC0, 0x01, 0x3E, 0x00, 0x18, 0x87, 0xC3, 0x9D, 0x03, 0x00, 0x06, 0x38, 0x0E, 0x00, 0x0B, 0xC0, 0x01, 0x3F, 0x00, 0x18, 0xC7, 0xC7, 0x01, 0x00,
    0x07, 0x38, 0x00, 0x0C, 0xC0, 0x01, 0x07, 0x00, 0x18, 0xCE, 0xE6, 0x9C, 0x03, 0xF8, 0x70, 0x07, 0x3E, 0xDC, 0xF8, 0xFC, 0x0E, 0x1F, 0xEE, 0xE1,
    0x07, 0xB8, 0xE7, 0xC1, 0xC7, 0x3D, 0x8E, 0xC3, 0xC7, 0x81, 0x1F, 0x1F, 0x6E, 0x00, 0x16, 0xCE, 0xE6, 0x9C, 0x03, 0xFC, 0xF1, 0x0F, 0x7F, 0xFC,
    0xFC, 0xFD, 0x8E, 0x3F, 0xFE, 0xF3, 0x0F, 0xF8, 0xFF, 0xE3, 0xCF, 0x7F, 0x8E, 0xE3, 0xCF, 0x81, 0x9F, 0x3F, 0x7E, 0x00, 0x16, 0xEE, 0xEE, 0x9C,
    0x03, 0xDE, 0xF3, 0x9E, 0xE3, 0x3C, 0xC6, 0x39, 0xCE, 0x7B, 0x9E, 0x73, 0x0E, 0x78, 0x9E, 0x33, 0xCE, 0x73, 0x8E, 0x33, 0xCE, 0x01, 0xC7, 0x7B,
    0x1E, 0x00, 0x16, 0xEE, 0xEE, 0x9C, 0x03, 0x8E, 0x73, 0x9C, 0xE3, 0x1C, 0xE0, 0x39, 0xCE, 0x71, 0x8E, 0xF3, 0x00, 0x01, 0x38, 0x8E, 0x03, 0xCF,
    0x71, 0x8E, 0x03, 0xCF, 0x01, 0xC7, 0x71, 0x0E, 0x00, 0x16, 0x6E, 0xEC, 0x9C, 0x03, 0x8E, 0x73, 0x9C, 0xFF, 0x1C, 0xF8, 0x39, 0xCE, 0x71, 0x8E,
    0xE3, 0x03, 0x38, 0x8E, 0xC3, 0xCF, 0x71, 0x8E, 0xC3, 0xCF, 0x01, 0xC7, 0x71, 0x0E, 0x00, 0x16, 0x6E, 0xEC, 0x9C, 0x03, 0x8E, 0x73, 0x9C, 0xFF,
    0x1C, 0xDC, 0x39, 0xCE, 0x71, 0x8E, 0xC3, 0x07, 0x38, 0x8E, 0xE3, 0xCE, 0x71, 0x8E, 0xE3, 0xCE, 0x01, 0xC7, 0x71, 0x0E, 0x00, 0x16, 0x7C, 0x7C,
    0x9C, 0x03, 0x8E, 0x73, 0x9C, 0x03, 0x1C, 0xCE, 0x39, 0xCE, 0x71, 0x8E, 0x03, 0x0F, 0x38, 0x8E, 0x73, 0xCE, 0x71, 0x8E, 0x73, 0xCE, 0x01, 0xC7,
    0x71, 0x0E, 0x00, 0x16, 0x7C, 0x7C, 0x9C, 0x03, 0xDE, 0xF3, 0x9E, 0xE3, 0x1C, 0xCE, 0x39, 0xCE, 0x7B, 0x8E, 0x73, 0x0E, 0x38, 0x8E, 0x73, 0xCE,
    0x71, 0xCE, 0x73, 0xCE, 0x01, 0xC7, 0x7B, 0x0E, 0x00, 0x16, 0x3C, 0x78, 0x9C, 0x03, 0xFC, 0xF1, 0x0F, 0x7F, 0x1C, 0xFE, 0xF9, 0x8E, 0x3F, 0x8E,
    0xF3, 0x0F, 0x38, 0x8E, 0xF3, 0xCF, 0x71, 0xFE, 0xF3, 0xCF, 0x01, 0x87, 0x3F, 0x0E, 0x00, 0x16, 0x3C, 0x78, 0x9C, 0x03, 0xF8, 0x70, 0x07, 0x3E,
    0x1C, 0xBC, 0xF3, 0x0E, 0x1F, 0x8E, 0xE3, 0x07, 0x38, 0x8E, 0xE3, 0xDD, 0x71, 0xBC, 0xE3, 0xDD, 0x01, 0x07, 0x1F, 0x0E, 0x00, 0x1B, 0x70, 0x00,
    0x31, 0x70, 0x00, 0x31, 0x70, 0x00, 0x31, 0x70, 0x00, 0xFF, 0x00, 0xFF, 0x00, 0xBE, 0x70, 0x00, 0x01, 0xE0, 0x03, 0x00, 0x05, 0xE3, 0x00, 0x28,
    0x70, 0x00, 0x01, 0xF0, 0x03, 0x00, 0x04, 0x80, 0xE3, 0x00, 0x2A, 0x70, 0x00, 0x05, 0x80, 0x03, 0x00, 0x22, 0xEE, 0x79, 0xF0, 0xE1, 0xC6, 0x07,
    0x70, 0xEE, 0xF9, 0xF1, 0xE1, 0x76, 0xCF, 0x83, 0xCF, 0xEF, 0xF0, 0xE1, 0x1E, 0x00, 0x1F, 0xFE, 0xFF, 0xF8, 0xE3, 0xE7, 0x0F, 0x70, 0xFE, 0xFB,
    0xF9, 0xE3, 0xF7, 0xFF, 0xC7, 0xDF, 0xEF, 0xF8, 0xE3, 0x3F, 0x00, 0x1F, 0x9E, 0xE7, 0xBC, 0xE7, 0x71, 0x1C, 0x70, 0x9E, 0x73, 0xBC, 0xE7, 0xF1,
    0x3C, 0x67, 0x9C, 0xE3, 0xBC, 0xE7, 0x39, 0x00, 0x1F, 0x8E, 0xE3, 0x1C, 0xE7, 0x70, 0x1C, 0x70, 0x8E, 0x73, 0x1C, 0xE7, 0x70, 0x1C, 0x07, 0x9E,
    0xE3, 0x1C, 0xE7, 0x38, 0x00, 0x1F, 0x8E, 0xE3, 0x1C, 0xE7, 0xF0, 0x1F, 0x70, 0x8E, 0x73, 0x1C, 0xE7, 0x70, 0x1C, 0x87, 0x9F, 0xE3, 0x1C, 0xE7,
    0x38, 0x00, 0x1F, 0x8E, 0xE3, 0x1C, 0xE7, 0xF0, 0x1F, 0x70, 0x8E, 0x73, 0x1C, 0xE7, 0x70, 0x1C, 0xC7, 0x9D, 0xE3, 0x1C, 0xE7, 0x38, 0x00, 0x1F,
    0x8E, 0xE3, 0x1C, 0xE7, 0x70, 0x00, 0x01, 0x70, 0x8E, 0x73, 0x1C, 0xE7, 0x70, 0x1C, 0xE7, 0x9C, 0xE3, 0x1C, 0xE7, 0x38, 0x00, 0x1F, 0x8E, 0xE3,
    0xBC, 0xE7, 0x70, 0x1C, 0x70, 0x8E, 0x73, 0xBC, 0xE7, 0x70, 0x1C, 0xE7, 0x9C, 0xE3, 0xBC, 0xE7, 0x38, 0x07, 0x00, 0x1E, 0x8E, 0xE3, 0xF8, 0xE3,
    0xE0, 0x0F, 0x70, 0x8E, 0x73, 0xF8, 0xE3, 0x70, 0x1C, 0xE7, 0x9F, 0xEF, 0xF8, 0xE3, 0x38, 0x07, 0x00, 0x1E, 0x8E, 0xE3, 0xF0, 0xE1, 0xC0, 0x07,
    0x70, 0x8E, 0x73, 0xF0, 0xE1, 0x70, 0x1C, 0xC7, 0x3B, 0xEF, 0xF0, 0xE1, 0x38, 0x07, 0x00, 0xFF, 0x00, 0xFF, 0x00, 0xFF, 0x00, 0xFF, 0x00, 0xFF,
    0x00, 0xFF, 0x00, 0xFF, 0x00, 0xFF, 0x00, 0xFF, 0x00, 0x1D, 0x00,
};
}

namespace HEADER_RetryImage_uke
{
const unsigned char g_ImageData[0x3CC] = {
    0x00, 0xFF, 0x00, 0xFF, 0x00, 0xFF, 0x00, 0xFF, 0x00, 0xFF, 0x00, 0xFF, 0x00, 0xFF, 0x00, 0xFF, 0x00, 0xFF, 0x00, 0xFF, 0x00, 0xFF, 0x00, 0xFF,
    0x00, 0xFF, 0x00, 0xFF, 0x00, 0xEA, 0xE0, 0x1F, 0x0E, 0x00, 0x05, 0xE0, 0x00, 0x05, 0x0C, 0x60, 0x1C, 0x00, 0x21, 0xE0, 0x3F, 0x0E, 0x00, 0x05,
    0xE0, 0x00, 0x05, 0x0E, 0x70, 0x1C, 0x00, 0x21, 0xE0, 0x7F, 0x0E, 0x00, 0x0B, 0x0E, 0x70, 0x1C, 0x00, 0x21, 0xE0, 0x70, 0x0E, 0x1F, 0xF8, 0xF0,
    0x83, 0x0F, 0xE0, 0xDC, 0xC3, 0x0F, 0x3E, 0xDC, 0x3F, 0xF8, 0xDD, 0x83, 0x0F, 0x00, 0x1F, 0xE0, 0x70, 0x8E, 0x3F, 0xFC, 0xF9, 0xC7, 0x1F, 0xE0,
    0xFC, 0xE7, 0x1F, 0x7F, 0xFC, 0x3F, 0xF8, 0xFD, 0xC7, 0x1F, 0x00, 0x1F, 0xE0, 0x7F, 0xCE, 0x71, 0xC6, 0x39, 0xE7, 0x38, 0xE0, 0x3C, 0xE7, 0x9C,
    0xE3, 0x3C, 0x0E, 0x70, 0x3C, 0xE7, 0x38, 0x00, 0x1F, 0xE0, 0x3F, 0xCE, 0x71, 0xE0, 0x79, 0xE0, 0x38, 0xE0, 0x1C, 0xE7, 0x81, 0xE3, 0x1C, 0x0E,
    0x70, 0x1C, 0xE7, 0x38, 0x00, 0x1F, 0xE0, 0x1F, 0xCE, 0x7F, 0xF8, 0xF1, 0xE1, 0x3F, 0xE0, 0x1C, 0xC7, 0x87, 0xFF, 0x1C, 0x0E, 0x70, 0x1C, 0xE7,
    0x3F, 0x00, 0x1F, 0xE0, 0x00, 0x01, 0xCE, 0x7F, 0xDC, 0xE1, 0xE3, 0x3F, 0xE0, 0x1C, 0x87, 0x8F, 0xFF, 0x1C, 0x0E, 0x70, 0x1C, 0xE7, 0x3F, 0x00,
    0x1F, 0xE0, 0x00, 0x01, 0xCE, 0x01, 0xCE, 0x81, 0xE7, 0x00, 0x01, 0xE0, 0x1C, 0x07, 0x9E, 0x03, 0x1C, 0x0E, 0x70, 0x1C, 0xE7, 0x00, 0x20, 0xE0,
    0x00, 0x01, 0xCE, 0x71, 0xCE, 0x39, 0xE7, 0x38, 0xE0, 0x1C, 0xE7, 0x9C, 0xE3, 0x1C, 0x0E, 0x70, 0x1C, 0xE7, 0x38, 0x00, 0x1F, 0xE0, 0x00, 0x01,
    0x8E, 0x3F, 0xFE, 0xF9, 0xC7, 0x1F, 0xE0, 0x1C, 0xE7, 0x1F, 0x7F, 0x1C, 0x3E, 0xF0, 0x1D, 0xC7, 0x1F, 0x00, 0x1F, 0xE0, 0x00, 0x01, 0x0E, 0x1F,
    0xBC, 0xF3, 0x83, 0x0F, 0xE0, 0x1C, 0xC7, 0x0F, 0x3E, 0x1C, 0x3C, 0xE0, 0x1D, 0x87, 0x0F, 0x00, 0xFF, 0x00, 0xFF, 0x00, 0xFF, 0x00, 0x74, 0xE0,
    0xC1, 0x03, 0x00, 0x01, 0xE0, 0x00, 0x02, 0xF0, 0x83, 0x01, 0x38, 0x07, 0x00, 0x04, 0x80, 0x07, 0x07, 0x00, 0x06, 0x07, 0xFC, 0x07, 0x00, 0x02,
    0x30, 0x0E, 0x00, 0x01, 0xC0, 0x39, 0x00, 0x0F, 0xE0, 0xC1, 0x03, 0x00, 0x01, 0xE0, 0x00, 0x02, 0xF8, 0xC7, 0x01, 0x38, 0x07, 0x00, 0x04, 0xE0,
    0x1F, 0x07, 0x00, 0x06, 0x07, 0xFC, 0x07, 0x00, 0x02, 0x38, 0x0E, 0x00, 0x01, 0xC0, 0x39, 0x00, 0x0F, 0xE0, 0xE3, 0x03, 0x00, 0x04, 0xFC, 0xCF,
    0x01, 0x00, 0x01, 0x07, 0x00, 0x04, 0xF0, 0x1F, 0x07, 0x00, 0x06, 0x07, 0xFC, 0x07, 0x00, 0x02, 0x38, 0x0E, 0x00, 0x01, 0xC0, 0x39, 0x00, 0x0F,
    0xE0, 0xE3, 0xC3, 0xC7, 0xED, 0xF0, 0x01, 0x1C, 0xEE, 0x77, 0x3B, 0xC7, 0xF1, 0xE1, 0xE6, 0x07, 0x70, 0x3C, 0xF7, 0xE0, 0xE3, 0xC6, 0x1D, 0x3E,
    0x70, 0x07, 0x1C, 0x80, 0x0F, 0x7C, 0xFC, 0xEE, 0xC0, 0xC7, 0x39, 0x00, 0x0F, 0xE0, 0xE3, 0xE3, 0xCF, 0xEF, 0xF8, 0x03, 0x1C, 0xE0, 0xF7, 0x3B,
    0xE7, 0xF8, 0xE3, 0xF7, 0x0F, 0x38, 0x18, 0xFF, 0xF1, 0xE7, 0xE7, 0x1F, 0x7F, 0xF8, 0x07, 0x1C, 0xC0, 0x1F, 0xFE, 0xFC, 0xFE, 0xE1, 0xCF, 0x39,
    0x00, 0x0F, 0xE0, 0xB6, 0x33, 0xCE, 0xE3, 0xBC, 0x07, 0xFC, 0xC1, 0xF1, 0x38, 0x77, 0x1C, 0xE7, 0x71, 0x0E, 0x38, 0x00, 0x01, 0xCF, 0x19, 0xE7,
    0xF1, 0x9E, 0xE3, 0xBC, 0x07, 0xFC, 0xE3, 0x3D, 0xEF, 0x39, 0xDE, 0x33, 0xCE, 0x39, 0x00, 0x0F, 0xE0, 0xB6, 0x03, 0xCF, 0xE1, 0x1C, 0x07, 0xF8,
    0xC7, 0x71, 0x38, 0x3F, 0x1C, 0xE7, 0xF0, 0x00, 0x01, 0x38, 0x00, 0x01, 0xC7, 0x81, 0xE7, 0x70, 0x9C, 0xE3, 0x1C, 0x07, 0xFC, 0xE3, 0x38, 0xC7,
    0x39, 0x8E, 0x03, 0xCF, 0x39, 0x00, 0x0F, 0xE0, 0xB6, 0xC3, 0xCF, 0xE1, 0x1C, 0x07, 0xE0, 0xCF, 0x71, 0x38, 0x3F, 0xFC, 0xE7, 0xE0, 0x03, 0x38,
    0x00, 0x01, 0xC7, 0xE1, 0xE7, 0x70, 0x9C, 0xFF, 0x1C, 0x07, 0xFC, 0xE3, 0x38, 0xC7, 0x39, 0x8E, 0xC3, 0xCF, 0x39, 0x00, 0x0F, 0xE0, 0xB6, 0xE3,
    0xCE, 0xE1, 0x1C, 0x07, 0x00, 0x01, 0xCE, 0x71, 0x38, 0x7F, 0xFC, 0xE7, 0xC0, 0x07, 0x38, 0x18, 0xC7, 0x71, 0xE7, 0x70, 0x9C, 0xFF, 0x1C, 0x07,
    0x1C, 0xE0, 0x38, 0xC7, 0x39, 0x8E, 0xE3, 0xCE, 0x39, 0x00, 0x0F, 0xE0, 0x9C, 0x73, 0xCE, 0xE1, 0x1C, 0x07, 0x1C, 0xCE, 0x71, 0x38, 0x77, 0x1C,
    0xE0, 0x00, 0x01, 0x0F, 0x70, 0x3C, 0xC7, 0x39, 0xE7, 0x70, 0x9C, 0x03, 0x1C, 0x07, 0x1C, 0xE0, 0x38, 0xC7, 0x39, 0x8E, 0x73, 0xCE, 0x39, 0x00,
    0x0F, 0xE0, 0x9C, 0x73, 0xCE, 0xE1, 0xBC, 0x07, 0xFC, 0xCF, 0x71, 0x38, 0xE7, 0x1C, 0xE7, 0x70, 0x0E, 0xF0, 0x1F, 0xC7, 0x39, 0xE7, 0xF0, 0x9E,
    0xE3, 0xBC, 0x07, 0x1C, 0xE0, 0x3D, 0xEF, 0x39, 0xDE, 0x73, 0xCE, 0x39, 0x00, 0x0F, 0xE0, 0x9C, 0xF3, 0xCF, 0xE1, 0xF8, 0x03, 0xF8, 0xC7, 0x77,
    0x38, 0xE7, 0xF8, 0xE3, 0xF0, 0x0F, 0xE0, 0x1F, 0xC7, 0xF9, 0xE7, 0xE0, 0x1F, 0x7F, 0xF8, 0x07, 0x1C, 0xC0, 0x1F, 0xFE, 0xF8, 0xFE, 0xF1, 0xCF,
    0x39, 0x00, 0x0F, 0xE0, 0x88, 0xE3, 0xDD, 0xE1, 0xF0, 0x01, 0xF0, 0x83, 0x77, 0x38, 0xC7, 0xF1, 0xE1, 0xE0, 0x07, 0x80, 0x07, 0xC7, 0xF1, 0xEE,
    0xC0, 0x1D, 0x3E, 0x70, 0x07, 0x1C, 0x80, 0x0F, 0x7C, 0xF0, 0xEE, 0xE0, 0xDD, 0x39, 0x00, 0x25, 0x1C, 0x00, 0x30, 0x70, 0x1C, 0x00, 0x30, 0xF0,
    0x0F, 0x00, 0x30, 0xE0, 0x07, 0x00, 0xFF, 0x00, 0xFF, 0x00, 0xA8, 0x3E, 0x00, 0x05, 0xC0, 0x3F, 0x38, 0x00, 0x28, 0x80, 0xFF, 0x00, 0x05, 0xC0,
    0xFF, 0x38, 0x00, 0x28, 0xC0, 0xFF, 0x00, 0x05, 0xC0, 0xFF, 0x00, 0x29, 0xC0, 0xE1, 0xE1, 0xE3, 0x9E, 0x07, 0x1F, 0xC0, 0xE1, 0x39, 0x7E, 0xF0,
    0x00, 0x26, 0xE0, 0xC0, 0xF0, 0xE7, 0xFF, 0x8F, 0x3F, 0xC0, 0xC1, 0x39, 0xFF, 0xF8, 0x01, 0x00, 0x25, 0xE0, 0x00, 0x01, 0x18, 0xE7, 0x79, 0xCE,
    0x71, 0xC0, 0xC1, 0x39, 0xE7, 0xBC, 0x03, 0x00, 0x25, 0xE0, 0xF8, 0x81, 0xE7, 0x38, 0xCE, 0x71, 0xC0, 0xC1, 0x39, 0x0F, 0x1C, 0x01, 0x00, 0x25,
    0xE0, 0xF8, 0xE1, 0xE7, 0x38, 0xCE, 0x7F, 0xC0, 0xC1, 0x39, 0x3E, 0x1C, 0x00, 0x26, 0xE0, 0xF8, 0x71, 0xE7, 0x38, 0xCE, 0x7F, 0xC0, 0xC1, 0x39,
    0x7C, 0x1C, 0x00, 0x26, 0xC0, 0xC1, 0x39, 0xE7, 0x38, 0xCE, 0x01, 0xC0, 0xE1, 0x39, 0xF0, 0x1C, 0x01, 0x00, 0x25, 0xC0, 0xFF, 0x39, 0xE7, 0x38,
    0xCE, 0x71, 0xC0, 0xFF, 0x38, 0xE7, 0xBC, 0x73, 0x00, 0x25, 0x80, 0xFF, 0xF8, 0xE7, 0x38, 0x8E, 0x3F, 0xC0, 0xFF, 0x38, 0xFF, 0xF8, 0x71, 0x00,
    0x26, 0x3E, 0xF0, 0xEE, 0x38, 0x0E, 0x1F, 0xC0, 0x3F, 0x38, 0x7E, 0xF0, 0x70, 0x00, 0xFF, 0x00, 0xFF, 0x00, 0xFF, 0x00, 0xFF, 0x00, 0xFF, 0x00,
    0xFF, 0x00, 0xFF, 0x00, 0xFF, 0x00, 0xFF, 0x00, 0xFF, 0x00, 0x20, 0x00,
};
}

namespace HEADER_Loading_uke
{
const unsigned char g_ImageData[0xB1] = {
    0x00, 0x92, 0x70, 0x00, 0x01, 0x78, 0x00, 0x01, 0x1F, 0xFC, 0x83, 0x73, 0x70, 0xE0, 0x03, 0x00, 0x05, 0x70, 0x00, 0x01, 0xFE, 0x01, 0x1F, 0xFC,
    0x8F, 0xF3, 0x70, 0xF8, 0x0F, 0x00, 0x05, 0x70, 0x00, 0x01, 0xFF, 0x03, 0x1F, 0xFC, 0x8F, 0xF3, 0x71, 0xFC, 0x0F, 0x00, 0x05, 0x70, 0x00, 0x01,
    0x87, 0x83, 0x3B, 0x1C, 0x9E, 0xF3, 0x71, 0x1C, 0x1E, 0x00, 0x05, 0x70, 0x80, 0x03, 0x87, 0x3B, 0x1C, 0x9C, 0xF3, 0x73, 0x0E, 0x0C, 0x00, 0x05,
    0x70, 0x80, 0x03, 0x87, 0x3B, 0x1C, 0x9C, 0x73, 0x73, 0x0E, 0x00, 0x06, 0x70, 0x80, 0x03, 0xC7, 0x71, 0x1C, 0x9C, 0x73, 0x77, 0x8E, 0x1F, 0x00,
    0x05, 0x70, 0x80, 0x03, 0xC7, 0x7F, 0x1C, 0x9C, 0x73, 0x76, 0x8E, 0x1F, 0x00, 0x05, 0x70, 0x80, 0x03, 0xC7, 0x7F, 0x1C, 0x9C, 0x73, 0x7E, 0x8E,
    0x1F, 0x00, 0x05, 0x70, 0x00, 0x01, 0x87, 0xE3, 0xFF, 0x1C, 0x9E, 0x73, 0x7C, 0x1C, 0x1C, 0x00, 0x05, 0xF0, 0x1F, 0xFF, 0xE3, 0xE0, 0xFC, 0x8F,
    0x73, 0x7C, 0xFC, 0x1F, 0x00, 0x05, 0xF0, 0x1F, 0xFE, 0xE1, 0xE0, 0xFC, 0x8F, 0x73, 0x78, 0xF8, 0x0F, 0x00, 0x05, 0xF0, 0x1F, 0x78, 0x70, 0xC0,
    0xFD, 0x83, 0x73, 0x70, 0xE0, 0x03, 0x00, 0xA2, 0x00,
};
}

static const LoadingTextEntry LID_DATA[7][5] = {
    {
        { 400, 200, sizeof(HEADER_FatalErrorImage_eng::g_ImageData), HEADER_FatalErrorImage_eng::g_ImageData },
        { 400, 200, sizeof(HEADER_NoDiskImage_eng::g_ImageData), HEADER_NoDiskImage_eng::g_ImageData },
        { 400, 200, sizeof(HEADER_WrongDiskImage_eng::g_ImageData), HEADER_WrongDiskImage_eng::g_ImageData },
        { 400, 200, sizeof(HEADER_RetryImage_eng::g_ImageData), HEADER_RetryImage_eng::g_ImageData },
        { 128, 32, sizeof(HEADER_Loading_eng::g_ImageData), HEADER_Loading_eng::g_ImageData },
    },
    {
        { 400, 200, sizeof(HEADER_FatalErrorImage_fre::g_ImageData), HEADER_FatalErrorImage_fre::g_ImageData },
        { 400, 200, sizeof(HEADER_NoDiskImage_fre::g_ImageData), HEADER_NoDiskImage_fre::g_ImageData },
        { 400, 200, sizeof(HEADER_WrongDiskImage_fre::g_ImageData), HEADER_WrongDiskImage_fre::g_ImageData },
        { 400, 200, sizeof(HEADER_RetryImage_fre::g_ImageData), HEADER_RetryImage_fre::g_ImageData },
        { 280, 32, sizeof(HEADER_Loading_fre::g_ImageData), HEADER_Loading_fre::g_ImageData },
    },
    {
        { 400, 200, sizeof(HEADER_FatalErrorImage_deu::g_ImageData), HEADER_FatalErrorImage_deu::g_ImageData },
        { 400, 200, sizeof(HEADER_NoDiskImage_deu::g_ImageData), HEADER_NoDiskImage_deu::g_ImageData },
        { 400, 200, sizeof(HEADER_WrongDiskImage_deu::g_ImageData), HEADER_WrongDiskImage_deu::g_ImageData },
        { 400, 200, sizeof(HEADER_RetryImage_deu::g_ImageData), HEADER_RetryImage_deu::g_ImageData },
        { 288, 32, sizeof(HEADER_Loading_deu::g_ImageData), HEADER_Loading_deu::g_ImageData },
    },
    {
        { 400, 200, sizeof(HEADER_FatalErrorImage_spa::g_ImageData), HEADER_FatalErrorImage_spa::g_ImageData },
        { 400, 200, sizeof(HEADER_NoDiskImage_spa::g_ImageData), HEADER_NoDiskImage_spa::g_ImageData },
        { 400, 200, sizeof(HEADER_WrongDiskImage_spa::g_ImageData), HEADER_WrongDiskImage_spa::g_ImageData },
        { 400, 200, sizeof(HEADER_RetryImage_spa::g_ImageData), HEADER_RetryImage_spa::g_ImageData },
        { 128, 32, sizeof(HEADER_Loading_spa::g_ImageData), HEADER_Loading_spa::g_ImageData },
    },
    {
        { 400, 200, sizeof(HEADER_FatalErrorImage_ita::g_ImageData), HEADER_FatalErrorImage_ita::g_ImageData },
        { 400, 200, sizeof(HEADER_NoDiskImage_ita::g_ImageData), HEADER_NoDiskImage_ita::g_ImageData },
        { 400, 200, sizeof(HEADER_WrongDiskImage_ita::g_ImageData), HEADER_WrongDiskImage_ita::g_ImageData },
        { 400, 200, sizeof(HEADER_RetryImage_ita::g_ImageData), HEADER_RetryImage_ita::g_ImageData },
        { 288, 32, sizeof(HEADER_Loading_ita::g_ImageData), HEADER_Loading_ita::g_ImageData },
    },
    {
        { 400, 200, sizeof(HEADER_FatalErrorImage_jpn::g_ImageData), HEADER_FatalErrorImage_jpn::g_ImageData },
        { 400, 200, sizeof(HEADER_NoDiskImage_jpn::g_ImageData), HEADER_NoDiskImage_jpn::g_ImageData },
        { 400, 200, sizeof(HEADER_WrongDiskImage_jpn::g_ImageData), HEADER_WrongDiskImage_jpn::g_ImageData },
        { 400, 200, sizeof(HEADER_RetryImage_jpn::g_ImageData), HEADER_RetryImage_jpn::g_ImageData },
        { 256, 48, sizeof(HEADER_Loading_jpn::g_ImageData), HEADER_Loading_jpn::g_ImageData },
    },
    {
        { 400, 200, sizeof(HEADER_FatalErrorImage_uke::g_ImageData), HEADER_FatalErrorImage_uke::g_ImageData },
        { 400, 200, sizeof(HEADER_NoDiskImage_uke::g_ImageData), HEADER_NoDiskImage_uke::g_ImageData },
        { 400, 200, sizeof(HEADER_WrongDiskImage_uke::g_ImageData), HEADER_WrongDiskImage_uke::g_ImageData },
        { 400, 200, sizeof(HEADER_RetryImage_uke::g_ImageData), HEADER_RetryImage_uke::g_ImageData },
        { 128, 32, sizeof(HEADER_Loading_uke::g_ImageData), HEADER_Loading_uke::g_ImageData },
    },
};

static int lastImageWidth;
static int lastImageHeight;
static int lastImageSize;
static const unsigned char* lastImageData;
static int OpenCloseRefCount;
static bool ResetWasPaused;
static bool lbl_806E17ED;
static bool CanGetResetPauseState = true;

extern void* lbl_806E1E28;
extern void* lbl_806E201C;
extern UnidentifiedNetworkSession* lbl_806E10EC;

extern "C"
{
    u8 SCGetLanguage();
    void GXDrawDone();
    void GXFlush();
    void GXCopyDisp(void*, unsigned char);
    void GXPokeColorUpdate(unsigned char);
    void GXPokeBlendMode(int, int, int, int);
    void GXPokeARGB(unsigned short, unsigned short, unsigned long);
    void VIWaitForRetrace();
    void VISetBlack(unsigned char);
    void VIFlush();
    void VISetNextFrameBuffer(void*);
    void fn_800EC868();
    void fn_800ECB50();
    cGlobalPad* fn_802C082C(void* manager, int index);
    void fn_8013A0A8(cGlobalPad* pad);
}

static int fn_801BF4EC()
{
    int lang;

    switch (GetRegion())
    {
    case 0:
        switch ((u8)SCGetLanguage())
        {
        case 3:
            lang = 1;
            break;
        case 4:
            lang = 3;
            break;
        default:
            lang = 0;
            break;
        }
        break;
    case 1:
        switch ((u8)SCGetLanguage())
        {
        case 2:
            lang = 2;
            break;
        case 3:
            lang = 1;
            break;
        case 4:
            lang = 3;
            break;
        case 5:
            lang = 4;
            break;
        default:
            lang = 6;
            break;
        }
        break;
    case 2:
        lang = 5;
        break;
    default:
        lang = g_Language;
        break;
    }

    if (lang > 6)
    {
        lang = 0;
    }
    return lang;
}

static void UncompressLidMessage(const unsigned char* compressed, int compressedSize, unsigned char* uncompressed, int)
{
    int index = 0;
    int i = 0;

    while (i < (compressedSize - 1))
    {
        if (compressed[i] == 0)
        {
            int k = 0;
            while (k < compressed[i + 1])
            {
                uncompressed[index] = 0;
                index++;
                k++;
            }
            i++;
        }
        else
        {
            uncompressed[index] = compressed[i];
            index++;
        }
        i++;
    }

    uncompressed[index] = compressed[compressedSize - 1];
}

static void DisplayMessage(int imagewidth, int imageheight, const unsigned char* datastart, int datasize, unsigned long color, bool centered)
{
    unsigned int centeredFlag;
    unsigned char* expanded;
    int yStart;
    int yCenter;
    int yBottom;
    int xEnd;
    int rowBytes;
    unsigned char* row;
    void* fb;
    int pass;
    int expandedSize;
    int xStart;
    int yEnd;
    int y;
    int x;
    int i;
    int j;

    GXDrawDone();
    VIWaitForRetrace();
    VISetBlack(1);
    VIFlush();
    VIWaitForRetrace();
    VIWaitForRetrace();

    lastImageWidth = imagewidth;
    lastImageHeight = imageheight;
    lastImageData = datastart;
    lastImageSize = datasize;

    expandedSize = (imagewidth * imageheight) / 8;
    expanded = (unsigned char*)nlMalloc((unsigned long)expandedSize, 0x20, 1);
    UncompressLidMessage(datastart, datasize, expanded, expandedSize);

    GXPokeColorUpdate(1);
    GXPokeBlendMode(0, 1, 0, 0xF);

    xStart = (0x280 - imagewidth) / 2;
    centeredFlag = (centered == 0);
    pass = 0;
    yCenter = (0x1C0 - imageheight) / 2;
    xEnd = xStart + imagewidth;
    yBottom = 0x1A0 - imageheight;
    rowBytes = imagewidth / 8;

    while (pass < 4)
    {
        if ((pass == 0) || (pass == 2))
        {
            fb = glxGetDisplayedBuffer();
        }
        else
        {
            fb = glxGetBackBuffer();
        }

        glx_ClearXFB(fb);

        yStart = yBottom;
        if (centeredFlag != 0)
        {
            yStart = yCenter;
        }

        yEnd = yStart + imageheight;
        i = 0;
        while (i < 0x1C0)
        {
            j = 0;
            while (j < 0x280)
            {
                GXPokeARGB((unsigned short)j, (unsigned short)i, 0);
                j++;
            }
            i++;
        }

        y = yStart;
        while (y < yEnd)
        {
            x = xStart;
            int rowOffset = rowBytes * (y - yStart);
            row = expanded + rowOffset;

            while (x < xEnd)
            {
                int pixel = x - xStart;
                if ((row[pixel / 8] & (1 << (pixel % 8))) != 0)
                {
                    GXPokeARGB((unsigned short)x, (unsigned short)y, color);
                }
                x++;
            }
            y++;
        }

        GXCopyDisp(fb, 1);
        GXDrawDone();
        GXFlush();
        pass++;
    }

    GXPokeColorUpdate(0);
    delete[] expanded;

    VIWaitForRetrace();
    VIWaitForRetrace();
    VISetBlack(0);
    VISetNextFrameBuffer(fb);
    VIFlush();
    VIWaitForRetrace();
}

void DisplayDVDMessageSebring(int arg)
{
    if (CanGetResetPauseState)
    {
        ResetWasPaused = ResetTask::s_resetPaused;
        CanGetResetPauseState = false;
    }

    if (ResetTask::s_ResetState != RS_STARTRESET && lbl_806E201C != 0)
    {
        if (arg == 4 || arg == -1 || arg == 11 || arg == 6)
        {
            if (!lbl_806E17ED)
            {
                fn_800EC868();
            }
            lbl_806E17ED = true;
        }

        if (arg == 1)
        {
            int lang = fn_801BF4EC();
            DisplayMessage(LID_DATA[lang][4].x, LID_DATA[lang][4].y, LID_DATA[lang][4].text, LID_DATA[lang][4].param, (unsigned long)-1, false);
            return;
        }
    }

    ResetTask::s_resetPaused = false;
    OpenCloseRefCount++;

    int lang = fn_801BF4EC();
    switch (arg + 1)
    {
    case 5:
        DisplayMessage(LID_DATA[lang][0].x, LID_DATA[lang][0].y, LID_DATA[lang][0].text, LID_DATA[lang][0].param, (unsigned long)-1, false);
        break;
    case 0:
        DisplayMessage(LID_DATA[lang][1].x, LID_DATA[lang][1].y, LID_DATA[lang][1].text, LID_DATA[lang][1].param, (unsigned long)-1, false);
        break;
    case 12:
        DisplayMessage(LID_DATA[lang][2].x, LID_DATA[lang][2].y, LID_DATA[lang][2].text, LID_DATA[lang][2].param, (unsigned long)-1, false);
        break;
    case 7:
        DisplayMessage(LID_DATA[lang][3].x, LID_DATA[lang][3].y, LID_DATA[lang][3].text, LID_DATA[lang][3].param, (unsigned long)-1, false);
        break;
    }

    for (int i = 0; i < 4; i++)
    {
        cGlobalPad* pad = fn_802C082C(lbl_806E1E28, i);
        if (pad != 0)
        {
            fn_8013A0A8(pad);
        }
    }

    if (lbl_806E10EC != 0)
    {
        lbl_806E10EC->fn_801241C8();
    }
    ResetTask::s_checkCardRemoved = true;
}

void DVDAllClearSebring(int nStatus)
{
    DisplayMessage(lastImageWidth, lastImageHeight, lastImageData, lastImageSize, 0, false);

    while (nlAsyncReadsPending(0))
    {
        nlServiceFileSystem();
    }

    OpenCloseRefCount--;
    ResetTask::s_resetPaused = ResetWasPaused;
    CanGetResetPauseState = true;
    ResetTask::s_checkCardRemoved = false;
    fn_800ECB50();
    lbl_806E17ED = false;
}

void DisplayLoadingMessageFast()
{
    int lang = fn_801BF4EC();
    DisplayMessage(LID_DATA[lang][4].x, LID_DATA[lang][4].y, LID_DATA[lang][4].text, LID_DATA[lang][4].param, (unsigned long)-1, false);
}
